Job Number,Job Title,Job Location,Matched Programs,Prime Contractors,Program Locations,Target Titles (Bullhorn),Match Score
3012968,Software Developer Advisor,"Bossier City, LA",DTRA IAC-MAC Research & Analysis; NARSIL – Advanced Research for System Intelligence & Learning,Peraton; CACI,"HERNDON, VIRGINIA; RESTON, VIRGINIA","Engineering Manager, Technical Lead, Program Manager, Hiring Manager",4
3013041,Information Systems Security Officer,"Tyndall Air Force Base, FL",AFCENT SCORPION Cyber Task (ISSO/ISSM Support); DIA Information Systems Engineering Office; Intelligence Systems Enterprise Operations,Leidos; CACI,"FREDERICK, MARYLAND; COLORADO SPRINGS, COLORADO","Hiring Manager, Program Manager, Team Lead, Recruiter",6
3013125,Security Control Assessor,"Arlington, VA",Army IT Enterprise Mgmt Systems Solution; CISA Enterprise Support (CACI); DIA Battlefield Information Networks / BICES-X,CACI,"ARLINGTON, VIRGINIA","Hiring Manager, Program Manager, Team Lead, Recruiter",12
3014010,EVMS Lead Program Control Consultant,"Herndon, VA",Air Force Advanced Battle Management System; NASA SENSE (Space Comms & Tracking); NGA Enterprise Engineering,"Peraton; Multiple: SAIC, Leidos, Booz Allen Hamilton; Peraton (Perspecta heritage)","HERNDON, VIRGINIA","Director, VP, Senior Manager, Program Director",10
3014247,Project Management Consultant-Level 3 - Senior (11 - 15 Years),"Juno Beach, FL","SITEC III – Enterprise Operations & Maintenance; Command and Control, Battle Management & Communications (MDA); Command and Control, Battle Management, Communications",Peraton; Lockheed Martin; Northrop Grumman,"TAMPA, FLORIDA; CHANDLER, ARIZONA","Hiring Manager, Program Manager, Team Lead, Recruiter",5
3013295,.NET Developer - Placement,"Washington, VA",Integrated Base Defense Security System; Justified SAP Security Contract (Hanscom/Bolling); Mission Partner Environment (Field Ops / MPCO),Booz Allen Hamilton; GDIT; Leidos,"WASHINGTON, DISTRICT OF COLUMBIA; SPRINGFIELD, VIRGINIA; RESTON, VIRGINIA","Engineering Manager, Technical Lead, Program Manager, Hiring Manager",7
3015483,Sr Business Systems Analyst (PPBE),"Washington, VA",HHS Advanced Secure Data Repository; Justified SAP Security Contract (Hanscom/Bolling); Mission Partner Environment (Field Ops / MPCO),Booz Allen Hamilton; GDIT; GDIT / SAIC (indicative),"WASHINGTON, DISTRICT OF COLUMBIA; SPRINGFIELD, VIRGINIA","Analytics Manager, Program Manager, Team Lead, Hiring Manager",7
3014403,Ops Tech II,"St. Louis, MO","NGEN-R SMIT – Navy Next Generation Enterprise Network (Service Management, Integration & Transport); Business Operations & Analytics; DIA Battlefield Information Networks / BICES-X",Northrop Grumman; CACI; Leidos,"ROY, UTAH; ARLINGTON, VIRGINIA; MORGANTOWN, WEST VIRGINIA","Hiring Manager, Program Manager, Team Lead, Recruiter",6
3015532,Sr Systems Administrator,"Reston, VA",Integrated Base Defense Security System; DTRA Integrated IT Support Services; DTRA Integrated IT Support Services,Leidos,"RESTON, VIRGINIA","Hiring Manager, Program Manager, Team Lead, Recruiter",12
3016673,Communications Network Engineer Mid (Norfolk),"Norfolk, VA",Integrated Base Defense Security System; Army Integrated Battle Command System Support; Army IT Enterprise Mgmt Systems Solution,Northrop Grumman (prime); CACI (support); CACI; Leidos,"CHANTILLY, VIRGINIA; ARLINGTON, VIRGINIA; RESTON, VIRGINIA","Engineering Manager, Technical Lead, Program Manager, Hiring Manager",9
3016779,Network Security Engineer,"Arlington, VA",Data Center & Cloud Optimization; DIA SITE III IDIQ; Army IT Enterprise Mgmt Systems Solution,"Peraton / Leidos (indicative); Leidos, CACI, others; CACI","MC LEAN, VIRGINIA; ARLINGTON, VIRGINIA","Engineering Manager, Technical Lead, Program Manager, Hiring Manager",11
3017458,Siemens OpsCenter Solutions Architect,"Norfolk, VA",Integrated Base Defense Security System; Air Force Advanced Battle Management System; Army Integrated Battle Command System Support,"Northrop Grumman (prime); CACI (support); Multiple: SAIC, Leidos, Booz Allen Hamilton; Leidos","HERNDON, VIRGINIA; CHANTILLY, VIRGINIA; RESTON, VIRGINIA","Chief Architect, Technical Director, Engineering VP, CTO",9
3017552,Network Switching Design Engineer Sr-Camp Lejeune,"Jacksonville, NC","Integrated Base Defense Security System; DIA Information Systems Engineering Office; EDIS – Engineering, Development, Integration & Sustainment",SAIC; Leidos,"FREDERICK, MARYLAND; COLORADO SPRINGS, COLORADO; RESTON, VIRGINIA","Engineering Manager, Technical Lead, Program Manager, Hiring Manager",8
3018016,Microsoft Systems Engineer,"North Charleston, SC",Defense Enterprise Office Solutions; Intelligence Systems Enterprise Operations; Advanced Battle Management System,Multi (SAIC supports parts); Leidos; CSRA / Leidos (team),"FREDERICK, MARYLAND; COLORADO SPRINGS, COLORADO","Engineering Manager, Technical Lead, Program Manager, Hiring Manager",6
3018220,Cyber Security Watch Officer LCAT 1 Weekday Night (Monday - Thursday 9pm - 7am),"Fort George G Meade, MD",Peraton ARCYBER Information Advantage Enterprise; Intelligence Systems Enterprise Operations; ARCYBER Information Advantage / Mission Support (general),Peraton; Peraton / others (Peraton lead on ARCYBER Information Advantage Enterprise line; additional primes on related work); Leidos,"FREDERICK, MARYLAND; FORT GEORGE G MEADE, MARYLAND","Hiring Manager, Program Manager, Team Lead, Recruiter",12
3018245,Software Developer,"North Charleston, SC",DIA Information Systems Engineering Office; SOCOM Digital Applications Data Science Support; Advanced Battle Management System,Multi (SAIC supports parts); Iron Eagle X (now GDIT); Leidos,"FREDERICK, MARYLAND; SPRINGFIELD, VIRGINIA; COLORADO SPRINGS, COLORADO","Engineering Manager, Technical Lead, Program Manager, Hiring Manager",6
3018477,Tier 1 Network Monitor,"Hampton, VA",Distributed Common Ground System (AF); Air Force Advanced Battle Management System; Battlefield Information Collection & Exploitation System,"BAE; multiple; Multiple: SAIC, Leidos, Booz Allen Hamilton; GDIT","HERNDON, VIRGINIA; SPRINGFIELD, VIRGINIA; ROCKVILLE, MARYLAND","Hiring Manager, Program Manager, Team Lead, Recruiter",12
3018277,Software Developer,"North Charleston, SC",GRASP (Raytheon/Peraton); DIA Information Systems Engineering Office; Battlefield Information Collection & Exploitation System,Peraton; GDIT; Leidos,"FREDERICK, MARYLAND; HERNDON, VIRGINIA; SPRINGFIELD, VIRGINIA","Engineering Manager, Technical Lead, Program Manager, Hiring Manager",12
3018535,Structural Mechanical/Professional Engineer,"Orlando, FL",GPS Next-Gen Operational Control System; Kennedy Space Center BOSS; NAVAIR Flight Operations Support,Raytheon Intelligence & Space; Jacobs / Amentum (past); Vertex Aerospace,"AURORA, COLORADO; ORLANDO, FLORIDA","Engineering Manager, Technical Lead, Program Manager, Hiring Manager",8
3018571,Senior Cyber Security Specialist,"Fort Belvoir, VA",Army IT Enterprise Mgmt Systems Solution; Army Backbone Infrastructure Modernization – Task Order 2; Army Backbone Infrastructure Modernization – Task Order 3,CACI,"ARLINGTON, VIRGINIA; CHANTILLY, VIRGINIA","Hiring Manager, Program Manager, Team Lead, Recruiter",9
3017439,Engineering Manager,"San Diego, CA",Intelligence Systems Infrastructure Tools & Enhancements; MSS Smart Systems (Palantir contract); DIA Information Systems Engineering Office,Palantir; Leidos; Northrop Grumman,"PALO ALTO, CALIFORNIA; FREDERICK, MARYLAND; ROY, UTAH","Engineering Manager, Technical Lead, Program Manager, Hiring Manager",8
3017935,(VMS) Guidance Navigation &amp; Control Engineer,"Chandler, AZ","MDA Tactical Embedded Systems; Army Integrated Battle Command System; Command & Control, Battle Mgmt & Comms (MDA) – Secondary Row",Northrop Grumman,"CHANDLER, ARIZONA","Engineering Manager, Technical Lead, Program Manager, Hiring Manager",12
2091698,Software Packager/Technician - Security Tools,"Hazelwood, MO",Army Integrated Battle Command System; Army Integrated Battle Command System Support; Distributed Common Ground System (AF),Northrop Grumman (prime); CACI (support); BAE; multiple; Northrop Grumman,"ROCKVILLE, MARYLAND; CHANDLER, ARIZONA; CHANTILLY, VIRGINIA","Hiring Manager, Program Manager, Team Lead, Recruiter",4
3009673,Install Specialist / IT Certified Professional,"Charlottesville, VA",Project Convergence (JADC2 Experiments); Integrated Base Defense Security System; Mission Partner Environment (Field Ops / MPCO),GDIT; SAIC; Leidos,"RESTON, VIRGINIA; SPRINGFIELD, VIRGINIA; COLORADO SPRINGS, COLORADO","Hiring Manager, Program Manager, Team Lead, Recruiter",12
3012636,Data Entry Specialist,"Tucson, AZ",Ground-Based Midcourse Defense; MDA Tactical Embedded Systems; Next Generation Interceptor,Northrop Grumman & Boeing; Boeing (prime); Northrop & Raytheon (NGI); Northrop Grumman,"CHANDLER, ARIZONA","Hiring Manager, Program Manager, Team Lead, Recruiter",5
3012964,Software Developer,"Bossier City, LA",Army IT Enterprise Mgmt Systems Solution; Defense Enterprise Office Solutions; Intelligence Systems Enterprise Operations,CSRA / Leidos (team); Leidos; CACI,"FREDERICK, MARYLAND; ARLINGTON, VIRGINIA","Engineering Manager, Technical Lead, Program Manager, Hiring Manager",4
3013298,Oracle DBA,"Washington, VA",NASA SENSE (Space Comms & Tracking); NASA Space Network Evolution; Integrated Base Defense Security System,Peraton; Leidos,"HERNDON, VIRGINIA; RESTON, VIRGINIA","Hiring Manager, Program Manager, Team Lead, Recruiter",15
3015012,Microsoft Copilot Studio AI SME,"Milford Mill, MD",PRISM Support Services (Consolidated); OUSD(P&R) PRISM (Consolidated); SSA IT Support Services Contract,"11 MA-IDIQ primes (incl. CTC, SAIC, Booz Allen, ManTech); 11 primes (CTC, SAIC, Booz Allen, ManTech…); Leidos / Accenture Federal (indicative)","WASHINGTON, DISTRICT OF COLUMBIA; BALTIMORE, MARYLAND","Hiring Manager, Program Manager, Team Lead, Recruiter",14
3016221,SQL Developer/Administrator,"Redstone Arsenal, AL","Command and Control, Battle Management & Communications (MDA); Command and Control, Battle Management, Communications; Advanced Battle Management System",Multi (SAIC supports parts); Lockheed Martin; Northrop Grumman,"CHANDLER, ARIZONA; COLORADO SPRINGS, COLORADO","Engineering Manager, Technical Lead, Program Manager, Hiring Manager",6
3017651,Sr Elastic Engineer (EDR/Defend Focus),"Colorado Springs, CO",BICES Defense Intelligence Agency Variant; Advanced Battle Management System; Army Enterprise Service Management Framework,CACI + Leidos + Peraton + SAIC (various subs); SAIC; Multi (SAIC supports parts),"COLORADO SPRINGS, COLORADO","Engineering Manager, Technical Lead, Program Manager, Hiring Manager",14
2049305,Software Engineer - ENG05 - Cleared On-Site,"Aurora, CO",GPS Next-Gen Operational Control System; GPS Operational Control System (sustainment); Advanced Battle Management System,Raytheon Intelligence & Space; Multi (SAIC supports parts); Raytheon,"AURORA, COLORADO; COLORADO SPRINGS, COLORADO","Engineering Manager, Technical Lead, Program Manager, Hiring Manager",10
2089337,Data Center Engineer - RTP (TS/SCI with Full Scope Poly),"Research Triangle Park, NC",Data Center & Cloud Optimization; Global Network Operations (DISA GSM-O II); Global Network Operations II (PTS Subcontract),Peraton / Leidos (indicative); Leidos,"HOUSTON, TEXAS; MC LEAN, VIRGINIA","Engineering Manager, Technical Lead, Program Manager, Hiring Manager",6
2091444,Technicians &amp; Engineers,"Vandenberg Space Force Base, CA","GPS Operational Control System (sustainment); Next-Generation Overhead Persistent Infrared; EDIS – Engineering, Development, Integration & Sustainment",SAIC; Raytheon; Northrop Grumman,"AURORA, COLORADO; REDONDO BEACH, CALIFORNIA; COLORADO SPRINGS, COLORADO","Engineering Manager, Technical Lead, Program Manager, Hiring Manager",8
2091995,VDI Systems Administrator,"Savannah, GA",Advanced Battle Management System; Air Force Advanced Battle Management System; Integrated Base Defense Security System,"Multi (SAIC supports parts); Multiple: SAIC, Leidos, Booz Allen Hamilton; Leidos","HERNDON, VIRGINIA; RESTON, VIRGINIA; COLORADO SPRINGS, COLORADO","Hiring Manager, Program Manager, Team Lead, Recruiter",6
3009212,Systems Administrator,"Fort Belvoir, VA",Integrated Base Defense Security System; 16th Air Force Mission IT Support; Air Force Advanced Battle Management System,"Multiple: SAIC, Leidos, Booz Allen Hamilton; ManTech; Leidos","QUANTICO, VIRGINIA; HERNDON, VIRGINIA; RESTON, VIRGINIA","Hiring Manager, Program Manager, Team Lead, Recruiter",7
3010398,(VMS) NDT Test Examiner 2,"Emerado, ND",CDAO Advanced AI Tools (Scale AI OTA); DoD High Performance Computing Modernization Program – HITS / HITS-U Support; HHS Advanced Secure Data Repository,Scale AI; SAIC; GDIT / SAIC (indicative),"PALO ALTO, CALIFORNIA; SPRINGFIELD, VIRGINIA; SAN ANTONIO, TEXAS","Hiring Manager, Program Manager, Team Lead, Recruiter",4
3010415,(VMS) Engineering Writer and Instructor,"Elkridge, MD",DIA Information Systems Engineering Office; ARCYBER Information Advantage / Mission Support (general); Intelligence Systems Enterprise Operations,Peraton / others (Peraton lead on ARCYBER Information Advantage Enterprise line; additional primes on related work); Leidos,"FREDERICK, MARYLAND; FORT GEORGE G MEADE, MARYLAND","Engineering Manager, Technical Lead, Program Manager, Hiring Manager",9
3010789,Client Support / Sys Admin - Site D,"Fayetteville, NC",Defense Enterprise Office Solutions; Advanced Battle Management System; Air Force Advanced Battle Management System,"Multi (SAIC supports parts); Multiple: SAIC, Leidos, Booz Allen Hamilton; CSRA / Leidos (team)","FREDERICK, MARYLAND; HERNDON, VIRGINIA; COLORADO SPRINGS, COLORADO","Hiring Manager, Program Manager, Team Lead, Recruiter",6
3012188,IT Specialist Senior,"Quantico, VA",Air Force Advanced Battle Management System; DLA J6 Enterprise Technology Services; 16th Air Force Mission IT Support,"Multiple: SAIC, Leidos, Booz Allen Hamilton; CACI; Deloitte; SAIC; GDIT; ManTech","STERLING, VIRGINIA; QUANTICO, VIRGINIA; HERNDON, VIRGINIA","Hiring Manager, Program Manager, Team Lead, Recruiter",9
3012589,Secure Enterprise Engineer,"Carlsbad, CA","NGEN-R SMIT – Navy Next Generation Enterprise Network (Service Management, Integration & Transport); Army Enterprise Service Management Framework; DIA Information Systems Engineering Office",SAIC; Leidos,"FREDERICK, MARYLAND; COLORADO SPRINGS, COLORADO; MORGANTOWN, WEST VIRGINIA","Engineering Manager, Technical Lead, Program Manager, Hiring Manager",8
3012633,JAVA/REACT Developer,"Andover, MA",Integrated Air & Missile Defense; Advanced Medium-Range Air-to-Air Missile (AMRAAM) Production & Sustainment; Mark 48 Heavyweight Torpedo,Raytheon (indicative); Raytheon,"ANDOVER, MASSACHUSETTS","Engineering Manager, Technical Lead, Program Manager, Hiring Manager",10
3012821,Cloud Engineer,"Fayetteville, NC","CMS Enterprise Cloud Infrastructure Services; EDIS – Engineering, Development, Integration & Sustainment; Engineering Development & Integration Support",SAIC (via Engility); SAIC; Peraton / SAIC (indicative),"HERNDON, VIRGINIA; COLORADO SPRINGS, COLORADO","Engineering Manager, Technical Lead, Program Manager, Hiring Manager",6
3012876,Sr ISSE,"Reston, VA",Integrated Base Defense Security System; DTRA Integrated IT Support Services; DTRA Integrated IT Support Services,Leidos,"RESTON, VIRGINIA","Hiring Manager, Program Manager, Team Lead, Recruiter",14
3013245,Deployed Support Specialist Mid- Pensacola,"Pensacola, FL","SITEC III – Enterprise Operations & Maintenance; Integrated Base Defense Security System; NGEN-R SMIT – Navy Next Generation Enterprise Network (Service Management, Integration & Transport)",Peraton; Leidos,"TAMPA, FLORIDA; MORGANTOWN, WEST VIRGINIA; RESTON, VIRGINIA","Hiring Manager, Program Manager, Team Lead, Recruiter",7
3013828,Sr Network Engineer,"Reston, VA",Integrated Base Defense Security System; DTRA Integrated IT Support Services; DTRA Integrated IT Support Services,Leidos,"RESTON, VIRGINIA","Engineering Manager, Technical Lead, Program Manager, Hiring Manager",12
3013253,IT System Engineer,"Fort Worth, TX",Navy Aegis Combat System Modernization; Aegis Ballistic Missile Defense / Aegis Program; Common Open Operational Launch Range,Lockheed Martin; Lockheed Martin (indicative),"FORT WORTH, TEXAS","Engineering Manager, Technical Lead, Program Manager, Hiring Manager",12
483185,PRICING ANALYST - SECRET CLEARANCE,"Colorado Springs, Colorado",Advanced Battle Management System; Army Enterprise Service Management Framework; BICES Defense Intelligence Agency Variant,Multi (SAIC supports parts); SAIC; CACI + Leidos + Peraton + SAIC (various subs),"COLORADO SPRINGS, COLORADO","Analytics Manager, Program Manager, Team Lead, Hiring Manager",14
463944,DEVSECOPS ENGINEER - SECRET CLEARANCE,"Huntsville, Alabama","Global Service Management – Operations II; NGEN-R SMIT – Navy Next Generation Enterprise Network (Service Management, Integration & Transport); Air Force Cyber Operations / Platform One + Cyber/DevSecOps Portfolio",SAIC; Leidos; CACI; Booz Allen Hamilton (aggregate DevSecOps/Cyber vendors supporting CSO & P1); Leidos,"COLORADO SPRINGS, COLORADO; MORGANTOWN, WEST VIRGINIA","Engineering Manager, Technical Lead, Program Manager, Hiring Manager",6
478353,MECHANICAL ENGINEER - SECRET CLEARANCE,"Huntsville, Alabama","Ground-Based Midcourse Defense; DIA Information Systems Engineering Office; EDIS – Engineering, Development, Integration & Sustainment",Boeing (prime); Northrop & Raytheon (NGI); SAIC; Leidos,"FREDERICK, MARYLAND; CHANDLER, ARIZONA; COLORADO SPRINGS, COLORADO","Engineering Manager, Technical Lead, Program Manager, Hiring Manager",12
461214,ELECTRICAL ENGINEER - SECRET CLEARANCE,"Huntsville, Alabama",Aegis Ballistic Missile Defense / Aegis Program; DIA Information Systems Engineering Office; Global Command and Control System – Joint,Northrop Grumman; Lockheed Martin; Leidos,"FORT WORTH, TEXAS; FREDERICK, MARYLAND; ROY, UTAH","Engineering Manager, Technical Lead, Program Manager, Hiring Manager",6
479177,SR. POWER ELECTRIC ENGINEER - CLEARANCE REQUIRED,"Niskayuna, New York","DIA Information Systems Engineering Office; EDIS – Engineering, Development, Integration & Sustainment; Engineering Development & Integration Support",SAIC (via Engility); SAIC; Leidos,"FREDERICK, MARYLAND; COLORADO SPRINGS, COLORADO","Engineering Manager, Technical Lead, Program Manager, Hiring Manager",6
460819,SENIOR SYSTEMS ENGINEER - SECRET CLEARANCE,"Huntsville, Alabama",Aegis Ballistic Missile Defense / Aegis Program; DIA Information Systems Engineering Office; Army Enterprise Service Management Framework,Lockheed Martin; SAIC; Leidos,"FORT WORTH, TEXAS; FREDERICK, MARYLAND; COLORADO SPRINGS, COLORADO","Engineering Manager, Technical Lead, Program Manager, Hiring Manager",6
482039,FPGA DESIGN ENGINEER - SECRET CLEARANCE,"Plymouth, Minnesota","EDIS – Engineering, Development, Integration & Sustainment; Engineering Development & Integration Support; DIA Information Systems Engineering Office",SAIC (via Engility); SAIC; Leidos,"FREDERICK, MARYLAND; COLORADO SPRINGS, COLORADO","Engineering Manager, Technical Lead, Program Manager, Hiring Manager",6
447166,SENIOR SOFTWARE ENGINEER (SECRET CLEARANCE),"Tucson, Arizona",GMD Weapon System (Ground C2); GMD Weapon System Modernization; Advanced Battle Management System,Multi (SAIC supports parts); Northrop Grumman,"CHANDLER, ARIZONA; COLORADO SPRINGS, COLORADO","Engineering Manager, Technical Lead, Program Manager, Hiring Manager",7
239418,HELP DESK SUPPORT SPEC I,"Detroit, Michigan",Battlefield Information Collection & Exploitation System; Global Command and Control System – Joint; Global Command and Control System – Joint (Variant),Leidos; GDIT; Northrop Grumman,"FREDERICK, MARYLAND; SPRINGFIELD, VIRGINIA; ROY, UTAH","Hiring Manager, Program Manager, Team Lead, Recruiter",4
443211,SECRET/INTERIM CLEARED OUTSIDE MACHINIST,"Chesapeake, Virginia",Battlefield Information Collection & Exploitation System; DIA Battlefield Information Networks / BICES-X; DoD Joint Service Provider – Pentagon IT & ICAM,CACI (incumbent); GDIT; CACI,"ARLINGTON, VIRGINIA; SPRINGFIELD, VIRGINIA","Hiring Manager, Program Manager, Team Lead, Recruiter",5
432633,CLEARED MARINE ELECTRICIAN,"Norfolk, Virginia",Army IT Enterprise Mgmt Systems Solution; Battlefield Information Collection & Exploitation System; DIA Battlefield Information Networks / BICES-X,GDIT; CACI,"SPRINGFIELD, VIRGINIA; ARLINGTON, VIRGINIA","Hiring Manager, Program Manager, Team Lead, Recruiter",5
449881,SECRET VULNERABILITY PENETRATION TESTER,"Aberdeen Proving Ground, Maryland",DISA JWCC – Joint Warfighting Cloud Capability; Joint Warfighting Cloud Capability; JWCC – ATAT Expansion Path,AWS; Microsoft; Google; Oracle; Amazon; Microsoft; Google; Oracle,"ABERDEEN PROVING GROUND, MARYLAND","Hiring Manager, Program Manager, Team Lead, Recruiter",8
468846,MODEL BASED DEFINITION ENGINEER,"Middletown, Connecticut",Army Enterprise Service Management Framework; Global Service Management – Operations II; Advanced Battle Management System,Multi (SAIC supports parts); SAIC; Leidos,"MORGANTOWN, WEST VIRGINIA; COLORADO SPRINGS, COLORADO","Engineering Manager, Technical Lead, Program Manager, Hiring Manager",7
482286,SECRET INTEGRATION AND TEST ENGINEER - LEVEL 4,"Aurora, Colorado","GPS Next-Gen Operational Control System; GPS Operational Control System (sustainment); EDIS – Engineering, Development, Integration & Sustainment",Raytheon Intelligence & Space; SAIC; Raytheon,"AURORA, COLORADO; COLORADO SPRINGS, COLORADO","Engineering Manager, Technical Lead, Program Manager, Hiring Manager",8
450628,SYSTEMS ADMINISTRATOR,"San Diego, California",GBS (Global Broadcast Service); Global Broadcast Service; MSS Smart Systems (Palantir contract),L3Harris; L3Harris (historical); Palantir,"PALO ALTO, CALIFORNIA; ANAHEIM, CALIFORNIA","Hiring Manager, Program Manager, Team Lead, Recruiter",7
480992,TOP SECRET SYSTEM ADMIN,"Niskayuna, New York",Battlefield Information Collection & Exploitation System; DISA Global Service Mgmt – Ops II; GBS (Global Broadcast Service),L3Harris (historical); GDIT; Leidos,"ANAHEIM, CALIFORNIA; SPRINGFIELD, VIRGINIA; MORGANTOWN, WEST VIRGINIA","Hiring Manager, Program Manager, Team Lead, Recruiter",4
474313,SECRET DEPLOYED SUPPORT SPECIALIST,"Norfolk, Virginia",Battlefield Information Collection & Exploitation System; SOCOM Software Solutions IDIQ; Global Network Operations (DISA GSM-O II),GDIT; Iron Eagle X (now GDIT); Leidos,"HOUSTON, TEXAS; SPRINGFIELD, VIRGINIA","Hiring Manager, Program Manager, Team Lead, Recruiter",7
480738,FIELD ENGINEER (CENTRAL US),"Salt Lake City, Utah",GRASP (Raytheon/Peraton); GENMOD / VMOD 2 – Field Service Technicians; Global Command and Control System – Joint,Northrop Grumman; Peraton; CACI,"HERNDON, VIRGINIA; ROY, UTAH; CHANTILLY, VIRGINIA","Engineering Manager, Technical Lead, Program Manager, Hiring Manager",12
451448,ESS HELPDESK TECHNICIAN,"Braddock, Virginia",Air Force Advanced Battle Management System; Battlefield Information Collection & Exploitation System; Integrated Base Defense Security System,"Multiple: SAIC, Leidos, Booz Allen Hamilton; GDIT; Leidos","HERNDON, VIRGINIA; SPRINGFIELD, VIRGINIA; RESTON, VIRGINIA","Hiring Manager, Program Manager, Team Lead, Recruiter",7
482086,SECRET FULL STACK DEVELOPER,"Dahlgren, Virginia",CMS Enterprise Cloud Infrastructure Services; Data Center & Cloud Optimization; SOCOM Digital Applications Data Science Support,Peraton / Leidos (indicative); Iron Eagle X (now GDIT); Peraton / SAIC (indicative),"MC LEAN, VIRGINIA; HERNDON, VIRGINIA; SPRINGFIELD, VIRGINIA","Engineering Manager, Technical Lead, Program Manager, Hiring Manager",7
438003,INFORMATION SYSTEMS SECURITY OFFICER (ISSO),"Sterling Heights, Michigan",DIA Information Systems Engineering Office; Global Service Management – Operations II; Integrated Base Defense Security System,Leidos,"FREDERICK, MARYLAND; RESTON, VIRGINIA; MORGANTOWN, WEST VIRGINIA","Hiring Manager, Program Manager, Team Lead, Recruiter",6
483609,BUYER'S TECHNICAL WRITER - SECRET,"Colorado Springs, Colorado",Army Enterprise Service Management Framework; BICES Defense Intelligence Agency Variant; Protected Satcom & Tactical Waveform Communications,L3Harris; CACI + Leidos + Peraton + SAIC (various subs); SAIC,"COLORADO SPRINGS, COLORADO","Hiring Manager, Program Manager, Team Lead, Recruiter",12
483170,SECRET SENIOR ELASTIC ENGINEER,"Colorado Springs, Colorado",Advanced Battle Management System; Army Enterprise Service Management Framework; ARNG G-2 Intelligence IT Support,Multi (SAIC supports parts); SAIC,"COLORADO SPRINGS, COLORADO","Engineering Manager, Technical Lead, Program Manager, Hiring Manager",12
458210,TS/SCI SR. NETWORK ENGINEER,"Mount Vernon, Virginia","NGEN-R SMIT – Navy Next Generation Enterprise Network (Service Management, Integration & Transport); Battlefield Information Collection & Exploitation System; CMS Enterprise Cloud Infrastructure Services",Peraton / SAIC (indicative); GDIT; Leidos,"HERNDON, VIRGINIA; SPRINGFIELD, VIRGINIA; MORGANTOWN, WEST VIRGINIA","Engineering Manager, Technical Lead, Program Manager, Hiring Manager",10
480691,SECRET MICROSOFT SYSTEMS ENGINEER,"Goose Creek, South Carolina",CDAO Advanced AI Tools (Scale AI OTA); GBS (Global Broadcast Service); Global Broadcast Service,L3Harris; Scale AI; L3Harris (historical),"PALO ALTO, CALIFORNIA; ANAHEIM, CALIFORNIA","Engineering Manager, Technical Lead, Program Manager, Hiring Manager",7
479729,SECRET NETWORK ADMINISTRATOR II (DAYS),"Montgomery, Alabama","Project Convergence (JADC2 Experiments); NGEN-R SMIT – Navy Next Generation Enterprise Network (Service Management, Integration & Transport); Air Force Advanced Battle Management System","Multiple: SAIC, Leidos, Booz Allen Hamilton; SAIC; Leidos","HERNDON, VIRGINIA; MORGANTOWN, WEST VIRGINIA; COLORADO SPRINGS, COLORADO","Hiring Manager, Program Manager, Team Lead, Recruiter",10
239366,SALES ENGINEER,"Colorado Springs, Colorado",Advanced Battle Management System; Army “Project Convergence”; Army Futures Command – Project Convergence,Multi (SAIC supports parts); SAIC; SAIC (major integrator; autonomy & AI work),"COLORADO SPRINGS, COLORADO","Engineering Manager, Technical Lead, Program Manager, Hiring Manager",10
480429,SECRET WINDOWS SYSTEMS ADMINISTRATOR,"Dahlgren, Virginia",Air Force Advanced Battle Management System; Integrated Base Defense Security System; DIA Information Systems Engineering Office,"Multiple: SAIC, Leidos, Booz Allen Hamilton; Leidos","FREDERICK, MARYLAND; HERNDON, VIRGINIA; RESTON, VIRGINIA","Hiring Manager, Program Manager, Team Lead, Recruiter",9
480693,SECRET DEVOPS ENGINEER,"Goose Creek, South Carolina",Army Enterprise Service Management Framework; CMS Enterprise Cloud Infrastructure Services; Global Service Management – Operations II,Leidos; SAIC; Peraton / SAIC (indicative),"HERNDON, VIRGINIA; MORGANTOWN, WEST VIRGINIA; COLORADO SPRINGS, COLORADO","Engineering Manager, Technical Lead, Program Manager, Hiring Manager",8
476947,TS/SCI SENIOR OPTICAL SYSTEMS ENGINEER,"Wilmington, Massachusetts",DIA Information Systems Engineering Office; Integrated Air & Missile Defense; Mark-48 Torpedo (sub-program reference),Raytheon (indicative); Raytheon; Leidos,"FREDERICK, MARYLAND; ANDOVER, MASSACHUSETTS","Engineering Manager, Technical Lead, Program Manager, Hiring Manager",6
478024,SR PROJECT ENGINEER,"Tampa, Florida",SITEC III – Enterprise Operations & Maintenance; DIA Information Systems Engineering Office; DISA Global Service Mgmt – Ops II,Peraton; Leidos,"TAMPA, FLORIDA; FREDERICK, MARYLAND; MORGANTOWN, WEST VIRGINIA","Engineering Manager, Technical Lead, Program Manager, Hiring Manager",8
480900,TOP SECRET VIRTUALIZATION/STORAGE ENGINEER,"Dahlgren, Virginia","CMS Enterprise Cloud Infrastructure Services; Integrated Base Defense Security System; NGEN-R SMIT – Navy Next Generation Enterprise Network (Service Management, Integration & Transport)",Leidos; Peraton / SAIC (indicative),"HERNDON, VIRGINIA; MORGANTOWN, WEST VIRGINIA; RESTON, VIRGINIA","Engineering Manager, Technical Lead, Program Manager, Hiring Manager",9
483878,TS/SCI SOFTWARE ENGINEER (AFSIM),"Beavercreek, Ohio","DIA Information Systems Engineering Office; EDIS – Engineering, Development, Integration & Sustainment; Engineering Development & Integration Support",SAIC (via Engility); SAIC; Leidos,"FREDERICK, MARYLAND; COLORADO SPRINGS, COLORADO","Engineering Manager, Technical Lead, Program Manager, Hiring Manager",6
480804,CLEARED MS&A DEVELOPER,"Sunset, Utah",Aegis Ballistic Missile Defense / Aegis Program; Global Command and Control System – Joint; Integrated Base Defense Security System,Lockheed Martin; Leidos; Northrop Grumman,"FORT WORTH, TEXAS; RESTON, VIRGINIA; ROY, UTAH","Engineering Manager, Technical Lead, Program Manager, Hiring Manager",8
421667,TS/SCI WITH POLY CYBER NETWORK DEFENSE AND EXPLOITATION ANALYST,"Jessup, Maryland",Intelligence Systems Enterprise Operations; DC3 – Defense Cyber Crime Center; Defense Cyber Crime Center,Peraton; Leidos,"FREDERICK, MARYLAND; FORT GEORGE G MEADE, MARYLAND","Analytics Manager, Program Manager, Team Lead, Hiring Manager",9
477411,SECRET RF SYSTEM ENGINEER,"Salt Lake City, Utah",DIA Information Systems Engineering Office; DoD High Performance Computing Modernization Program – HITS / HITS-U Support; Integrated Digital Engineering Environment,Northrop Grumman; SAIC; Leidos,"FREDERICK, MARYLAND; SAN ANTONIO, TEXAS; ROY, UTAH","Engineering Manager, Technical Lead, Program Manager, Hiring Manager",6
482591,MAINTENANCE DATA SPECIALIST,"Atlanta, Georgia","Army Enterprise Service Management Framework; Global Service Management – Operations II; NGEN-R SMIT – Navy Next Generation Enterprise Network (Service Management, Integration & Transport)",SAIC; Leidos,"MORGANTOWN, WEST VIRGINIA; COLORADO SPRINGS, COLORADO","Hiring Manager, Program Manager, Team Lead, Recruiter",6
481991,REGISTERED NURSE,"Muscatine, Iowa",DISA Global Service Mgmt – Ops II; GBS (Global Broadcast Service); Global Broadcast Service,L3Harris; L3Harris (historical); Leidos,"ANAHEIM, CALIFORNIA; MORGANTOWN, WEST VIRGINIA","Hiring Manager, Program Manager, Team Lead, Recruiter",4
481690,SECRET TECHNICAL EDITOR,"Rivanna, Virginia",Army Integrated Battle Command System Support; Army IT Enterprise Mgmt Systems Solution; Battlefield Information Collection & Exploitation System,Northrop Grumman (prime); CACI (support); GDIT; CACI,"SPRINGFIELD, VIRGINIA; ARLINGTON, VIRGINIA; CHANTILLY, VIRGINIA","Hiring Manager, Program Manager, Team Lead, Recruiter",7
476216,"SECRET LINUX SYSTEM ADMINISTRATOR (CO SPRINGS, CO)","Colorado Springs, Colorado",Air Force Cyber Operations / Platform One + Cyber/DevSecOps Portfolio; Advanced Battle Management System; AFCENT SCORPION Cyber Task (ISSO/ISSM Support),Multi (SAIC supports parts); SAIC; Leidos; CACI; Booz Allen Hamilton (aggregate DevSecOps/Cyber vendors supporting CSO & P1); CACI,"COLORADO SPRINGS, COLORADO","Hiring Manager, Program Manager, Team Lead, Recruiter",12
482242,PYTHON TESTER - V&V,"Sainte-Anne-De-Bellevue, Quebec",Defense Enclave Services; Defense Enclave Services – Fourth Estate IT Consolidation; DISA Global Service Mgmt – Ops II,Leidos,"FREDERICK, MARYLAND; MORGANTOWN, WEST VIRGINIA","Hiring Manager, Program Manager, Team Lead, Recruiter",10
371817,HOSPITAL SECURITY OFFICER,"Tarpon Springs, Florida","Global Service Management – Operations II; Global Solutions Management – Operations II; NGEN-R SMIT – Navy Next Generation Enterprise Network (Service Management, Integration & Transport)",Leidos,"HOUSTON, TEXAS; MORGANTOWN, WEST VIRGINIA","Hiring Manager, Program Manager, Team Lead, Recruiter",8
479796,TRANSITION TO OPERATIONS ENGINEER,"El Segundo, California","EDIS – Engineering, Development, Integration & Sustainment; Global Service Management – Operations II; GBS (Global Broadcast Service)",L3Harris (historical); SAIC; Leidos,"ANAHEIM, CALIFORNIA; MORGANTOWN, WEST VIRGINIA; COLORADO SPRINGS, COLORADO","Engineering Manager, Technical Lead, Program Manager, Hiring Manager",8
456635,SOFTWARE ENGINEER (C++),"Dayton, Ohio","DIA Information Systems Engineering Office; DISA Global Service Mgmt – Ops II; EDIS – Engineering, Development, Integration & Sustainment",SAIC; Leidos,"FREDERICK, MARYLAND; COLORADO SPRINGS, COLORADO; MORGANTOWN, WEST VIRGINIA","Engineering Manager, Technical Lead, Program Manager, Hiring Manager",6
473918,PROGRAM MANAGER,"Deerfield Beach, Florida",Battlefield Information Collection & Exploitation System; DIA Information Systems Engineering Office; Global Service Management – Operations II,GDIT; Leidos,"FREDERICK, MARYLAND; SPRINGFIELD, VIRGINIA; MORGANTOWN, WEST VIRGINIA","Director, VP, Senior Manager, Program Director",6
480397,KUBERNETES ADMINISTRATOR,"Dayton, Ohio","Global Service Management – Operations II; NGEN-R SMIT – Navy Next Generation Enterprise Network (Service Management, Integration & Transport); Army Enterprise Service Management Framework",SAIC; Leidos,"COLORADO SPRINGS, COLORADO; MORGANTOWN, WEST VIRGINIA","Hiring Manager, Program Manager, Team Lead, Recruiter",6
483118,SENIOR ANALYST – IT CAPITAL FINANCIAL MANAGEMENT – INTL INDIA,"Wilmington, Delaware",Global Service Management – Operations II; Army Enterprise Service Management Framework; Global Solutions Management – Operations II,SAIC; Leidos,"HOUSTON, TEXAS; COLORADO SPRINGS, COLORADO; MORGANTOWN, WEST VIRGINIA","Analytics Manager, Program Manager, Team Lead, Hiring Manager",8
480826,NONDESTRUCTIVE EVALUATION ENGINEER (NDE),"Berkeley, Missouri","DIA Information Systems Engineering Office; DISA Global Service Mgmt – Ops II; EDIS – Engineering, Development, Integration & Sustainment",SAIC; Leidos,"FREDERICK, MARYLAND; COLORADO SPRINGS, COLORADO; MORGANTOWN, WEST VIRGINIA","Engineering Manager, Technical Lead, Program Manager, Hiring Manager",4
470275,C++ SOFTWARE ENGINEER,"Huntsville, Alabama",Battlefield Information Collection & Exploitation System; DIA Information Systems Engineering Office; DISA Global Service Mgmt – Ops II,GDIT; Leidos,"FREDERICK, MARYLAND; SPRINGFIELD, VIRGINIA; MORGANTOWN, WEST VIRGINIA","Engineering Manager, Technical Lead, Program Manager, Hiring Manager",4
478314,TOP SECRET HARDWARE TECH,"Monroeville, Pennsylvania",Project Convergence (JADC2 Experiments); Global Service Management – Operations II; DIA Information Systems Engineering Office,SAIC; Leidos,"FREDERICK, MARYLAND; MORGANTOWN, WEST VIRGINIA; COLORADO SPRINGS, COLORADO","Hiring Manager, Program Manager, Team Lead, Recruiter",10
479791,VERIFICATION & VALIDATION ENGINEER,"El Segundo, California","Next-Generation Overhead Persistent Infrared; NGEN-R SMIT – Navy Next Generation Enterprise Network (Service Management, Integration & Transport); Air Force Advanced Battle Management System","Leidos; Multiple: SAIC, Leidos, Booz Allen Hamilton; Northrop Grumman","HERNDON, VIRGINIA; REDONDO BEACH, CALIFORNIA; MORGANTOWN, WEST VIRGINIA","Engineering Manager, Technical Lead, Program Manager, Hiring Manager",13
452489,WELDER,"Huntsville, Alabama",DISA Global Service Mgmt – Ops II; GBS (Global Broadcast Service); Global Broadcast Service,L3Harris; L3Harris (historical); Leidos,"ANAHEIM, CALIFORNIA; MORGANTOWN, WEST VIRGINIA","Hiring Manager, Program Manager, Team Lead, Recruiter",4
480530,SPECIAL EDUCATION PARAPROFESSIONAL,"Salem, Massachusetts","ARCYBER Information Advantage / Mission Support (general); NGEN-R SMIT – Navy Next Generation Enterprise Network (Service Management, Integration & Transport); Poland WISŁA – Patriot + IBCS Foreign Military Sales",Raytheon & Northrop Grumman; Peraton / others (Peraton lead on ARCYBER Information Advantage Enterprise line; additional primes on related work); Leidos,"ANDOVER, MASSACHUSETTS; FORT GEORGE G MEADE, MARYLAND; MORGANTOWN, WEST VIRGINIA","Hiring Manager, Program Manager, Team Lead, Recruiter",6
477052,MARINE ELECTRICIAN,"Kings Bay, Georgia",DIA Information Systems Engineering Office; DISA Global Service Mgmt – Ops II; GBS (Global Broadcast Service),L3Harris (historical); Leidos,"ANAHEIM, CALIFORNIA; FREDERICK, MARYLAND; MORGANTOWN, WEST VIRGINIA","Hiring Manager, Program Manager, Team Lead, Recruiter",4
477076,STRUCTURAL WELDER,"Kings Bay, Georgia",Global Service Management – Operations II; DISA Global Service Mgmt – Ops II; GBS (Global Broadcast Service),L3Harris (historical); Leidos,"ANAHEIM, CALIFORNIA; MORGANTOWN, WEST VIRGINIA","Hiring Manager, Program Manager, Team Lead, Recruiter",6
470335,SENIOR NUCLEAR HARDNESS ELECTRICAL ENGINEER,"Hill AFB, Utah",SPICE (Space Payload Integration & Cyber Eng); Global Command and Control System – Joint; DIA Information Systems Engineering Office,Leidos; SAIC / LinQuest (indicative); Northrop Grumman,"FREDERICK, MARYLAND; SAN ANTONIO, TEXAS; ROY, UTAH","Engineering Manager, Technical Lead, Program Manager, Hiring Manager",14
479486,2ND SHIFT CNC MACHINIST LEVEL 5,"Huntsville, Alabama",DIA Information Systems Engineering Office; DISA Global Service Mgmt – Ops II; GBS (Global Broadcast Service),L3Harris (historical); Leidos,"ANAHEIM, CALIFORNIA; FREDERICK, MARYLAND; MORGANTOWN, WEST VIRGINIA","Hiring Manager, Program Manager, Team Lead, Recruiter",4
466413,IDENTITY ACCESS MANAGER / SME ARCHITECT,"Austin, Texas",Aegis Ballistic Missile Defense / Aegis Program; Global Network Operations (DISA GSM-O II); DISA Global Service Mgmt – Ops II,Lockheed Martin; Leidos,"HOUSTON, TEXAS; FORT WORTH, TEXAS; MORGANTOWN, WEST VIRGINIA","Chief Architect, Technical Director, Engineering VP, CTO",7
481890,COPY - TOP SECRET IAM ARCHITECT,"Washington, District Of Columbia",BICES Defense Intelligence Agency Variant; DISA Global Service Mgmt – Ops II; Army Enterprise Service Management Framework,CACI + Leidos + Peraton + SAIC (various subs); SAIC; Leidos,"MORGANTOWN, WEST VIRGINIA; COLORADO SPRINGS, COLORADO","Chief Architect, Technical Director, Engineering VP, CTO",7
479148,"MECHANICAL ENGINEER, PE - DESIGNER","San Antonio, Texas",Army AESD Enterprise Service Desk; Army Enterprise Service Desk; DoD High Performance Computing Modernization Program – HITS / HITS-U Support,SAIC,"SAN ANTONIO, TEXAS","Engineering Manager, Technical Lead, Program Manager, Hiring Manager",10
477111,PIPEFITTER,"Kings Bay, Georgia",Global Command and Control System – Joint; Global Command and Control System – Joint (Variant); Integrated Base Defense Security System,Leidos; Northrop Grumman,"FREDERICK, MARYLAND; RESTON, VIRGINIA; ROY, UTAH","Hiring Manager, Program Manager, Team Lead, Recruiter",6
479487,GNC ENGINEER (FIXED WING),"Huntsville, Alabama",Army Missile & Space R&D Support (Huntsville); DISA Global Service Mgmt – Ops II; GBS (Global Broadcast Service),L3Harris (historical); Dynetics; Northrop teams; Leidos,"ANAHEIM, CALIFORNIA; MORGANTOWN, WEST VIRGINIA; ROY, UTAH","Engineering Manager, Technical Lead, Program Manager, Hiring Manager",4
459815,MECHANICAL SYSTEMS ENGINEER,"New London, Connecticut","EDIS – Engineering, Development, Integration & Sustainment; Engineering Development & Integration Support; Air Force Cyber Operations / Platform One + Cyber/DevSecOps Portfolio",SAIC; Leidos; CACI; Booz Allen Hamilton (aggregate DevSecOps/Cyber vendors supporting CSO & P1); SAIC (via Engility); SAIC,"COLORADO SPRINGS, COLORADO","Engineering Manager, Technical Lead, Program Manager, Hiring Manager",11
482968,PROGRAM INTEGRATOR,"Huntsville, Alabama",Global Service Management – Operations II; Army Enterprise Service Management Framework; DISA Global Service Mgmt – Ops II,SAIC; Leidos,"COLORADO SPRINGS, COLORADO; MORGANTOWN, WEST VIRGINIA","Hiring Manager, Program Manager, Team Lead, Recruiter",6
476961,UT INSPECTOR,"Kings Bay, Georgia",DIA Information Systems Engineering Office; DISA Global Service Mgmt – Ops II; DoD High Performance Computing Modernization Program – HITS / HITS-U Support,SAIC; Leidos,"FREDERICK, MARYLAND; SAN ANTONIO, TEXAS; MORGANTOWN, WEST VIRGINIA","Hiring Manager, Program Manager, Team Lead, Recruiter",6
481903,TOP SECRET ICAM ARCHITECT,"Washington, District Of Columbia",BICES Defense Intelligence Agency Variant; DISA Global Service Mgmt – Ops II; Army Enterprise Service Management Framework,CACI + Leidos + Peraton + SAIC (various subs); SAIC; Leidos,"MORGANTOWN, WEST VIRGINIA; COLORADO SPRINGS, COLORADO","Chief Architect, Technical Director, Engineering VP, CTO",7
474049,TOP SECRET ISSO,"Quantico, Virginia",Battlefield Information Collection & Exploitation System; Integrated Base Defense Security System; 16th Air Force Mission IT Support,ManTech; GDIT; Leidos,"QUANTICO, VIRGINIA; SPRINGFIELD, VIRGINIA; RESTON, VIRGINIA","Hiring Manager, Program Manager, Team Lead, Recruiter",9
455774,TS/SCI NETWORK ADMINISTRATOR III (WAN) (AFTERNOON),"Montgomery, Alabama","Project Convergence (JADC2 Experiments); NGEN-R SMIT – Navy Next Generation Enterprise Network (Service Management, Integration & Transport); Air Force Advanced Battle Management System","Multiple: SAIC, Leidos, Booz Allen Hamilton; SAIC; Leidos","HERNDON, VIRGINIA; MORGANTOWN, WEST VIRGINIA; COLORADO SPRINGS, COLORADO","Hiring Manager, Program Manager, Team Lead, Recruiter",10
479845,TOP SECRET RESEARCH PHYSICIST 1,"Washington, District Of Columbia","Advanced Battle Management System; DLA J6 Enterprise Technology Services 2.0; EDIS – Engineering, Development, Integration & Sustainment",Multi (SAIC supports parts); SAIC; Leidos; GDIT; Booz Allen; CACI; Peraton,"WASHINGTON, DISTRICT OF COLUMBIA; COLORADO SPRINGS, COLORADO","Hiring Manager, Program Manager, Team Lead, Recruiter",7
481941,PRICING MANAGER,"Huntsville, Alabama",DISA Global Service Mgmt – Ops II; GBS (Global Broadcast Service); Global Broadcast Service,L3Harris; L3Harris (historical); Leidos,"ANAHEIM, CALIFORNIA; MORGANTOWN, WEST VIRGINIA","Director, VP, Senior Manager, Program Director",4
467723,SECRET SECURITY ENGINEER (BOUNDARY),"Montgomery, Alabama",Global Network Operations (DISA GSM-O II); Global Network Operations II (PTS Subcontract); Global Service Management – Operations II,Leidos,"HOUSTON, TEXAS; MORGANTOWN, WEST VIRGINIA","Engineering Manager, Technical Lead, Program Manager, Hiring Manager",6
478776,OPERATING ENGINEER 2,"Springfield, Virginia",Battlefield Information Collection & Exploitation System; Battlefield Info Collection & Exploitation System (BICES-X); BICES-X / Mission Partner Environment,GDIT (incumbent pre-MPE); GDIT,"SPRINGFIELD, VIRGINIA","Engineering Manager, Technical Lead, Program Manager, Hiring Manager",10
469723,TS/SCI SYSTEMS ADMINISTRATOR,"Dayton, Ohio","DIA Information Systems Engineering Office; NGEN-R SMIT – Navy Next Generation Enterprise Network (Service Management, Integration & Transport); Army AESD Enterprise Service Desk",SAIC; Leidos,"FREDERICK, MARYLAND; SAN ANTONIO, TEXAS; MORGANTOWN, WEST VIRGINIA","Hiring Manager, Program Manager, Team Lead, Recruiter",6
479894,SECRET CUSTOMER SUPPORT ADMIN,"Vista, California",GBS (Global Broadcast Service); Global Broadcast Service; Global Service Management – Operations II,L3Harris; L3Harris (historical); Leidos,"MORGANTOWN, WEST VIRGINIA; ANAHEIM, CALIFORNIA","Hiring Manager, Program Manager, Team Lead, Recruiter",7
482552,RUST DEVELOPER,"Camden, New Jersey","DIA Information Systems Engineering Office; ARCYBER Information Advantage / Mission Support (general); Command and Control, Battle Management & Communications (MDA)",Northrop Grumman; Peraton / others (Peraton lead on ARCYBER Information Advantage Enterprise line; additional primes on related work); Leidos,"FREDERICK, MARYLAND; FORT GEORGE G MEADE, MARYLAND; CHANDLER, ARIZONA","Engineering Manager, Technical Lead, Program Manager, Hiring Manager",6
482978,DIGITAL HARDWARE ENGINEER,"Greece, New York","NGEN-R SMIT – Navy Next Generation Enterprise Network (Service Management, Integration & Transport); DIA Information Systems Engineering Office; Global Service Management – Operations II",Leidos,"FREDERICK, MARYLAND; MORGANTOWN, WEST VIRGINIA","Engineering Manager, Technical Lead, Program Manager, Hiring Manager",10
474207,SENIOR POSTGRES DATABASE ENGINEER,"Windsor Mill, Maryland",Global Command and Control System – Joint (Variant); AF National Capital Region IT Support (AFNCR); ARCYBER Information Advantage / Mission Support (general),Leidos (historical incumbent); Peraton / others (Peraton lead on ARCYBER Information Advantage Enterprise line; additional primes on related work); Leidos,"FREDERICK, MARYLAND; FORT GEORGE G MEADE, MARYLAND","Engineering Manager, Technical Lead, Program Manager, Hiring Manager",7
483547,SALES SUPPORT SPECIALIST,"Sully, Virginia",Army Backbone Infrastructure Modernization – Task Order 2; Army Backbone Infrastructure Modernization – Task Order 3; Battlefield Information Collection & Exploitation System,GDIT; CACI,"SPRINGFIELD, VIRGINIA; CHANTILLY, VIRGINIA","Hiring Manager, Program Manager, Team Lead, Recruiter",5
455777,TS/SCI NETWORK ADMINISTRATOR III (WAN) (AFTERNOON),"Montgomery, Alabama","Project Convergence (JADC2 Experiments); NGEN-R SMIT – Navy Next Generation Enterprise Network (Service Management, Integration & Transport); Air Force Advanced Battle Management System","Multiple: SAIC, Leidos, Booz Allen Hamilton; SAIC; Leidos","HERNDON, VIRGINIA; MORGANTOWN, WEST VIRGINIA; COLORADO SPRINGS, COLORADO","Hiring Manager, Program Manager, Team Lead, Recruiter",10
455721,TS/SCI NETWORK ADMINISTRATOR III (WAN) (DAY SHIFT),"Montgomery, Alabama","Project Convergence (JADC2 Experiments); NGEN-R SMIT – Navy Next Generation Enterprise Network (Service Management, Integration & Transport); Air Force Advanced Battle Management System","Multiple: SAIC, Leidos, Booz Allen Hamilton; SAIC; Leidos","HERNDON, VIRGINIA; MORGANTOWN, WEST VIRGINIA; COLORADO SPRINGS, COLORADO","Hiring Manager, Program Manager, Team Lead, Recruiter",10
478637,SECRET ISSO,"Albuquerque, New Mexico",Global Service Management – Operations II; Air Force Cyber Operations / Platform One + Cyber/DevSecOps Portfolio; DIA Information Systems Engineering Office,SAIC; Leidos; CACI; Booz Allen Hamilton (aggregate DevSecOps/Cyber vendors supporting CSO & P1); Leidos,"FREDERICK, MARYLAND; COLORADO SPRINGS, COLORADO; MORGANTOWN, WEST VIRGINIA","Hiring Manager, Program Manager, Team Lead, Recruiter",6
477119,BLASTER / PAINTER,"Kings Bay, Georgia",Global Service Management – Operations II; CDAO Advanced AI Tools (Scale AI OTA); DISA Global Service Mgmt – Ops II,Scale AI; Leidos,"PALO ALTO, CALIFORNIA; MORGANTOWN, WEST VIRGINIA","Hiring Manager, Program Manager, Team Lead, Recruiter",6
448756,LINUX SYSTEMS ENGINEER (TS),"Chantilly, Virginia",Army Integrated Battle Command System Support; GENMOD / VMOD 2 – Field Service Technicians; ITEMSS (IT Enterprise Mgmt Systems Solution),Northrop Grumman (prime); CACI (support); CACI,"CHANTILLY, VIRGINIA","Engineering Manager, Technical Lead, Program Manager, Hiring Manager",10
482299,DATA ENGINEER,"Norfolk, Virginia",MSS Smart Systems (Palantir contract); Army IT Enterprise Mgmt Systems Solution; HHS Advanced Secure Data Repository,Palantir; GDIT / SAIC (indicative); CACI,"PALO ALTO, CALIFORNIA; SPRINGFIELD, VIRGINIA; ARLINGTON, VIRGINIA","Engineering Manager, Technical Lead, Program Manager, Hiring Manager",14
471207,TS/SCI + POLY CLEARED LINUX ADMIN/TEST ENGINEER,"Hanover, Maryland",DIA Information Systems Engineering Office; Global Command and Control System – Joint (Variant); Intelligence Systems Enterprise Operations,Leidos,"FREDERICK, MARYLAND","Engineering Manager, Technical Lead, Program Manager, Hiring Manager",7
476051,TOP SECRET TECHNICAL LEAD ENGINEERING SYSTEM,"Norfolk, Virginia",Battlefield Information Collection & Exploitation System; Integrated Base Defense Security System; DIA Information Systems Engineering Office,GDIT; Leidos,"FREDERICK, MARYLAND; SPRINGFIELD, VIRGINIA; RESTON, VIRGINIA","Engineering Manager, Technical Lead, Program Manager, Hiring Manager",7
480435,TOP SECRET SOFTWARE ENGINEER,"Washington, District Of Columbia",Air Force Cyber Operations / Platform One + Cyber/DevSecOps Portfolio; Global Service Management – Operations II; Global Solutions Management – Operations II,SAIC; Leidos; CACI; Booz Allen Hamilton (aggregate DevSecOps/Cyber vendors supporting CSO & P1); Leidos,"HOUSTON, TEXAS; MORGANTOWN, WEST VIRGINIA; COLORADO SPRINGS, COLORADO","Engineering Manager, Technical Lead, Program Manager, Hiring Manager",7
476874,SECRET NON-DESTRUCTIVE TEST TECHNICIAN 2/3,"Palmdale, California",GBS (Global Broadcast Service); Global Broadcast Service; CDAO Advanced AI Tools (Scale AI OTA),L3Harris; L3Harris (historical); Scale AI,"PALO ALTO, CALIFORNIA; ANAHEIM, CALIFORNIA","Hiring Manager, Program Manager, Team Lead, Recruiter",7
456010,SECRET NETWORK ADMINISTRATOR II (WAN) (AFTERNOONS),"Montgomery, Alabama","Project Convergence (JADC2 Experiments); NGEN-R SMIT – Navy Next Generation Enterprise Network (Service Management, Integration & Transport); Air Force Advanced Battle Management System","Multiple: SAIC, Leidos, Booz Allen Hamilton; SAIC; Leidos","HERNDON, VIRGINIA; MORGANTOWN, WEST VIRGINIA; COLORADO SPRINGS, COLORADO","Hiring Manager, Program Manager, Team Lead, Recruiter",10
480030,SUPPLY CHAIN SYSTEMS ENGINEER,"Mclean, Virginia",Defense Enterprise Office 365 Migration / DoD365; Global Service Management – Operations II; DISA Supply Chain Mgmt (GDIT),Leidos; GDIT; Microsoft,"MCLEAN, VIRGINIA; SPRINGFIELD, VIRGINIA; MORGANTOWN, WEST VIRGINIA","Engineering Manager, Technical Lead, Program Manager, Hiring Manager",8
479781,SCHEDULER,"Colorado Springs, Colorado","EDIS – Engineering, Development, Integration & Sustainment; Air Force Cyber Operations / Platform One + Cyber/DevSecOps Portfolio; Engineering Development & Integration Support",SAIC; Leidos; CACI; Booz Allen Hamilton (aggregate DevSecOps/Cyber vendors supporting CSO & P1); SAIC (via Engility); SAIC,"COLORADO SPRINGS, COLORADO","Hiring Manager, Program Manager, Team Lead, Recruiter",16
464764,POWER PLATFORM DEVELOPER,"Alexandria, Virginia",Data Center & Cloud Optimization; DHS Data Center 2; SOCOM Digital Applications Data Science Support,Peraton / Leidos (indicative); GDIT / Peraton (indicative); Iron Eagle X (now GDIT),"MC LEAN, VIRGINIA; SPRINGFIELD, VIRGINIA","Engineering Manager, Technical Lead, Program Manager, Hiring Manager",7
478959,TS/SCI ENGINEERING TECHNICIAN,"San Antonio, Texas",Army AESD Enterprise Service Desk; Army Enterprise Service Desk; Justified (SAP Security),SAIC (inferred); SAIC,"SAN ANTONIO, TEXAS","Engineering Manager, Technical Lead, Program Manager, Hiring Manager",10
483058,SOFTWARE ENGINEER,"Dayton, Ohio",Cloud One (USAF Cloud Program); DIA Information Systems Engineering Office; DISA Global Service Mgmt – Ops II,SAIC; Leidos,"FREDERICK, MARYLAND; SAN ANTONIO, TEXAS; MORGANTOWN, WEST VIRGINIA","Engineering Manager, Technical Lead, Program Manager, Hiring Manager",4
483246,TSSCI TIER 1 NETWORK MONITOR (EAST COAST),"Hampton, Virginia",Battlefield Information Collection & Exploitation System; CMS Enterprise Cloud Infrastructure Services; DLA J6 Enterprise Technology Services,CACI; Deloitte; SAIC; GDIT; GDIT; Peraton / SAIC (indicative),"STERLING, VIRGINIA; HERNDON, VIRGINIA; SPRINGFIELD, VIRGINIA","Hiring Manager, Program Manager, Team Lead, Recruiter",7
480214,TS/SCI LOGISTICS SPECIALIST,"San Antonio, Texas",Army AESD Enterprise Service Desk; Army Enterprise Service Desk; Justified (SAP Security),SAIC (inferred); SAIC,"SAN ANTONIO, TEXAS","Hiring Manager, Program Manager, Team Lead, Recruiter",12
483336,TOP SECRET SPLUNK ENGINEER,"Vienna, Virginia","Army Enterprise Service Management Framework; Global Service Management – Operations II; NGEN-R SMIT – Navy Next Generation Enterprise Network (Service Management, Integration & Transport)",SAIC; Leidos,"MORGANTOWN, WEST VIRGINIA; COLORADO SPRINGS, COLORADO","Engineering Manager, Technical Lead, Program Manager, Hiring Manager",8
478414,TOP SECRET AWS ENGINEER,"Vienna, Virginia",CMS Enterprise Cloud Infrastructure Services; Battlefield Information Collection & Exploitation System; Integrated Base Defense Security System,Leidos; GDIT; Peraton / SAIC (indicative),"HERNDON, VIRGINIA; SPRINGFIELD, VIRGINIA; RESTON, VIRGINIA","Engineering Manager, Technical Lead, Program Manager, Hiring Manager",9
313138,ELECTRICAL ENGINEER,"Cockeysville, Maryland",Global Command and Control System – Joint (Variant); DIA Information Systems Engineering Office; Global Command and Control System – Joint,Northrop Grumman; Leidos,"FREDERICK, MARYLAND; ROY, UTAH","Engineering Manager, Technical Lead, Program Manager, Hiring Manager",9
479108,TS/SCI PROGRAM MANAGER,"San Antonio, Texas",Army AESD Enterprise Service Desk; Army Enterprise Service Desk; Cloud One (USAF Cloud Program),SAIC,"SAN ANTONIO, TEXAS","Director, VP, Senior Manager, Program Director",10
480003,TRANSPORTATION AND SHIPPING COORDINATOR,"Mclean, Virginia",Defense Enterprise Office 365 Migration / DoD365; Global Service Management – Operations II; DISA Supply Chain Mgmt (GDIT),Leidos; GDIT; Microsoft,"MCLEAN, VIRGINIA; SPRINGFIELD, VIRGINIA; MORGANTOWN, WEST VIRGINIA","Hiring Manager, Program Manager, Team Lead, Recruiter",10
480203,TS/SCI CI POLY SOFTWARE ENGINEER,"Colorado Springs, Colorado","Army Enterprise Service Management Framework; EDIS – Engineering, Development, Integration & Sustainment; Engineering Development & Integration Support",SAIC (via Engility); SAIC,"COLORADO SPRINGS, COLORADO","Engineering Manager, Technical Lead, Program Manager, Hiring Manager",12
461070,TS/SCI C++ SOFTWARE ENGINEER,"Redondo Beach, California",Next-Gen OPIR (Ground + Payload); NextGen GEO (Network/Ops); Next-Generation Overhead Persistent Infrared,Northrop Grumman,"REDONDO BEACH, CALIFORNIA","Engineering Manager, Technical Lead, Program Manager, Hiring Manager",10
478425,TS/SCI SYSTEM ADMINISTRATOR,"Grand Forks, North Dakota",Global Network Operations (DISA GSM-O II); Global Network Operations II (PTS Subcontract); Global Service Management – Operations II,Leidos,"HOUSTON, TEXAS; MORGANTOWN, WEST VIRGINIA","Hiring Manager, Program Manager, Team Lead, Recruiter",6
481705,SYSTEMS ENGINEER - LEVEL 3,"Anaheim, California",GBS (Global Broadcast Service); Global Broadcast Service; DIA Information Systems Engineering Office,L3Harris; L3Harris (historical); Leidos,"FREDERICK, MARYLAND; ANAHEIM, CALIFORNIA","Engineering Manager, Technical Lead, Program Manager, Hiring Manager",12
464235,SR NETWORK DESIGN ENGINEER,"'Aiea, Hawaii",Global Network Operations (DISA GSM-O II); Global Network Operations II (PTS Subcontract); Global Service Management – Operations II,Leidos,"HOUSTON, TEXAS; MORGANTOWN, WEST VIRGINIA","Engineering Manager, Technical Lead, Program Manager, Hiring Manager",6
481743,SECRET KNOWLEDGE MANAGEMENT SPECIALIST,"Suffolk, Virginia",Global Service Management – Operations II; DLA J6 Enterprise Technology Services; JGLASS II – Shared Services,Peraton / SAIC (indicative); CACI; Deloitte; SAIC; GDIT; Leidos,"STERLING, VIRGINIA; MC LEAN, VIRGINIA; MORGANTOWN, WEST VIRGINIA","Hiring Manager, Program Manager, Team Lead, Recruiter",8
479588,DATA ENGINEER,"Scott Air Force Base, Illinois",DIA Information Systems Engineering Office; MSS Smart Systems (Palantir contract); Data Center & Cloud Optimization,Palantir; Peraton / Leidos (indicative); Leidos,"PALO ALTO, CALIFORNIA; FREDERICK, MARYLAND; MC LEAN, VIRGINIA","Engineering Manager, Technical Lead, Program Manager, Hiring Manager",6
479717,SECRET NETWORK ADMINISTRATOR II (MIDNIGHTS),"Montgomery, Alabama","Project Convergence (JADC2 Experiments); NGEN-R SMIT – Navy Next Generation Enterprise Network (Service Management, Integration & Transport); Air Force Advanced Battle Management System","Multiple: SAIC, Leidos, Booz Allen Hamilton; SAIC; Leidos","HERNDON, VIRGINIA; MORGANTOWN, WEST VIRGINIA; COLORADO SPRINGS, COLORADO","Hiring Manager, Program Manager, Team Lead, Recruiter",10
483603,DATA ANALYST,"O'fallon, Illinois",NARSIL – Advanced Research for System Intelligence & Learning; Global Service Management – Operations II; SOCOM Digital Applications Data Science Support,Peraton; Iron Eagle X (now GDIT); Leidos,"HERNDON, VIRGINIA; SPRINGFIELD, VIRGINIA; MORGANTOWN, WEST VIRGINIA","Analytics Manager, Program Manager, Team Lead, Hiring Manager",8
479003,FULL STACK ENGINEER,"Arlington, Virginia",Army IT Enterprise Mgmt Systems Solution; Defense Satellite Communications Modernization; DIA Battlefield Information Networks / BICES-X,CACI,"ARLINGTON, VIRGINIA","Engineering Manager, Technical Lead, Program Manager, Hiring Manager",10
482779,PRE-DEPLOYMENT MANAGER,"Frederick, Maryland",DIA Information Systems Engineering Office; DIA IT Sustainment & Engineering Office; Global Command and Control System – Joint (Variant),Leidos,"FREDERICK, MARYLAND","Director, VP, Senior Manager, Program Director",16
477171,SOFTWARE ARCHITECT,"Alexandria, Virginia",Air Force Advanced Battle Management System; Army IT Enterprise Mgmt Systems Solution; Battlefield Information Collection & Exploitation System,"Multiple: SAIC, Leidos, Booz Allen Hamilton; GDIT; CACI","SPRINGFIELD, VIRGINIA; HERNDON, VIRGINIA; ARLINGTON, VIRGINIA","Chief Architect, Technical Director, Engineering VP, CTO",7
483240,TSSCI TIER 1 NETWORK MONITOR,"Beale AFB, California","GBS (Global Broadcast Service); Global Broadcast Service; NGEN-R SMIT – Navy Next Generation Enterprise Network (Service Management, Integration & Transport)",L3Harris; L3Harris (historical); Leidos,"MORGANTOWN, WEST VIRGINIA; ANAHEIM, CALIFORNIA","Hiring Manager, Program Manager, Team Lead, Recruiter",7
477104,SHIPWRIGHT,"Kings Bay, Georgia",DISA Global Service Mgmt – Ops II; GBS (Global Broadcast Service); Global Broadcast Service,L3Harris; L3Harris (historical); Leidos,"ANAHEIM, CALIFORNIA; MORGANTOWN, WEST VIRGINIA","Hiring Manager, Program Manager, Team Lead, Recruiter",4
436063,PROJECT MANAGER,"Madison, Alabama",DIA Information Systems Engineering Office; Global Service Management – Operations II; Global Solutions Management – Operations II,Leidos,"HOUSTON, TEXAS; FREDERICK, MARYLAND; MORGANTOWN, WEST VIRGINIA","Director, VP, Senior Manager, Program Director",6
296131,SECRET CLEARED SOLUTIONS ARCHITECT,"Saint Louis, Missouri",Global Solutions Management – Operations II; Army Enterprise Service Management Framework; Army IT Enterprise Mgmt Systems Solution,CACI; SAIC; Leidos,"HOUSTON, TEXAS; ARLINGTON, VIRGINIA; COLORADO SPRINGS, COLORADO","Chief Architect, Technical Director, Engineering VP, CTO",6
461572,SENIOR INTEGRATION SPECIALIST,"Manassas, Virginia","Data Center & Cloud Optimization; NGEN-R SMIT – Navy Next Generation Enterprise Network (Service Management, Integration & Transport); Air Force Advanced Battle Management System","Peraton / Leidos (indicative); Multiple: SAIC, Leidos, Booz Allen Hamilton; Leidos","MC LEAN, VIRGINIA; HERNDON, VIRGINIA; MORGANTOWN, WEST VIRGINIA","Hiring Manager, Program Manager, Team Lead, Recruiter",9
453512,SECRET APPLICATION DEVELOPER,"Fairfax, Virginia",Army IT Enterprise Mgmt Systems Solution; CMS Enterprise Cloud Infrastructure Services; Integrated Base Defense Security System,Leidos; Peraton / SAIC (indicative); CACI,"HERNDON, VIRGINIA; ARLINGTON, VIRGINIA; RESTON, VIRGINIA","Engineering Manager, Technical Lead, Program Manager, Hiring Manager",9
239458,EMBEDDED SOFTWARE ENGINEER,"Broomfield, Colorado","EDIS – Engineering, Development, Integration & Sustainment; Engineering Development & Integration Support; DIA Information Systems Engineering Office",SAIC (via Engility); SAIC; Leidos,"FREDERICK, MARYLAND; COLORADO SPRINGS, COLORADO","Engineering Manager, Technical Lead, Program Manager, Hiring Manager",7
483067,TSSCI CYBER ANALYST,"Hampton, Virginia",Global Service Management – Operations II; Air Force Advanced Battle Management System; Battlefield Information Collection & Exploitation System,"Multiple: SAIC, Leidos, Booz Allen Hamilton; GDIT; Leidos","HERNDON, VIRGINIA; SPRINGFIELD, VIRGINIA; MORGANTOWN, WEST VIRGINIA","Analytics Manager, Program Manager, Team Lead, Hiring Manager",8
481235,ISSO- TOP SECRET- ON SITE,"Oakton, Virginia",Air Force Advanced Battle Management System; Army IT Enterprise Mgmt Systems Solution; Battlefield Information Collection & Exploitation System,"Multiple: SAIC, Leidos, Booz Allen Hamilton; GDIT; CACI","SPRINGFIELD, VIRGINIA; HERNDON, VIRGINIA; ARLINGTON, VIRGINIA","Hiring Manager, Program Manager, Team Lead, Recruiter",7
481938,CYBER SECURITY ENGINEER,"Groton, Connecticut",Army Enterprise Service Management Framework; Protected Satcom & Tactical Waveform Communications; Global Service Management – Operations II,L3Harris; SAIC; Leidos,"MORGANTOWN, WEST VIRGINIA; COLORADO SPRINGS, COLORADO","Engineering Manager, Technical Lead, Program Manager, Hiring Manager",9
479788,SAFETY ENGINEER,"El Segundo, California",GBS (Global Broadcast Service); Global Broadcast Service; DIA Information Systems Engineering Office,L3Harris; L3Harris (historical); Leidos,"FREDERICK, MARYLAND; ANAHEIM, CALIFORNIA","Engineering Manager, Technical Lead, Program Manager, Hiring Manager",7
483098,TSSCI CYBER CAPABILITIES TRAINER,"Hampton, Virginia",Global Service Management – Operations II; Global Solutions Management – Operations II; 16th Air Force Mission IT Support,ManTech; Leidos,"HOUSTON, TEXAS; QUANTICO, VIRGINIA; MORGANTOWN, WEST VIRGINIA","Hiring Manager, Program Manager, Team Lead, Recruiter",6
479181,HARDWARE LAB STRING ENGINEER,"Woburn, Massachusetts","Global Service Management – Operations II; NGEN-R SMIT – Navy Next Generation Enterprise Network (Service Management, Integration & Transport); DIA Information Systems Engineering Office",Leidos,"FREDERICK, MARYLAND; MORGANTOWN, WEST VIRGINIA","Engineering Manager, Technical Lead, Program Manager, Hiring Manager",8
479672,TS/SCI PROGRAM ADMINISTRATOR,"San Antonio, Texas",Army AESD Enterprise Service Desk; Army Enterprise Service Desk; Cloud One (USAF Cloud Program),SAIC,"SAN ANTONIO, TEXAS","Hiring Manager, Program Manager, Team Lead, Recruiter",10
479037,SUPPORT COUNSELOR,"Santa Cruz, California",GBS (Global Broadcast Service); Global Broadcast Service; Defense Health Agency Desktop to Datacenter,L3Harris; L3Harris (historical); GDIT,"SPRINGFIELD, VIRGINIA; ANAHEIM, CALIFORNIA","Hiring Manager, Program Manager, Team Lead, Recruiter",7
467119,"TOP SECRET FSR ANALYST (WASHINGTON, DC & FT. CAMPBELL, KY)","Washington, District Of Columbia",Advanced Battle Management System; Air Force Cyber Operations / Platform One + Cyber/DevSecOps Portfolio; DLA J6 Enterprise Technology Services 2.0,Multi (SAIC supports parts); SAIC; Leidos; CACI; Booz Allen Hamilton (aggregate DevSecOps/Cyber vendors supporting CSO & P1); Leidos; GDIT; Booz Allen; CACI; Peraton,"WASHINGTON, DISTRICT OF COLUMBIA; COLORADO SPRINGS, COLORADO","Analytics Manager, Program Manager, Team Lead, Hiring Manager",7
468922,SYSTEM ADMINISTRATOR II (BIG IP F5),"Montgomery, Alabama","Project Convergence (JADC2 Experiments); NGEN-R SMIT – Navy Next Generation Enterprise Network (Service Management, Integration & Transport); Air Force Advanced Battle Management System","Multiple: SAIC, Leidos, Booz Allen Hamilton; SAIC; Leidos","HERNDON, VIRGINIA; MORGANTOWN, WEST VIRGINIA; COLORADO SPRINGS, COLORADO","Hiring Manager, Program Manager, Team Lead, Recruiter",10
478431,SECRET CLEARED WINDOWS AND LINUX ADMIN,"Pearl City, Hawaii",Advanced Battle Management System; Air Force Advanced Battle Management System; DISA Global Service Mgmt – Ops II,"Multi (SAIC supports parts); Multiple: SAIC, Leidos, Booz Allen Hamilton; Leidos","HERNDON, VIRGINIA; MORGANTOWN, WEST VIRGINIA; COLORADO SPRINGS, COLORADO","Hiring Manager, Program Manager, Team Lead, Recruiter",6
482651,UH-60 SHEET METAL AIRCRAFT MECHANIC IIII,"Meridianville, Alabama",DISA Global Service Mgmt – Ops II; GBS (Global Broadcast Service); Global Broadcast Service,L3Harris; L3Harris (historical); Leidos,"ANAHEIM, CALIFORNIA; MORGANTOWN, WEST VIRGINIA","Hiring Manager, Program Manager, Team Lead, Recruiter",4
402196,PROJECT CONTROLS,"Dhs, Virginia",Mission Partner Environment (Field Ops / MPCO); Air Force Advanced Battle Management System; Battlefield Information Collection & Exploitation System,"Multiple: SAIC, Leidos, Booz Allen Hamilton; GDIT","HERNDON, VIRGINIA; SPRINGFIELD, VIRGINIA","Hiring Manager, Program Manager, Team Lead, Recruiter",7
474162,DEPUTY PROGRAM MANAGER,"Chambersburg, Pennsylvania",Global Service Management – Operations II; Army Enterprise Service Management Framework; Business Operations & Analytics,Northrop Grumman; SAIC; Leidos,"ROY, UTAH; COLORADO SPRINGS, COLORADO; MORGANTOWN, WEST VIRGINIA","Director, VP, Senior Manager, Program Director",8
474958,"INFORMATION SYSTEM SECURITY MANAGER (ISSM) - WARREN, MICHIGAN","Sterling Heights, Michigan",Global Service Management – Operations II; INSCOM IT Support Services (current TO iteration); INSCOM IT Support Services III,GDIT; Leidos,"STERLING HEIGHTS, MICHIGAN; MORGANTOWN, WEST VIRGINIA","Director, VP, Senior Manager, Program Director",6
476039,AEROMECHANICAL ENGINEER,"Solana Beach, California",GBS (Global Broadcast Service); Global Broadcast Service; DIA Information Systems Engineering Office,L3Harris; L3Harris (historical); Leidos,"FREDERICK, MARYLAND; ANAHEIM, CALIFORNIA","Engineering Manager, Technical Lead, Program Manager, Hiring Manager",7
476770,CONSTRUCTION SURVEILLANCE TECHNICIAN (CST) I,"Wailuku, Hawaii",DIA Information Systems Engineering Office; DISA Global Service Mgmt – Ops II; GBS (Global Broadcast Service),L3Harris (historical); Leidos,"ANAHEIM, CALIFORNIA; FREDERICK, MARYLAND; MORGANTOWN, WEST VIRGINIA","Hiring Manager, Program Manager, Team Lead, Recruiter",4
482180,SR. SOFTWARE ENGINEER W/ POLYGRAPH,"Sully, Virginia",CMS Enterprise Cloud Infrastructure Services; Battlefield Information Collection & Exploitation System; Defense Enterprise Office 365 Migration / DoD365,Microsoft; GDIT; Peraton / SAIC (indicative),"HERNDON, VIRGINIA; MCLEAN, VIRGINIA; SPRINGFIELD, VIRGINIA","Engineering Manager, Technical Lead, Program Manager, Hiring Manager",9
477098,SHIPFITTER,"Kings Bay, Georgia",Global Service Management – Operations II; DISA Global Service Mgmt – Ops II; GBS (Global Broadcast Service),L3Harris (historical); Leidos,"ANAHEIM, CALIFORNIA; MORGANTOWN, WEST VIRGINIA","Hiring Manager, Program Manager, Team Lead, Recruiter",6
483144,QUALITY ENGINEER,"Cleveland, Ohio",DIA Information Systems Engineering Office; Global Service Management – Operations II; Aegis Ballistic Missile Defense / Aegis Program,Lockheed Martin; Leidos,"FREDERICK, MARYLAND; FORT WORTH, TEXAS; MORGANTOWN, WEST VIRGINIA","Engineering Manager, Technical Lead, Program Manager, Hiring Manager",6
453521,SECRET SATELLITE SYSTEMS ENGINEER,"Grand Forks, North Dakota",DIA Information Systems Engineering Office; Global Service Management – Operations II; Battlefield Information Collection & Exploitation System,GDIT; Leidos,"FREDERICK, MARYLAND; SPRINGFIELD, VIRGINIA; MORGANTOWN, WEST VIRGINIA","Engineering Manager, Technical Lead, Program Manager, Hiring Manager",6
459677,TOP SECRET OPERATIONS SUPPORT ENGINEER,"Huntsville, Alabama",Project Convergence (JADC2 Experiments); DIA Information Systems Engineering Office; Global Service Management – Operations II,SAIC; Leidos,"FREDERICK, MARYLAND; MORGANTOWN, WEST VIRGINIA; COLORADO SPRINGS, COLORADO","Engineering Manager, Technical Lead, Program Manager, Hiring Manager",10
479699,SECRET DATABASE ENGINEER,"Herndon, Virginia",NARSIL – Advanced Research for System Intelligence & Learning; Air Force Advanced Battle Management System; CMS Enterprise Cloud Infrastructure Services,"Peraton; Multiple: SAIC, Leidos, Booz Allen Hamilton; Peraton / SAIC (indicative)","HERNDON, VIRGINIA","Engineering Manager, Technical Lead, Program Manager, Hiring Manager",18
436233,SECRET DATACENTER SME,"Suffolk, Virginia",CMS Enterprise Cloud Infrastructure Services; Data Center & Cloud Optimization; DoD High Performance Computing Modernization Program – HITS / HITS-U Support,Peraton / Leidos (indicative); SAIC; Peraton / SAIC (indicative),"MC LEAN, VIRGINIA; HERNDON, VIRGINIA; SAN ANTONIO, TEXAS","Hiring Manager, Program Manager, Team Lead, Recruiter",9
454385,"SECRET FSR ANALYST (CALIBAN: SAN FRANCISCO, CA; MIAMI, FL; JUNEAU, AK)","San Francisco, California",Intelligence Systems Enterprise Operations; GBS (Global Broadcast Service); Global Broadcast Service,L3Harris; L3Harris (historical); Leidos,"FREDERICK, MARYLAND; ANAHEIM, CALIFORNIA","Analytics Manager, Program Manager, Team Lead, Hiring Manager",8
483590,AIR MOBILITY OPERATIONS SME,"O'fallon, Illinois",Global Service Management – Operations II; Global Solutions Management – Operations II; Air Force Advanced Battle Management System,"Multiple: SAIC, Leidos, Booz Allen Hamilton; Leidos","HOUSTON, TEXAS; HERNDON, VIRGINIA; MORGANTOWN, WEST VIRGINIA","Hiring Manager, Program Manager, Team Lead, Recruiter",8
477769,ELECTRO-MECHANICAL ASSEMBLY TECHNICIAN,"San Diego, California",GBS (Global Broadcast Service); Global Broadcast Service; DIA Information Systems Engineering Office,L3Harris; L3Harris (historical); Leidos,"FREDERICK, MARYLAND; ANAHEIM, CALIFORNIA","Hiring Manager, Program Manager, Team Lead, Recruiter",7
350529,SENIOR MECHANICAL EQUIPMENT & TOOL ENGINEER,"Seattle, Washington","EDIS – Engineering, Development, Integration & Sustainment; Engineering Development & Integration Support; Global Command and Control System – Joint",SAIC (via Engility); SAIC; Northrop Grumman,"ROY, UTAH; COLORADO SPRINGS, COLORADO","Engineering Manager, Technical Lead, Program Manager, Hiring Manager",6
475841,SUPERINTENDENT - MILCON,"Fort Bliss, Texas",Global Solutions Management – Operations II; DoD High Performance Computing Modernization Program – HITS / HITS-U Support; Global Network Operations (DISA GSM-O II),SAIC; Leidos,"HOUSTON, TEXAS; SAN ANTONIO, TEXAS","Hiring Manager, Program Manager, Team Lead, Recruiter",9
479753,V-22 AIRCRAFT MAINTENANCE AND MODIFICATION TECHNICIAN,"San Diego, California",GBS (Global Broadcast Service); Global Broadcast Service; Global Command and Control System – Joint,L3Harris; L3Harris (historical); Northrop Grumman,"ROY, UTAH; ANAHEIM, CALIFORNIA","Hiring Manager, Program Manager, Team Lead, Recruiter",7
482139,SECRET LEAD F-16 SIMULATOR TECHNICIAN,"Sunset, Utah",Global Command and Control System – Joint; Intelligence Systems Infrastructure Tools & Enhancements; STRATCOM Mission Readiness Support,Northrop Grumman (assumed); Northrop Grumman,"ROY, UTAH","Director, VP, Senior Manager, Program Director",7
460481,TS/SCI - SENIOR SURVIVABILITY ENGINEER,"Huntsville, Alabama",Aegis Ballistic Missile Defense / Aegis Program; DIA Information Systems Engineering Office; Information Technology Sustainment for Enhanced Ops,Lockheed Martin; Leidos,"FORT WORTH, TEXAS; FREDERICK, MARYLAND","Engineering Manager, Technical Lead, Program Manager, Hiring Manager",6
483792,SECRET SOFTWARE ENGINEER,"Colorado Springs, Colorado","EDIS – Engineering, Development, Integration & Sustainment; Engineering Development & Integration Support; Army Enterprise Service Management Framework",SAIC (via Engility); SAIC,"COLORADO SPRINGS, COLORADO","Engineering Manager, Technical Lead, Program Manager, Hiring Manager",14
314201,CLEARED ELECTRONIC WARFARE ENGINEER,"Manchester, New Hampshire","EDIS – Engineering, Development, Integration & Sustainment; DIA Information Systems Engineering Office; Engineering Development & Integration Support",SAIC (via Engility); SAIC; Leidos,"FREDERICK, MARYLAND; COLORADO SPRINGS, COLORADO","Engineering Manager, Technical Lead, Program Manager, Hiring Manager",8
455231,CYBER SYSTEMS & NETWORK OPERATIONS SPECIALIST- TS,"Lincoln, Massachusetts","NGEN-R SMIT – Navy Next Generation Enterprise Network (Service Management, Integration & Transport); Advanced Medium-Range Air-to-Air Missile (AMRAAM) Production & Sustainment; Air Force Advanced Battle Management System","Multiple: SAIC, Leidos, Booz Allen Hamilton; Raytheon; Leidos","ANDOVER, MASSACHUSETTS; HERNDON, VIRGINIA; MORGANTOWN, WEST VIRGINIA","Hiring Manager, Program Manager, Team Lead, Recruiter",10
462446,SECRET AMPHIBIOUS RAIDS INSTRUCTOR,"Jacksonville, North Carolina",GBS (Global Broadcast Service); Global Broadcast Service; Global Service Management – Operations II,L3Harris; L3Harris (historical); Leidos,"MORGANTOWN, WEST VIRGINIA; ANAHEIM, CALIFORNIA","Hiring Manager, Program Manager, Team Lead, Recruiter",7
479658,TS/SCI SENIOR DEVSECOPS ENGINEER,"Hanahan, South Carolina",GBS (Global Broadcast Service); Global Broadcast Service; CMS Enterprise Cloud Infrastructure Services,L3Harris; L3Harris (historical); Peraton / SAIC (indicative),"HERNDON, VIRGINIA; ANAHEIM, CALIFORNIA","Engineering Manager, Technical Lead, Program Manager, Hiring Manager",7
449101,CBP GCP PLATFORM ENGINEER (MID-LEVEL),"Broad Run, Virginia",CMS Enterprise Cloud Infrastructure Services; Air Force Advanced Battle Management System; Battlefield Information Collection & Exploitation System,"Multiple: SAIC, Leidos, Booz Allen Hamilton; GDIT; Peraton / SAIC (indicative)","HERNDON, VIRGINIA; SPRINGFIELD, VIRGINIA","Engineering Manager, Technical Lead, Program Manager, Hiring Manager",9
437999,TS/SCI - GCCS SYSTEMS ENGINEER,"Colorado Springs, Colorado","EDIS – Engineering, Development, Integration & Sustainment; Protected Satcom & Tactical Waveform Communications; Protected Tactical SatCom / Waveform",L3Harris; SAIC,"COLORADO SPRINGS, COLORADO","Engineering Manager, Technical Lead, Program Manager, Hiring Manager",12
476933,TOP SECRET ELECTRONICS EXPLOITATION DEPLOYER,"Aberdeen Proving Ground, Maryland",DISA JWCC – Joint Warfighting Cloud Capability; Joint Warfighting Cloud Capability; JWCC – ATAT Expansion Path,AWS; Microsoft; Google; Oracle; Amazon; Microsoft; Google; Oracle,"ABERDEEN PROVING GROUND, MARYLAND","Hiring Manager, Program Manager, Team Lead, Recruiter",8
453153,ELECTRICAL ENGINEER 4,"Tucson, Arizona","Integrated Digital Engineering Environment; NGEN-R SMIT – Navy Next Generation Enterprise Network (Service Management, Integration & Transport); Army Integrated Battle Command System",Leidos; Northrop Grumman,"CHANDLER, ARIZONA; MORGANTOWN, WEST VIRGINIA; ROY, UTAH","Engineering Manager, Technical Lead, Program Manager, Hiring Manager",8
478759,CAPTURE MANAGER,"Huntsville, Alabama",Global Service Management – Operations II; Global Solutions Management – Operations II; Army Enterprise Service Management Framework,SAIC; Leidos,"HOUSTON, TEXAS; COLORADO SPRINGS, COLORADO; MORGANTOWN, WEST VIRGINIA","Director, VP, Senior Manager, Program Director",8
481972,SECRET NETWORK ENGINEER,"Fairfax, Virginia","NGEN-R SMIT – Navy Next Generation Enterprise Network (Service Management, Integration & Transport); GPS Next-Gen Operational Control System; Army IT Enterprise Mgmt Systems Solution",Raytheon Intelligence & Space; CACI; Leidos,"AURORA, COLORADO; ARLINGTON, VIRGINIA; MORGANTOWN, WEST VIRGINIA","Engineering Manager, Technical Lead, Program Manager, Hiring Manager",10
476455,COLDFUSION DEVELOPER,"New York, New York",Global Service Management – Operations II; Global Solutions Management – Operations II; Intelligence Systems Infrastructure Tools & Enhancements,Northrop Grumman; Leidos,"HOUSTON, TEXAS; ROY, UTAH; MORGANTOWN, WEST VIRGINIA","Engineering Manager, Technical Lead, Program Manager, Hiring Manager",6
476549,CNC PROGRAMMER,"Jacksonville, Florida",Advanced Medium-Range Air-to-Air Missile (AMRAAM) Production & Sustainment; DIA Information Systems Engineering Office; DISA Global Service Mgmt – Ops II,Raytheon; Leidos,"FREDERICK, MARYLAND; MORGANTOWN, WEST VIRGINIA; ANDOVER, MASSACHUSETTS","Hiring Manager, Program Manager, Team Lead, Recruiter",4
479258,JUNIOR NUCLEAR HARDNESS ELECTRICAL ENGINEER,"Hill AFB, Utah",SPICE (Space Payload Integration & Cyber Eng); Global Command and Control System – Joint; DIA Information Systems Engineering Office,Leidos; SAIC / LinQuest (indicative); Northrop Grumman,"FREDERICK, MARYLAND; SAN ANTONIO, TEXAS; ROY, UTAH","Engineering Manager, Technical Lead, Program Manager, Hiring Manager",14
477425,SIMULATION SYSTEMS ENGINEER II,"Suffolk, Virginia","NARSIL – Advanced Research for System Intelligence & Learning; NGEN-R SMIT – Navy Next Generation Enterprise Network (Service Management, Integration & Transport); Army Backbone Infrastructure Modernization – Task Order 2",Peraton; CACI; Leidos,"HERNDON, VIRGINIA; CHANTILLY, VIRGINIA; MORGANTOWN, WEST VIRGINIA","Engineering Manager, Technical Lead, Program Manager, Hiring Manager",11
426530,CLEARED GNC SR. PRINCIPAL ENGINEER,"Chandler, Arizona",Hypersonic & Ballistic Tracking Space Sensor; Army Integrated Battle Command System; GMD Weapon System (Ground C2),Northrop & L3Harris (co-primes); Northrop Grumman,"CHANDLER, ARIZONA","Engineering Manager, Technical Lead, Program Manager, Hiring Manager",14
434176,SECRET CLEARED TECHNICAL WRITER,"San Diego, California",GBS (Global Broadcast Service); Global Broadcast Service; Global Service Management – Operations II,L3Harris; L3Harris (historical); Leidos,"MORGANTOWN, WEST VIRGINIA; ANAHEIM, CALIFORNIA","Hiring Manager, Program Manager, Team Lead, Recruiter",7
471236,ONSITE PLM APPLICATION ANALYST,"East Hartford, Connecticut",Advanced Battle Management System; Army Enterprise Service Management Framework; Army AESD Enterprise Service Desk,Multi (SAIC supports parts); SAIC,"SAN ANTONIO, TEXAS; COLORADO SPRINGS, COLORADO","Analytics Manager, Program Manager, Team Lead, Hiring Manager",7
480870,TOP SECRET .NET DEVELOPER,"Ashburn, Virginia",Army IT Enterprise Mgmt Systems Solution; CMS Enterprise Cloud Infrastructure Services; DLA J6 Enterprise Technology Services,CACI; Deloitte; SAIC; GDIT; Peraton / SAIC (indicative); CACI,"STERLING, VIRGINIA; HERNDON, VIRGINIA; ARLINGTON, VIRGINIA","Engineering Manager, Technical Lead, Program Manager, Hiring Manager",7
447457,TS/SCI COMPLY-TO-CONNECT & ENDPOINT POLICY ANALYST,"Alexandria, Virginia",Air Force Advanced Battle Management System; Integrated Base Defense Security System; Global Command and Control System – Joint,"Northrop Grumman; Multiple: SAIC, Leidos, Booz Allen Hamilton; Leidos","HERNDON, VIRGINIA; ROY, UTAH; RESTON, VIRGINIA","Analytics Manager, Program Manager, Team Lead, Hiring Manager",9
