First Name,Direct Phone,Email,General Notes,Labor Gaps,Last Name,Location,Mobile Phone,Pain Points,Reports To,Title
Lori,N/A,lori.belnap@ngc.com,"Seasoned program leader overseeing Sentinel’s Ogden teams. Likely focused on cross-team alignment and mitigating contractor overlaps (BAE presence). Prime’s support on similar ICBM programs like SMORS provides surge PMO staffing, so we can quietly reinforce her team. (Icebreaker: Acknowledge her role keeping Sentinel’s complex effort on track and offer credible help based on our track record.)",Short on PMO support staff – needs additional cleared project controllers and schedulers to track schedules/risks and assist with $13B program administration.,Belnap,"Ogden, UT",N/A,Must coordinate Sentinel efforts across multiple sites (BAE overlap at Hill AFB complicates interface) while managing a massive program schedule and cross-team alignment.,GBSD Program Executive Office,Director & Program Manager (Sentinel Program)
Renee,N/A,renee.mccormick@ngc.com,Experienced deputy PM supporting Sentinel’s execution in Ogden. Likely focuses on detailed coordination and risk mitigation to prevent schedule slips. Prime provided surge PM support on programs like SMORS (ops continuity) – we can similarly back her up with extra project controllers. (Intro: Note her behind-the-scenes integrator role and mention our success bolstering program offices on similar efforts.),"Needs more cleared project analysts to help monitor schedules, risks, and coordinate across IPTs (currently limited support bandwidth).",McCormick,"Ogden, UT",N/A,Balancing day-to-day program execution with risk management – keeps Sentinel on schedule amid shifting priorities.,Lori Belnap (Program Manager),Deputy Program Manager (Sentinel Program)
Michelle,N/A,michelle.yung@ngc.com,"Key program manager at Sentinel’s Roy HQ, coordinating overall project execution. Facing schedule alignment and risk-management challenges as the program evolves. Could use cleared schedulers and analysts to assist with the heavy PMO workload. Prime has provided surge PMO staff on similar large programs (e.g. SMORS). (Icebreaker: Compliment her role as the “glue” of Sentinel and mention our track record filling PMO support roles on Northrop programs.)",Needs additional cleared project controllers and risk management specialists to help track the massive IMS and mitigate program risks – essentially more hands in the PMO to handle heavy coordination and EVMS reporting.,Yung,"Roy, UT",N/A,Keeping the $13B Sentinel master schedule realistic and aligned across IPTs; managing constant risk of delays or scope changes. Also ensuring clear communication among all teams so nothing falls through the cracks.,GBSD Program Executive (Roy),"Program Manager, PMO – Sentinel"
Patrick,N/A,patrick.roberts@ngc.com,"21-year USAF munitions veteran turned Sentinel test planning lead – brings deep logistics-to-testing continuity. Now facing schedule bottlenecks in Sentinel’s test cycle as production and testing overlap. Could benefit from additional cleared test engineers and digital integration support to ease those bottlenecks. Prime has supported similar test/production phases on NGI and IBCS, building trust with experienced cleared talent. (Icebreaker: Praise his USAF-to-GBSD transition and inquire where the test pipeline is feeling pressure – offering help to quietly alleviate it.)",Needs more cleared test engineers and digital engineering support to relieve bottlenecks in test execution and data management as Sentinel moves from design into full testing.,Roberts,"Roy, UT (Hill AFB area)",703-431-0560 (cell),"Balancing aggressive production schedules with rigorous test/verification – risk of bottlenecks as testing ramps up, and ensuring digital traceability of test data.",Michelle Yung (Program Manager),Senior Principal Project Manager – Sentinel Test & Evaluation
Chavelli,N/A,chavelli.deleon@ngc.com,"Leads Sentinel’s project coordination office, overseeing schedules and project support. Likely challenged by the sheer volume of moving parts in Sentinel’s timeline and keeping every IPT synced. More cleared project coordinators could ensure no task falls through the cracks. Prime provided similar PMO support on SMORS (sustainment program), so we can augment her team with experienced project staff. (Icebreaker: Note that orchestrating Sentinel’s schedule is pivotal and mention we’ve helped other NG program offices when bandwidth was tight.)","Would benefit from additional project coordinators/analysts to help track tasks, maintain schedules, and support proposal efforts (current PMO staff stretched thin).",De Leon,"Ogden, UT",N/A,Oversees PMO project coordinators and schedules – faces heavy load coordinating myriad program tasks and timelines across teams. Risk of schedule slips if any area falls through the cracks.,Lori Belnap (Program Manager),"Manager, Project Management (Sentinel PMO)"
Maren,N/A,maren.anderson@ngc.com,"PMO project manager coordinating Sentinel tasks and schedules. Likely balancing a high volume of action items and cross-functional deliverables, working to ensure nothing falls behind. Additional cleared project analysts could help manage the workload and keep everything on track. Prime has supported Northrop program offices with exactly that kind of extra manpower. (Approach: Acknowledge how critical her coordinating role is and offer help via our experienced project support personnel.)","Could use an extra project analyst or scheduler to help track action items and deadlines, ensuring program tasks don’t overwhelm her small team.",Anderson,"Ogden, UT",N/A,Coordinates day-to-day program tasks – juggles cross-functional deliverables and shifting priorities in the PMO. Risk of overload managing many action items simultaneously.,Lori Belnap (Program Manager),Project Manager – Program Management Office (PMO)
Cote,N/A,cote.doiron@ngc.com,"Principal project manager supporting Sentinel program initiatives. Likely handling a major sub-project with tight deadlines, he faces intense coordination demands and perhaps limited dedicated resources. Extra cleared project staff or SMEs could help execute tasks and mitigate delays. Prime’s involvement in similar initiatives (providing surge PMs via BOA) shows we can plug in experienced help when his project hits crunch time. (Icebreaker: Reference the complexity of the project he leads and mention how we’ve assisted similar large sub-projects at Northrop.)","Would benefit from additional subject-matter experts or deputy project managers to handle technical tasks and vendor coordination on his sub-project, allowing him to focus on high-level execution.",Doiron,"Ogden, UT",N/A,Leading major Sentinel initiatives – must manage specific sub-project(s) under tight deadlines and complex requirements. Faces coordination issues and resource constraints on his project.,Lori Belnap (Program Manager),Principal Project Manager – Sentinel Program
Richard,801-388-5936,richard.toothacre@ngc.com,"Project manager embedded in Sentinel’s manufacturing/engineering side. Likely coordinates between design engineering and production teams, dealing with engineering changes and supplier schedules. Could face production delays if resources are tight. Additional cleared manufacturing project coordinators or supplier liaisons could help keep build timelines on track. Prime has delivered propulsion and flight hardware engineers on NGI, so we understand the production-side demands. (Icebreaker: Acknowledge his role linking design to build, and mention we’ve supported similar production ramps on Northrop programs.)","Needs support from manufacturing engineers or supply chain specialists to manage supplier lead times and implementation of design updates, so production stays on schedule.",Toothacre,"Ogden, UT",N/A,Bridges manufacturing and program office efforts – ensuring production/test equipment readiness and handling design changes affecting manufacturing. Faces bottlenecks if engineering changes occur late.,Lori Belnap (Program Manager),Project Manager – Manufacturing Engineering (Sentinel Program Office)
Kevin,N/A,kevin.ashurst@ngc.com,"Program manager guiding Sentinel’s integration and planning efforts. Coordinates the program roadmap across IPTs, so he struggles with synchronizing multiple schedules and anticipating cross-team issues. More cleared master schedulers or systems integration analysts would help ensure no disconnects in the plan. Prime has supplied integration support staff on complex C2 programs like IBCS, so we can aid Kevin in keeping the Sentinel roadmap synchronized. (Icebreaker: Emphasize how critical his planning role is and note we’ve got people experienced in aligning large-scale program schedules.)","Needs additional systems integrators or master schedulers to help map interdependencies and quickly adjust the Integrated Master Schedule (IMS) when changes occur, preventing schedule slips.",Ashurst,"Ogden, UT",N/A,Leads program integration & planning – must synchronize multiple IPT schedules and long-term program roadmap. Pain points include preempting integration issues and adjusting plans to design changes.,Lori Belnap (Program Manager),Program Manager – Integration & Planning (Sentinel)
Clint,N/A,clint.stanger@ngc.com,Program manager in Ogden handling a dedicated Sentinel sub-project. Likely runs a critical segment (e.g. a particular module or facility) and faces the challenge of hitting milestones while aligning with the overall program. Extra cleared project support or technical specialists would reduce strain and help him meet targets. Prime’s breadth of cleared talent means we can reinforce niche project areas as needed (we did similar on WISLA’s C2 segment). (Icebreaker: Acknowledge the importance of the project he owns and note we’ve supported similarly focused projects on big programs.),Could use an assistant project manager or additional engineers for his sub-project to ensure technical tasks are completed on time without overloading his core team.,Stanger,"Ogden, UT",N/A,Responsible for a specific Sentinel sub-project or IPT – must meet that segment’s goals while coordinating with broader program. Faces competing priorities and resource allocation issues within his project.,Lori Belnap (Program Manager),Program Manager – Sentinel (Sub-Project Lead)
David,N/A,david.manke@ngc.com,"Senior principal PM supporting Sentinel’s execution (operations/business side). Likely handles program financials and internal coordination, under pressure to keep everything on plan. Could benefit from cleared program control analysts to assist with earned value tracking and management reporting. Prime’s surge staffing on SMORS and similar efforts means we can provide experienced business/operations support to help David maintain program performance. (Icebreaker: Emphasize how he keeps the business engine running and mention we’ve helped with similar heavy EVMS workloads on other programs.)","Needs additional program analysts or business managers to help with cost/schedule performance tracking (EVMS) and proposal prep, ensuring the program’s business side keeps pace with technical progress.",Manke,"Ogden, UT",N/A,"Oversees high-level program operations/business management tasks – heavy workload tracking budgets, schedules, proposals for Sentinel. Faces pressure to maintain performance metrics and respond to program changes.",Lori Belnap (Program Manager),Senior Principal Project Manager – Sentinel Program
Ericka,N/A,ericka.zavala@ngc.com,Program manager in Ogden supporting Sentinel execution. Likely manages a subset of the program and deals with day-to-day issue resolution and team coordination. Could be stretched thin; an extra cleared deputy PM or project engineer could help handle routine coordination. Prime has stepped in on similar DoD programs by providing auxiliary PMs to share the load. (Icebreaker: Note that she’s keeping a big piece of Sentinel moving and offer that we have experienced PM talent ready to assist her team if needed.),"Would benefit from a deputy PM or project engineer to take on some day-to-day coordination and documentation, allowing her to focus on high-level problem solving and customer interactions.",Zavala,"Ogden, UT",N/A,Drives execution of part of Sentinel in Ogden – must resolve day-to-day issues and coordinate with other PMs. Challenges include resource contention and technical issues requiring quick PM decisions.,Lori Belnap (Program Manager),Program Manager – Sentinel Program Office
Jared,N/A,jared.shimoun@ngc.com,"Technical program manager driving Sentinel’s technical projects. He straddles engineering and management, likely dealing with integration snags and technical risk mitigation. Could use another cleared technical lead or two to handle detailed problem-solving so he can maintain the broader schedule. Prime’s record on IBCS (placing cleared systems engineers in project teams) shows we can strengthen teams like Jared’s with skilled engineering staff. (Icebreaker: Highlight his rare dual role and mention we understand how to support leaders who bridge tech and management.)","Needs additional technical leads or systems engineers to delegate some technical problem-solving, allowing him to focus on project integration and milestone management without getting bogged down in every detail.",Shimoun,"Ogden, UT",N/A,Oversees technical projects within Sentinel – must translate complex engineering tasks into executable plans. Pain points include solving technical issues that threaten schedule and wearing both engineering and management hats.,Lori Belnap (Program Manager),Technical Program Manager – Sentinel
Chelsea,N/A,chelsea.deuel@ngc.com,"Project manager handling Sentinel project efforts in Ogden. Coordinates specific deliverables and timelines, and likely contends with scope changes and tight deadlines. An extra cleared project coordinator could help manage details and paperwork, preventing burnout. Prime’s experience on other NG programs shows we can step in with exactly that kind of support when internal teams are stretched. (Icebreaker: Acknowledge how she keeps her piece of Sentinel on track and note that we have people who’ve done the same on similarly complex projects.)","Could use a project coordinator or junior PM to help track milestones, manage documentation, and communicate changes – ensuring her project stays on track even as program-level changes occur.",Deuel,"Ogden, UT",N/A,Manages Sentinel-related project work – must keep specific project deliverables on schedule and handle cross-team dependencies. Likely faces shifting requirements and tight deadlines on her projects.,Lori Belnap (Program Manager),Project Manager – Sentinel Program
George,310-251-8155,george.abawi@ngc.com,"Engineering manager contributing to Sentinel (Space Systems side). Likely oversees a cross-functional engineering team in CA and must sync their work with Utah teams. May face coordination and communication gaps due to geography. Additional cleared engineers or liaisons in Roy could help ensure his team’s outputs integrate seamlessly. Prime has supported Northrop’s CA–UT engineering efforts on programs like IBCS and WISLA, placing engineers across sites. (Icebreaker: Note that managing a remote engineering team is challenging and mention we have talent in both CA and UT to reinforce his efforts where needed.)",Needs more on-site engineering support or liaisons in Roy/Utah to ensure his CA-based team’s work integrates smoothly – additional cleared systems engineers to bridge any communication and integration gaps between Redondo and Roy.,Abawi,"Redondo Beach, CA",N/A,Leads an engineering team for Sentinel (likely in Space Systems) – must ensure design efforts meet program needs across locations. Pain points include coordinating with Utah teams and integrating his team’s output with the overall system.,Sentinel Program Engineering Director,"Manager, Engineering (Sentinel Program)"
Jasmine,801-721-9101,jasmine.nesbitt@ngc.com,"RTE (Release Train Engineer) running Sentinel’s Agile train. She keeps multiple dev teams in sync on iteration cadence – a tough job on a massive program. Likely struggles to align sprint results with Sentinel’s broader schedule and handle dependencies across teams. More cleared Scrum Masters or agile PM support could keep the train on schedule without burnout. Prime’s provided Agile DevOps talent for IBCS, so we understand scaling Agile in defense programs. (Icebreaker: Recognize that translating Agile to an ICBM program is no small feat and mention we’ve helped similar C2 software teams stay on track in fast-paced environments.)",Needs additional Scrum Masters or Agile coordinators to help manage the numerous teams and backlogs – ensuring continuous integration doesn’t overwhelm her and that Agile practices scale smoothly across the large program.,Nesbitt,"Hill AFB, UT",N/A,"Coordinates Agile release cycles for Sentinel software – must synchronize multiple Scrum teams and sprints with program milestones. Pain point: aligning fast-paced Agile iterations with the program’s larger, hardware-driven schedule.",Kevin Ashurst (Integration & Planning PM),"Project Manager, Release Train Engineer (Agile)"
Jonathan,801-391-6913,jonathan.snow@ngc.com,"Principal PM in Sentinel’s PMO, likely responsible for a large portion of program execution. Balances oversight of multiple teams and deliverables. Could use more support staff (cleared project analysts) to monitor tasks and metrics so nothing is overlooked. Prime’s experience augmenting program offices means we can readily provide a qualified assistant PM to back Jonathan up. (Icebreaker: Emphasize the scale of what he oversees and note that we can furnish experienced help to keep complex programs on track, as we’ve done elsewhere.)","Would benefit from an assigned deputy or project analyst to help with day-to-day tracking and interfacing with technical teams – someone to handle meeting follow-ups, metrics, and initial issue triage so he can focus on strategic decisions.",Snow,"Ogden, UT",N/A,"Oversees a broad segment of the program as a principal PM – must integrate activities of multiple teams under his purview and maintain schedule and budget for his segment. Pain: extremely high workload and oversight of many parallel tasks, with risk of something slipping without enough support.",Lori Belnap (Program Manager),Principal Project Manager (Sentinel)
Surawat,385-280-2855,surawat.pookchan@ngc.com,"Principal scheduling analyst for Sentinel, managing the complex IMS. Likely inundated by updates from all teams and the task of aligning them in e.g. Microsoft Project. Extra cleared schedulers or project controllers would help him maintain schedule fidelity and perform analysis without burnout. Prime has provided Earned Value and scheduling specialists on similar mega-programs, so we can bolster his scheduling team. (Icebreaker: Acknowledge that keeping Sentinel’s schedule straight is a herculean task and note we have veteran schedulers who’ve done it on programs like SMORS ready to assist.)","Needs additional scheduling analysts or scheduling tool automation to manage the volume – another cleared scheduler could help update the IMS and run analyses (EVM, critical path) so the schedule stays reliable despite frequent changes.",Pookchan,"Roy, UT",N/A,"Maintains the integrated master schedule (IMS) for Sentinel – an enormous, evolving schedule. Pain points: continual changes from IPTs require re-sync, and keeping hundreds of schedule entries up to date is extremely time-consuming for one person.",Kevin Ashurst (Integration & Planning PM),Program Planning & Scheduling Principal Analyst (Sentinel)
Wesley,801-726-5835,wesley.ludlow@ngc.com,"Principal PM in Sentinel’s program office, likely handling a complex segment of the program. Faces intense coordination demands and many concurrent tasks. An extra cleared deputy PM or project coordinator could take on routine management duties and reduce his load. Prime has seen similar situations and provided experienced support PMs via BOA, so we can do the same for Wesley. (Icebreaker: Recognize the breadth of what he manages and mention that we have seasoned PM folks who can step in to share the load when needed.)","Would benefit from a deputy PM or additional project coordinator to whom he can delegate routine project management tasks (status tracking, reporting), ensuring he can focus on critical leadership and problem-solving.",Ludlow,"Ogden, UT",N/A,"Manages a major portion of the program as a principal PM – must deliver results for his area while coordinating with peer PMs. Pain: high complexity and possibly not enough mid-level managers under him, leading to personal overload to keep everything on track.",Lori Belnap (Program Manager),Principal Project Manager (Sentinel)
John,N/A,john.powell@orbital.com (Orbital ATK),"Program manager leading Sentinel’s logistics & sustainment IPT. Balancing massive acquisition logistics demands – from spares to training systems – as development continues. Facing supply chain and ILS challenges (vendor gaps, long-lead items). Could use additional ILS engineers and technical logisticians to develop documentation and provisioning models ahead of deployment. Prime supported STRATCOM’s SMORS sustainment with engineers and ILS staff, directly mirroring Sentinel’s needs. (Icebreaker: Mention his role as “go-to” for Sentinel sustainment and reference our ICBM sustainment experience on SMORS, offering extra cleared hands to help where the plan is hitting friction.)","Needs more cleared ILS engineers, logisticians, and maintenance trainers to prepare for transition to deployment – extra personnel to write manuals, plan spares, and model sustainment so nothing is missed before Sentinel goes operational.",Powell,"Roy, UT / Hill AFB",N/A,"Overseeing Sentinel’s sustainment planning – must synchronize spare parts, training, and depot logistics with development pace. Pain points: supply chain and ILS challenges (modernizing old Minuteman-era logistics) and ensuring maintenance documentation/training keep up.",Lori Belnap (Program Manager),Program Manager – Acquisition Logistics & Sustainment
Orrin,385-442-0863,N/A (internal),"Deputy MS&A lead and technical fellow spearheading Sentinel’s modeling & simulation efforts. Facing challenges in achieving high-fidelity digital twins and simulations across all subsystems, with demand for modeling talent exceeding supply. Could benefit from more cleared MBSE/modeling SMEs to expand his multi-disciplinary simulation team. Prime has provided exactly such experts on parallel programs (NGI, IBCS digital engineering). (Icebreaker: Admire his unique background – from AR-15 tech to nuclear simulations – and mention we have MBSE gurus who can help relieve any simulation bottlenecks on his plate.)","Needs additional cleared systems modelers and MBSE specialists (tools like Cameo, AFSIM) to support scenario simulations and data analysis – also potentially cleared software developers to improve/customize simulation tools.",Pope,"Huntsville, AL",801-745-7887,"Driving high-fidelity modeling and digital twin development – pain points include ensuring simulation accuracy across propulsion, guidance, and C2 domains, and shortage of cleared MBSE/modeling experts to meet demand.",Sentinel MS&A Lead,"Technical Fellow & Deputy Lead – Modeling, Simulation & Analysis (MS&A)"
Rachel,N/A,N/A,"Sentinel program’s chief systems engineer (PMO) – a behind-the-scenes integrator with a rare background bridging NASA and GBSD. Likely grappling with “find and fix what no one else catches” syndrome, from interface control to cyber compliance. Additional cleared integration engineers or automated test scripters would free her for higher-level issues. Prime has inserted subject-matter experts in similar roles (we provided cross-discipline integrators on SMORS and NGI) to ensure nothing falls through the cracks. (Icebreaker: Note her reputation for catching unseen issues and assure we’re comfortable being extra “eyes and hands” to uphold that standard – citing our experts who thrived in similar integration roles.)","Needs specialized test/integration engineers or MBSE modelers to handle behind-the-scenes validation work and free her to focus on critical problems. Also could use a few junior systems engineers to mentor, to carry knowledge forward (given her unique skill set).",Geerlings,"Roy, UT",808-333-2353 (cell),High-level systems engineering oversight – catches integration “gotchas” no one else sees. Pain points: ensuring all subsystems interface correctly (finding hidden issues) and balancing cybersecurity compliance with system performance. Likely feels strain of being the go-to problem solver for any systems issue.,Program Engineering Director,Chief Engineer – Sentinel Program (Systems)
Seth,385-390-7452,seth.fackler@ngc.com,"Systems Engineering & Integration (SE&I) IPT lead for Sentinel. Orchestrates system integration across Roy/Hill/Redondo, facing the monumental task of aligning every subsystem. Clear talent gaps in MBSE and integration have been noted at Roy, making Seth’s job harder. Extra cleared integration engineers and MBSE modelers would help ensure nothing falls through the cracks during integration. Prime’s history with large integration efforts (e.g. supporting NGI’s systems integration) means we can readily supply hands-on integration support to Seth’s team. (Icebreaker: Emphasize how critical his integration mission is and mention we know Roy is a “priority strike zone” with MBSE/ISSO gaps – gaps we’re prepared to help fill.)","Needs more integration engineers and configuration managers on the team to map out inter-system interfaces and chase down discrepancies, as well as MBSE support to maintain a single source of truth for requirements.",Fackler,"Roy, UT",717-917-4491,"Leads systems integration across Sentinel – must ensure all subsystems (across sites) come together. Pain: duplicate efforts and interface gaps between distributed teams, plus heavy coordination burden across Roy, Hill, COS, etc.",Program Chief Engineer (Systems),SE&I Lead (Systems Engineering & Integration Lead)
Sharon,385-442-1095,sharon.balogun@ngc.com,"Principal systems engineer on the SE&I team, serving as a go-to integrator. Probably juggling integration issues in multiple domains (possible Huntsville MS&A liaison given her 256 number). Could use additional integration analysts to help with modeling or data crunching so she can concentrate on solving high-level problems. Prime’s cleared systems analysts have aided similar integration efforts (e.g. on SMORS digital integration), and we can supply the same for Sharon’s team. (Icebreaker: Acknowledge she’s often solving tough integration puzzles and mention we have folks who can step in on the number-crunching and model-running to free her up for the big issues.)","Needs an extra set of hands for integration analysis – perhaps a junior systems engineer or digital simulation analyst to handle routine integration checks, especially bridging her work between Huntsville and Roy, so she can focus on critical integration fixes.",Balogun,"Roy, UT (supports Huntsville)",256-640-0787,"Key SE&I contributor tackling cross-discipline technical problems daily. Pain: likely spread across multiple integration issues and possibly supporting modeling & simulation (256 area code suggests Huntsville MS&A ties), so balancing remote coordination and detail work.",Seth Fackler (SE&I Lead),"Principal Systems Engineer, SE&I"
Stewart,702-241-4900,stewart.minteer@ngc.com,"Principal systems engineer in SE&I working remotely (Las Vegas support to Roy) on test data/digital integration. Faces challenges in staying fully synced with the core team and managing heavy integration of test data remotely. An additional cleared engineer on-site in Roy to liaise with Stewart (or improved remote collaboration processes) would ensure nothing gets lost in translation. Prime has facilitated remote integration support on similar projects (we had staff in NV supporting UT teams on digital integration), so we can help Stewart maintain seamless coordination. (Icebreaker: Recognize the difficulty of leading integration from afar and mention we’re adept at providing on-site support to complement remote experts like him.)","Needs stronger remote collaboration tools or an on-site counterpart; potentially an additional digital integration engineer in Roy who can interface with him, ensuring Vegas-based work (e.g. test data analysis or models) stays synced with on-site integration efforts.",Minteer,"Las Vegas, NV (remote to Roy)",N/A,Remote SE&I specialist supporting Sentinel – must contribute to integration and digital initiatives from off-site. Pain: coordinating effectively with the Roy team from Las Vegas and handling test data/digital integration tasks remotely.,Seth Fackler (SE&I Lead),Principal Systems Engineer (SE&I)
Tim,832-331-0004,timothy.mccrorey@ngc.com,Principal systems engineer contributing to Sentinel remotely from Texas. Likely brings niche expertise (perhaps guidance or verification) but faces challenges staying plugged in with day-to-day happenings at Roy. Having a dedicated on-site counterpart or deputy to implement his guidance on the ground would help immensely. Prime can provide such an engineer – someone who can be Tim’s hands and eyes at the main site while he provides direction. (Icebreaker: Empathize with the challenge of being a key engineer off-site and suggest we can extend his reach by placing a support engineer in the thick of things to carry out his plans.),"Could use a co-located partner engineer at the main site to handle hands-on portions or meetings, ensuring his remote contributions are fully integrated. Alternatively, more frequent travel or secure comms tools to keep him in the loop, plus maybe a junior engineer on-site to execute tasks under his guidance.",McCrorey,"Houston, TX (remote)",N/A,"Remote principal systems engineer (likely specialized) – must contribute to Sentinel systems work from Houston, adding difficulty in communications. Pain: covering critical system engineering or verification tasks remotely, possibly on a specific subsystem, and needing tight coordination with on-site teams.",Seth Fackler (SE&I Lead),Principal Systems Engineer (SE&I)
Mark,N/A,mark.scoville@ngc.com,"Model-Based Systems Engineering training lead for Sentinel. Ensures the engineering team adopts MBSE practices. He’s probably balancing developing training, mentoring engineers, and contributing to models himself. Additional cleared MBSE staff to handle model development and one-on-one coaching would multiply his impact. Prime has placed MBSE staff on programs like IBCS and WISLA, so we can readily provide extra MBSE hands or even help refine training content. (Icebreaker: Acknowledge his unique role as the MBSE guru and mention we have MBSE experts who can assist both in doing the work and reinforcing training across the team.)",Needs additional MBSE champions or tool specialists to help execute model updates and mentoring. An extra cleared MBSE engineer to handle routine modeling tasks or one dedicated to creating training content would allow Mark to focus on critical MBSE strategy and advanced mentoring.,Scoville,"Roy, UT",N/A,Leads MBSE training for Sentinel engineers – responsible for upskilling teams on model-based methods. Pain: varying MBSE proficiency among staff and high demand for model updates while also developing training materials. Likely stretched between doing MBSE work and teaching it.,Seth Fackler (SE&I Lead),MBSE Training Lead – Sentinel Systems
Curtis,N/A,curtis.soelberg@ngc.com,"Senior Principal Systems Engineer serving as a key problem-solver on Sentinel. Likely gets called in for the most challenging integration and design issues. Could be spread thin across many problems. Bringing in cleared mid-level systems engineers under him would allow delegation of analysis and routine verifications, freeing Curtis for the truly critical fixes. Prime has supplied such back-up systems integrators on other programs (our engineers on IBCS supported principal engineers in similar ways). (Icebreaker: Acknowledge he’s the “fixer” who catches tough issues and propose that we can provide reliable engineers to handle the groundwork under his direction, multiplying his effectiveness.)","Needs a few mid-level systems engineers to take on the less critical analysis and implementation work. By mentoring some deputies, he can delegate routine tasks and focus on the hardest issues, ensuring nothing languishes waiting for his attention.",Soelberg,"Ogden, UT",N/A,"Top technical problem-solver (“firefighter”) – consulted on tough cross-discipline issues. Pain: constantly pulled into multiple critical problems at once, risking overload and potential burnout if he’s the only one who can resolve certain issues.",Cynthia Boatright (Sr. SE Manager),Systems Senior Principal Engineer (Sentinel)
Julian,N/A,julian.pinilla@ngc.com,"Senior Principal Systems Engineer on Sentinel, intimately involved in integrating subsystems and validating requirements. With so many interfaces and requirements, he probably has a backlog of verification tasks. Extra cleared requirements analysts or V&V engineers could take on managing DOORS traceability and interface checks, so Julian can focus on big-picture integration. Prime’s MBSE and V&V specialists have been deployed on parallel efforts (NGI, etc.) to support folks in Julian’s role. (Icebreaker: Note that coordinating Sentinel’s systems is Herculean and mention we have people who excel at the detailed requirements and verification work – the kind of support that would let him concentrate on solving core integration problems.)",Needs support in the form of additional systems engineers or requirements analysts to handle some of the verification matrices and interface analyses. Offloading those tasks would let him focus on high-level system trade-offs and integration challenges without getting bogged down.,Pinilla,"Ogden, UT",N/A,"Senior principal systems engineer – deeply involved in cross-domain system design and integration. Pain: heavy workload ensuring requirements are met across subsystems and interfacing with all IPTs, potentially leading to backlog in verification or analysis tasks.",Cynthia Boatright (Sr. SE Manager),Systems Senior Principal Engineer (Sentinel)
Jeffrey,N/A,jeffrey.summers@ngc.com,"Senior Principal Mechanical Engineer on Sentinel’s systems team. Likely responsible for mechanical architecture and ensuring structural and mass properties are within limits. He’s dealing with numerous design iterations and integration of mechanical components. More cleared mechanical engineering support (e.g., stress analysts or mass properties engineers) would help him perform analyses faster and respond to design changes without schedule slips. Prime has delivered propulsion and flight control engineers on NGI who tackled similar challenges, so we can bring in reinforcements as needed. (Icebreaker: Mention the complexity of Sentinel’s mechanical design and note we have folks experienced in missile mechanical systems ready to help carry the load.)","Needs additional mechanical engineers or analysts to run simulations (FEA, thermal) and update CAD models as design evolves. Also possibly a dedicated weight & balance engineer to track mass properties as the system design matures, preventing surprises late in development.",Summers,"Ogden, UT",N/A,"Principal mechanical engineer supporting Sentinel – must ensure mechanical subsystems (structures, propulsion components, etc.) meet requirements. Pain: juggling weight & balance, structural integrity concerns amid design changes, and coordinating mechanical interfaces with other disciplines (electrical, systems).",Cynthia Boatright (Sr. SE Manager),Sr. Principal Mechanical Engineer (Sentinel Space Systems)
Jared,N/A,jared.reid@ngc.com,"Senior Principal Systems Engineer on Sentinel. Likely heavily involved in system-level verification and integration testing, juggling multiple subsystem verifications simultaneously. Additional cleared V&V engineers to surge during integration test events and a requirements management specialist to keep DOORS updated would greatly assist him. Prime’s provided such surge support on SMORS and NGI, sending systems integrators into the fray when programs hit test phase. (Icebreaker: Note that he’s at the heart of Sentinel’s V&V push and mention we have cleared V&V engineers and DOORS experts who’ve stepped into exactly that role on comparable programs.)","Needs more V&V support – e.g., cleared verification engineers to cover all subsystems during test events, and perhaps a dedicated requirements traceability analyst to maintain DOORS and verification matrices so he isn’t personally tracking every requirement closure.",Reid,"Ogden, UT",N/A,"Senior principal systems engineer – ensures complex system requirements are verified and integrated. Pain: managing cross-domain verification and troubleshooting integration issues that arise post-design (the “post-CDR crunch” scenario Mark Schubert described), with limited personnel.",Cynthia Boatright (Sr. SE Manager),Senior Principal Systems Engineer (Sentinel)
Asim,N/A,asim.conrad@ngc.com,Senior Principal Systems Engineer on Sentinel. A high-level integrator ensuring all requirements are met and systems work together. Likely working through final integration kinks across domains. Having another cleared engineer with overlapping expertise to collaborate on thorny problems (or to handle one issue set while Asim handles another) would de-risk the effort. Prime can identify and provide such niche experts – we’ve done so on NGI’s integration team where extra eyes sped up problem resolution. (Icebreaker: Acknowledge he’s one of the few who sees the whole chessboard and suggest we can bring in another seasoned engineer to share the load on those last hard problems.),"Would benefit from the presence of additional specialty engineers (e.g., if he’s a guidance specialist, another guidance or flight software engineer; if he’s in integration, another integration specialist) to double-team issues and share knowledge, preventing single-point failure in expertise.",Conrad,"Ogden, UT",N/A,"Senior principal systems engineer – similar role to Jared Reid, ensuring thorough verification and integration. Pain: addressing final integration issues across disciplines and ensuring no requirement is left unverified, with minimal slack in schedule and perhaps no immediate backup with his expertise.",Cynthia Boatright (Sr. SE Manager),Senior Principal Systems Engineer (Sentinel)
Mark,N/A,mark.scoville@ngc.com,"Model-Based Systems Engineering training lead for Sentinel. Ensures the engineering team adopts MBSE practices. He’s probably balancing developing training, mentoring engineers, and contributing to models himself. Additional cleared MBSE staff to handle model development and one-on-one coaching would multiply his impact. Prime has placed MBSE staff on programs like IBCS and WISLA, so we can readily provide extra MBSE hands or even help refine training content. (Icebreaker: Acknowledge his unique role as the MBSE guru and mention we have MBSE experts who can assist both in doing the work and reinforcing training across the team.)",Needs additional MBSE champions or tool specialists to help execute model updates and mentoring. An extra cleared MBSE engineer to handle routine modeling tasks or one dedicated to creating training content would allow Mark to focus on critical MBSE strategy and advanced mentoring.,Scoville,"Roy, UT",N/A,Leads MBSE training for Sentinel engineers – responsible for upskilling teams on model-based methods. Pain: varying MBSE proficiency among staff and high demand for model updates while also developing training materials.,Cynthia Boatright (Sr. SE Manager),MBSE Training Lead – Sentinel Systems
Daniel,801-391-5348,daniel.stuart@ngc.com,"System Test Engineering Manager overseeing Sentinel’s integration testing. Facing the rush of system-level tests and inevitable last-minute issues across interfaces, with not enough hands to cover everything. More cleared V&V engineers and test conductors would allow his team to execute tests in parallel and analyze results faster. Prime has a track record of surging V&V teams post-CDR on NGI and SMORS – we can do the same for Daniel to avoid bottlenecks as testing ramps up. (Icebreaker: Recognize he’s keeping Sentinel’s “nervous system” tests on track and mention we’ve reinforced test teams at exactly this phase on similar programs, offering to do likewise for him.)","Needs additional cleared test engineers and verification specialists to cover parallel test events and manage test data, preventing schedule bottlenecks in the test program. Also could use more test data analysts to ensure all telemetry and results are processed quickly for feedback.",Stuart,"Roy, UT",N/A,"Leads system test & integration – orchestrates all system-level test activities. Pain: “post-CDR crunch” of integration testing finding cross-subsystem issues, and limited V&V personnel to run concurrent tests without overworking the team.",Michelle Luna (Test Team Lead),"Manager, Sentinel System Test Engineering"
Maxwell,N/A,maxwell.young@ngc.com,"Test Engineering Manager (Level II) overseeing a segment of Sentinel’s test program, likely a test lab or a specific test campaign. He must prep and execute tests on schedule with limited personnel. Additional cleared test engineers or technicians to cover multi-shift operations would ease scheduling conflicts and improve throughput. Prime has experience providing test support personnel (e.g., through contractors like JT4 for range ops), which could directly benefit Maxwell’s test area. (Icebreaker: Note the complexity of juggling multiple test events and mention we can supply seasoned test hands to make sure none of his test windows slip for lack of manpower.)","Needs more test conductors or lab test engineers to support concurrent test activities, ensuring all test shifts are manned and data is collected properly. An extra instrumentation or telemetry specialist would also help handle the technical side of test setups.",Young,"Hill AFB, UT",N/A,"Leads a subgroup of the test engineering effort (e.g. lab or flight test prep). Pain: managing test preparation and execution for his area under tight timelines, especially if multiple test events overlap without sufficient staff to cover shifts.",Daniel Stuart (Test Lead),"Manager II, Test Engineering – Sentinel"
Edward,N/A,edward.lopez@ngc.com,"Senior Principal Systems Test Engineer on Sentinel’s test team (Huntsville site), serving as a lead test architect. He likely devises and reviews system test scenarios and data. Working from Huntsville, he has to coordinate his MS&A and test efforts with the main program. Adding a cleared test simulations engineer or data analyst in Huntsville to support Edward would help cover all analysis tasks and tie them back to Roy. Prime’s presence in Huntsville and experience with modeling/simulation means we can provide someone to reinforce his local test efforts and ensure seamless integration with the broader test program. (Icebreaker: Highlight his crucial role linking Huntsville’s innovation center to Sentinel’s testing and mention we have cleared simulation/test experts in Huntsville who could bolster his team’s throughput.)","Needs perhaps a dedicated test analyst or simulations engineer in Huntsville to assist with running and analyzing local MS&A-driven test scenarios, and closer integration with the main test team (maybe via regular VTC or an assigned liaison in Roy) to ensure the Huntsville test work feeds directly into overall program test results.",Lopez,"Huntsville, AL",N/A,"Senior lead test engineer (Huntsville Innovation Center) – ensures test scenarios and procedures are technically sound. Pain: acting as a lead for test design/analysis in a remote location, he must coordinate with Utah test teams and possibly handle unique simulation facilities in Huntsville, which can be challenging with limited local support.",Daniel Stuart (Test Lead),Sr. Principal Systems Test Engineer (GBSD)
Frank,N/A,frank.pena@ngc.com,"Principal Systems Test Engineer on Sentinel’s test program, deeply involved in running and analyzing tests. During peak test periods, he’s likely stretched thin managing concurrent test threads and analyses. Additional cleared test engineers for surge support (to run tests or process data under his guidance) would ensure no test data or anomaly goes unanalyzed. Prime’s V&V personnel have integrated into such roles on IBCS, augmenting internal test teams, so we can provide Frank with similar backup. (Icebreaker: Note that he’s a key player in turning test data into fixes and offer that we have veteran test engineers who can step in to share that workload when things get hectic.)",Needs an extra test engineer or two who can take on some of the test execution or data review tasks – effectively a “surge capacity” during intense test periods – so that Frank isn’t single-handedly monitoring every test and writing every test report.,Pena,"Hill AFB, UT",N/A,"Principal test engineer heavily involved in executing and analyzing system tests. Pain: juggling multiple test events and troubleshooting issues in real time, which can be overwhelming if multiple subsystems encounter problems simultaneously.",Daniel Stuart (Test Lead),Principal Systems Test Engineer – Sentinel
Lee,N/A,lee.dieckman@ngc.com,"Senior Principal Test Engineer on Sentinel’s test team, likely leading major test events (e.g., full system integration tests or flight tests). He faces the pressure of orchestrating large tests where any issue can be mission-critical. Having an extra flight test conductor or a dedicated test safety engineer during those events would let Lee concentrate on commanding the test and interpreting results. Prime can provide experienced test support personnel (some of our folks have range safety and telemetry backgrounds from missile tests) to bolster events he leads. (Icebreaker: Acknowledge the gravity of leading Sentinel’s big test events and mention we have experts in flight test support who can join his team to ensure everything runs smoothly.)","Would benefit from additional specialized support such as a flight test coordinator or safety engineer during big test events, as well as more junior test engineers to assist with pre-test simulations and post-test data reduction, so Lee can focus on real-time decision-making and high-level analysis.",Dieckman,"Hill AFB, UT",N/A,Senior principal test engineer – leads critical test events (possibly flight tests). Pain: ensuring complex full-system test events (like flight tests or large-scale integration tests) run flawlessly despite many moving parts and limited rehearsal opportunities.,Daniel Stuart (Test Lead),Sr. Principal Systems Test Engineer – Sentinel
Caleb,N/A,caleb.hancock@ngc.com,"Principal Systems Test Engineer on Sentinel, actively conducting integration tests and diagnosing issues. With many subsystems in play, he likely can’t single-handedly deep-dive every anomaly. Cleared test data analysts or integration technicians could prepare test setups and crunch data logs for him, so he can focus on pinpointing and resolving system-level problems. Prime’s provided such assistance on other programs, ensuring principal testers have the bandwidth for critical thinking instead of being swamped with clerical test duties. (Icebreaker: Note that he’s probably in the weeds of test troubleshooting daily and offer that we can supply reliable people to handle some of the routine test chores, giving him more time to solve the big issues.)","Needs support in the form of a test data analyst or integration technician who can handle initial data processing and configuration management of test setups, allowing Caleb to focus on high-level troubleshooting and validation of requirements.",Hancock,"Hill AFB, UT",N/A,Principal test engineer involved in hands-on integration tests and troubleshooting. Pain: executing test procedures while simultaneously diagnosing issues across multiple subsystems – high cognitive load and not always enough hours to deeply analyze every test outcome.,Daniel Stuart (Test Lead),Principal Systems Test Engineer – Sentinel
Steven,N/A,steven.duplessis@ngc.com,"Senior Staff Systems Test Engineer on Sentinel’s test team, deeply involved in running test procedures and maintaining test rigs. He likely encounters instrumentation hiccups or setup issues that eat up time. Additional cleared test technicians to handle equipment setup and real-time troubleshooting would let Steven concentrate on executing tests and analyzing performance. Prime can furnish such skilled techs (we’ve done so on range test teams) to improve throughput. (Icebreaker: Recognize he’s one of the folks making tests happen on the ground and suggest that adding a pair of experienced hands to assist with the gear could streamline his operations – which we can provide.)","Would benefit from additional test technicians or a dedicated test equipment specialist to maintain and troubleshoot test rigs, so Steven can focus on conducting the test and evaluating results rather than fixing gear.",Duplessis,"Hill AFB, UT",N/A,"Senior staff test engineer executing system tests on the ground. Pain: working on multiple test setups and dealing with equipment issues or test script problems as they arise, possibly with limited tech support.",Daniel Stuart (Test Lead),Systems Test Senior Staff Engineer – Sentinel
Ashley,N/A,ashley.pacheco@ngc.com,"Systems Test Engineer on Sentinel’s test team. Likely relatively early-career, handling detailed test procedures and documentation. She might struggle with the complexity of Sentinel’s test protocols. Pairing her with an experienced mentor or augmenting her efforts with an automated data logging tool could boost her effectiveness. Prime can assist by providing an extra test engineer who’s been through similar test programs to work alongside Ashley, accelerating her learning and ensuring test quality. (Icebreaker: Express respect for her tackling such a big program early in her career, and mention we’re happy to support with some seasoned testing expertise that she can lean on as she grows.)","Could use mentorship and support – perhaps pairing with a more experienced test engineer (or a contractor with test experience) to guide her through complex test procedures, and maybe automated data collection tools to reduce manual effort, ensuring she can learn and perform efficiently.",Pacheco,"Hill AFB, UT",N/A,Systems test engineer executing integration tests and gathering data. Pain: steep learning curve on a complex program and handling detailed test steps and documentation under schedule pressure.,Maxwell Young (Test Mgr),Systems Test Engineer – Sentinel
Alexander,N/A,alexander.szymanski@ngc.com,"Systems Test Engineer on Sentinel, likely executing and documenting test procedures. The complexity of Sentinel’s test scenarios means attention to detail is critical. If Alexander had an extra support person during tests (even a contract test assistant to help record data or verify steps), it would improve accuracy and ease his burden. Prime could provide such support staff during intense test periods, ensuring every step is captured and verified. (Icebreaker: Mention that we know how demanding running those test procedures is and that we can offer an extra pair of steady hands to assist him so nothing gets missed.)","Needs clear, updated test documentation and possibly an extra set of eyes during tests (like a test assistant) to double-check steps and log data. Having support in documentation or a buddy system during critical test runs would reduce error risk and share the workload.",Szymanski,"Hill AFB, UT",N/A,"Systems test engineer executing test cases. Pain: ensuring he follows complex test procedures correctly and fully captures results, which can be challenging under time pressure and with evolving test plans.",Maxwell Young (Test Mgr),Systems Test Engineer – Sentinel
Patrick,N/A,patrick.sivets@ngc.com,"Principal engineer handling ground test integration for Sentinel. He focuses on making all subsystems work together in test environments. Likely fighting the typical interface issues that only emerge in full system tests. If he had a dedicated systems integration technician or an extra lab engineer running interface verification in the Systems Integration Lab (SIL) ahead of time, it would reduce surprises during official tests. Prime can assign such personnel with experience in ground test integration (some of our staff have done similar pre-test integration on missile systems) to support Patrick’s efforts. (Icebreaker: Note that getting everything to click in ground tests is often an unsung challenge and share that we have integration lab veterans who can assist to ensure smooth test execution.)","Needs additional integration test support, such as a dedicated ground test integration specialist or systems integration lab technician, to continuously run interface checks and pre-test simulations, so that by the time Patrick runs the official test, many potential issues have been ironed out.",Sivets,"Hill AFB, UT",N/A,Principal engineer focusing on ground test integration – ensures subsystems function together in ground testing. Pain: fine-tuning interfaces and test configurations on tight timelines and managing “last mile” integration issues that appear only during full system ground tests.,Maxwell Young (Test Mgr),Systems Test Principal Engineer – Sentinel
Brandon,N/A,brandon.link@ngc.com,"Principal Systems Test Engineer on Sentinel, responsible for comprehensive system test coverage. He likely coordinates readiness of each subsystem for integrated tests and steps in when something goes off-nominal. Having additional test focal points per subsystem (cleared engineers assigned to prep and monitor each major area) would reduce his coordination load and allow more proactive issue detection. Prime could field engineers to serve in those roles, ensuring each piece of Sentinel comes into testing fully prepared, which in turn makes Brandon’s system-wide validation job smoother. (Icebreaker: Recognize that he’s orchestrating multiple subsystems in test and suggest that we can provide dedicated subsystem test support to make his orchestration role more manageable – as we’ve done on other complex integration programs.)","Would benefit from a formal test readiness review team or additional test engineers assigned to specific subsystems who can own the prep for those areas. By having each major subsystem’s test prep handled by someone, Brandon can focus on overall system validation and coordinating among subsystem test leads.",Link,"Hill AFB, UT",N/A,"Principal test engineer ensuring system-level tests cover all requirements. Pain: managing test readiness for multiple subsystems and making real-time adjustments when a subsystem behaves unexpectedly, often with limited slack in the schedule.",Maxwell Young (Test Mgr),Systems Test Principal Engineer – Sentinel
Randy,N/A,randy.young@ngc.com,"Test Systems Engineer supporting Sentinel’s test operations. He likely handles the configuration and maintenance of test environments (labs, hardware-in-the-loop rigs, etc.). Keeping that infrastructure running flawlessly is tough as testing intensifies. Additional cleared lab technicians or dedicated test IT support would help Randy by taking care of equipment maintenance, allowing him to focus on configuring systems for each test. Prime can offer such support; we’ve seen how having a couple of skilled techs in the lab can significantly improve test turnaround. (Icebreaker: Mention that keeping the test infrastructure healthy is crucial but often thankless, and that we can provide lab support specialists to ensure he’s never stuck fixing gear when he should be running tests.)","Needs additional test equipment technicians or IT support for the labs – someone to handle routine maintenance, calibration, and network issues of test rigs, so Randy can concentrate on test execution and system configuration rather than troubleshooting equipment.",Young,"Hill AFB, UT",N/A,"Test systems engineer focusing on test infrastructure – sets up and maintains test equipment and ensures test environments are configured correctly. Pain: maintaining complex test equipment (data acquisition, simulation rigs) under heavy usage and quickly fixing any hardware/software issues in the test environment.",Maxwell Young (Test Mgr),Test Systems Engineer – Sentinel
Joel,305-773-2636,joel.navarro@ngc.com,"Test Conductor leading Sentinel’s integrated system tests. He’s effectively the “mission controller” during tests, juggling comms with all test personnel and tracking test parameters live. It’s a high-pressure role, and an extra trained test conductor as a deputy would allow better coverage of all data and comm channels. Prime has folks with range control experience (e.g., from missile defense tests) who could fill that supporting role, ensuring no detail escapes during Sentinel’s test runs. (Icebreaker: Compare his role to an orchestra conductor and offer that we can bring in a skilled second conductor/analyst to help keep every instrument in tune during Sentinel’s big test performances.)","Could use an assistant test conductor or deputy during big test events to monitor secondary data and communications (for example, one person focuses on telemetry while Joel focuses on overall test control). Also more automated monitoring tools could help reduce manual observation burden, ensuring nothing is missed during test runs.",Navarro,"Hill AFB, UT",N/A,"Test conductor running complex system test events. Pain: coordinating live test execution – monitoring multiple data streams and team communications in real time – and handling any anomalies on the fly, all under schedule and performance pressure.",Daniel Stuart (Test Lead),Test Conductor (Systems Test & Integration)
Kelly,801-388-1900,kelly.gomez@ngc.com,"Systems Test Engineering Manager (Hill AFB) overseeing part of Sentinel’s test program. Likely handles day-to-day assignments of test personnel and ensures each test event is staffed and prepared. With Sentinel’s scale, her team is probably at capacity. Bringing in extra cleared testers (even on a contract basis) to staff additional shifts or concurrent tests would increase throughput and reduce strain. Prime has supplemented test teams on demanding programs (using contractors to run overnight tests, etc.), so we can help Kelly expand her team’s bandwidth without sacrificing quality. (Icebreaker: Empathize that covering all test needs with a limited team is tough and note we have experienced test engineers ready to integrate into her team to share the load.)","Needs a larger test team bench – additional cleared test engineers or contract testers to cover second shifts or parallel test threads, and possibly a data analysis team to quickly turn around test results for the design engineers. These resources would prevent burnout and allow more tests to run in shorter time.",Gomez,"Hill AFB, UT",N/A,"Manages a portion of the systems test team – must allocate test engineers to various test activities and ensure test readiness. Pain: limited staffing to cover all test shifts and analyze results, especially as testing scales up, plus the need to coordinate test activities with other stakeholders (safety, quality) on base.",Daniel Stuart (Test Lead),"Manager, Systems Test Engineering (Sentinel)"
Nathan,801-940-5818,nathan.bowers@ngc.com,"Manager of Systems Integration & Test (I&T) for Sentinel, responsible for both prepping integrated systems and executing tests. He’s essentially combining two demanding roles. If he could delegate some duties – say, assign a deputy to focus on integration coordination while he focuses on test, or vice versa – it would improve efficiency. Prime’s pool of cleared engineers includes folks who have led integration or test teams; we could insert someone to take on one side of Nathan’s workload. (Icebreaker: Acknowledge he’s balancing integration and test – “the engine room and the test range” – and suggest we can provide a seasoned specialist to act as a force-multiplier on either front based on his greatest pain point.)","Needs either a deputy for integration or test – for example, an integration lead who can handle day-to-day interface verifications, or a dedicated test coordinator to run test events – allowing Nathan to oversee both with less micromanagement. Essentially, splitting some responsibilities so each gets proper attention.",Bowers,"Roy, UT",N/A,Manages combined integration & test efforts – must bridge design integration and test execution for an IPT. Pain: wearing two hats (integration planning and test oversight) means constant context-switching and potential for overlooking details in one area while focusing on the other. Likely under pressure to resolve integration issues quickly so they don’t delay tests.,Daniel Stuart (Test Lead),"Manager, Systems Integration & Test (IPT)"
Mark,801-775-1045,mark.schubert@ngc.com,"Principal Systems Engineer heading Sentinel’s V&V efforts. He’s holding the line on requirements validation, facing integration glitches and verification bottlenecks as the program enters intense testing. Cleared V&V engineers with missile systems experience would help cover all events, and requirements analysts could maintain DOORS and verification matrices so Mark isn’t doing it all himself. Prime’s cleared V&V teams on NGI and SMORS have stepped in post-CDR to relieve exactly this kind of strain. (Icebreaker: Acknowledge that he’s “practically writing the playbook others follow” in Sentinel V&V and mention we’ve supported similar V&V surges – offering qualified V&V engineers who can hit the ground running with DOORS, STK, etc., to help him keep validation on track.)","Needs more cleared V&V engineers to surge during test events and to manage requirements traceability. Specifically, additional DOORS analysts to handle requirement matrices and verification evidence, and test engineers to execute and document verification tests, so Mark can focus on resolving the hardest validation gaps.",Schubert,"Roy, UT",317-793-8634,"Leads system Verification & Validation (V&V) – must ensure all requirements are verified via testing. Pain: cross-domain traceability and validation bottlenecks – post-CDR integration tests uncover issues that require quick fixes and re-verification, and shortage of cleared V&V personnel means risk of burnout covering all test events.",Daniel Stuart (Test Lead),Principal Systems Engineer – V&V Lead (Test & Integration)
Sal,210-687-6364,sal.haro@ngc.com,"Test Engineer supporting Sentinel T&E (possibly at a remote test range). Likely handles test execution or data gathering outside the main facility. Ensuring he stays synced with the primary test team is key. Setting up a formal communication channel or pairing him with an on-site counterpart would integrate his efforts better. Additionally, providing him any needed local support (an assistant at the range to help run tests) would maximize his effectiveness. Prime can facilitate by supplying experienced test personnel either to team with Sal on-site or to serve as the liaison with the core team. (Icebreaker: Note that being away from the main hub is tough and emphasize that we can help bridge that gap – either by reinforcing his position at the range or making sure his findings seamlessly flow into the main test analysis.)","Would benefit from stronger integration into the core test team – e.g., regular debriefs or rotation on-site – and possibly a mentor or partner on the main team who ensures Sal’s remote test findings are acted on. Also, having additional local help (if he’s at a test range) could ensure all data is captured and relayed promptly so his work isn’t siloed.",Haro,"Hill AFB, UT (remote support)",N/A,"Test engineer (possibly supporting range operations) – likely works on a specific test site or scenario. Pain: may operate somewhat remotely (210 area code suggests off-site or contractor range) and needs to integrate his test results/feedback with the main test team, which can be challenging without daily face-to-face contact. Also, limited opportunity to see full program context might hinder his ability to pre-empt issues.",Maxwell Young (Test Mgr),Test Engineer – Sentinel Test & Eval
Steven,347-583-4323,steven.dudnauth@ngc.com,"Systems Test Engineer on Sentinel’s test & V&V team. Likely responsible for executing tests and sifting through results to find requirement shortfalls. With many tests generating heaps of telemetry, he could benefit from automated analysis tools or a colleague to split data review duties. Prime could assist by deploying a data scientist or developing scripts to parse test data faster, thereby accelerating Steven’s ability to pinpoint issues. (Icebreaker: Mention understanding how daunting it is to wade through so much test data and note we have experience introducing tools or extra hands that can help him zero in on the meaningful results faster.)","Needs more automation in data processing or an extra test data analyst to help comb through test logs, so he can spend time on higher-level analysis and verification tasks. Also, mentorship from Mark or others to prioritize which data anomalies to pursue first would help manage his workload.",Dudnauth,"Hill AFB, UT",N/A,Systems test engineer executing test procedures and supporting V&V (Steven was noted as a team member in V&V). Pain: works on detailed test steps and possibly data analysis for V&V; can be overwhelmed by volume of data and pressure to identify issues quickly to feed back into design.,Mark Schubert (V&V Lead),Systems Test Engineer – Sentinel
John,N/A,john.ropp@ngc.com,"ISSM leading Sentinel’s cyber compliance team. Overloaded with accreditation paperwork and security audits, given the scale of Sentinel’s IT footprint and a handful of ISSOs. Bringing on more cleared cybersecurity engineers (ISSM/ISSO) would allow John’s team to keep up with eMASS, STIGs, and vulnerability management without 24/7 burnout. Prime has a pipeline of cleared RMF SMEs – we’ve supplied ISSOs on programs like inSITE – ready to step in and relieve his team. (Icebreaker: Sympathize that he “sleeps with STIG checklists under his pillow” and emphasize we can furnish extra RMF hands, which no ISSM ever turns down.)","Needs additional ISSOs/ISSEs to divide the documentation and assessment workload. More hands to handle RMF package prep, STIG hardening, and security control validation would prevent burnout and ensure no security tasks fall behind. Possibly also tool support (e.g., scripts for automating STIG checks) to speed up compliance work.",Ropp,"Roy, UT",N/A,"Information Systems Security Manager for Sentinel – responsible for accreditation and cyber compliance across program networks. Pain: RMF compliance overload – mountains of eMASS entries, POA&Ms, continuous monitoring and frequent audits, all with a very small ISSO team.",Robb Critchlow (Cyber Eng. Manager),ISSM – Sentinel Cybersecurity (ISSO Team Lead)
Joel,305-773-2636,joel.navarro@ngc.com,(See Joel Navarro above – primary test conductor coordinating Sentinel’s system tests.),See entry for Joel Navarro above.,Navarro,"Hill AFB, UT",N/A,See entry for Joel Navarro above.,Daniel Stuart (Test Lead),(Duplicate name) Test Conductor (Systems Test & Integration)
Joseph,N/A,joseph.roesch@ngc.com,"ISSO responsible for Sentinel’s system security compliance. Likely manages secure configurations, vulnerability scanning, and RMF documentation for multiple systems. He’s probably overwhelmed given the scale. Another cleared ISSO joining the team would let Joseph focus on fewer systems or more high-level security architecture tasks. Prime’s experience in supplying RMF professionals to DoD projects (Booz, CACI competitors actively recruit these roles) means we can readily provide an extra ISSO to lighten Joseph’s load. (Icebreaker: Note that RMF professionals are in high demand and he’s doing critical work – we have cleared RMF pros familiar with Xacta, ACAS, etc., who can jump in and pick up some of that workload so he’s not carrying it all.)","Needs one or two additional ISSOs to share systems – for example, one ISSO per major enclave instead of one covering several. Also would benefit from better tooling (e.g., automated scan results integration) to reduce manual effort. More personnel would ensure timely patching and control validation without him having to work constant overtime.",Roesch,"Roy, UT",N/A,"ISSO on Sentinel’s cyber team – implements RMF controls and hardening. Pain: massive workload of STIG compliance, system scans, and security documentation for his assigned systems, under tight deadlines and oversight. Possibly juggling multiple enclaves (lab, production network) by himself.",John Ropp (ISSM),ISSO – Sentinel Program (Information Systems Security Officer)
Robb,801-391-8704,robb.critchlow@ngc.com,"Cyber Systems Engineering Manager leading Sentinel’s secure architecture efforts. He ensures the program’s networks and embedded systems are secure by design. He likely faces a talent bottleneck – a few key engineers trying to cover many areas (networks, applications, endpoints). Additional cleared cyber systems engineers (RMF and DevSecOps savvy) would let Robb distribute workload and accelerate security implementations. Prime has supported similar roles (embedding cyber SMEs in dev teams on programs like inSITE and SMORS), so we can readily bolster Robb’s team with experienced personnel. (Icebreaker: Emphasize that weaving cybersecurity into a program of this size is a big ask and note we have people who’ve done exactly that on other Northrop programs, ready to jump in and help drive Sentinel’s cyber initiatives.)","Needs more cyber systems engineers on the team – cleared engineers with both IT and embedded system know-how – to divide up tasks like secure architecture reviews, network hardening, and RMF testing. Also could use a DevSecOps expert to ensure security in the CI/CD pipeline, as demand for secure development practices grows.",Critchlow,"Ogden, UT",N/A,"Manages cyber systems engineering for Sentinel – integrates cybersecurity into the system design. Pain: must implement Zero Trust, STIGs, etc., into a complex system with limited specialized staff. Also balancing corporate IT security requirements with program-specific needs can be challenging.",Claire Davison (IT Program Mgr),"Manager, Cyber Systems Engineering – Sentinel"
Justin,801-401-9065,N/A,Cybersecurity Engineer (ISSO) on Sentinel’s PMO cyber team. He’s on the front lines of RMF compliance – drowning in documentation and security checks with a lean crew. Extra cleared ISSOs or cyber analysts to handle RMF paperwork and routine scanning would greatly help. Prime has a pipeline of cleared RMF/STIG experts – we’ve supplied similar support on AF cyber programs like inSITE – ready to assist Justin’s team. (Icebreaker: Joke that he probably does sleep with STIG checklists under his pillow and assure him we have folks to take some of that 24/7 grind off his hands.),"Needs more cleared cybersecurity staff for documentation and technical security tasks. Specifically, additional ISSOs to prepare RMF packages, track STIG implementation, and run Nessus/ACAS scans would relieve Justin’s heavy workload. Essentially more hands to share continuous monitoring and accreditation maintenance.",Nelson,"Roy, UT",385-520-3757,"ISSO on Sentinel’s PMO cyber team – handles day-to-day security compliance tasks (e.g., writing POA&Ms, reviewing system configs). Pain: RMF compliance overload – endless paperwork in eMASS, managing multiple enclaves’ security needs, constant vulnerability scans, all with a small team. Bandwidth is a major issue.",John Ropp (ISSM),Cybersecurity Engineer (ISSO – Sentinel PMO)
Larry,801-726-0663,larry.hester@ngc.com,"Principal Cyber Systems Engineer on Sentinel, deeply involved in securing networks and systems. He’s probably spread across tasks like STIG hardening, patching, and reviewing new system configurations, which is a ton of ground to cover. Another cleared cyber engineer (maybe one focusing on network security while Larry focuses on systems, or vice versa) would significantly improve throughput. Prime’s cleared cyber talent pool can furnish such an engineer – for instance, someone well-versed in Nessus and STIGs to share Larry’s load. (Icebreaker: Acknowledge that securing an entire ICBM program’s IT footprint is more than one person’s job and mention we have cleared cyber engineers who can join his effort to knock out compliance tasks faster.)","Needs support from additional cyber engineers or administrators – for example, a colleague to handle network device STIGs while Larry handles server and application security. Also could use automation scripts to apply/reverify STIG settings to reduce manual workload. Overall, another pair of skilled hands to split the technical implementation tasks.",Hester,"Ogden, UT",N/A,"Principal cyber systems engineer – implements and reviews security for Sentinel systems. Pain: likely juggling multiple systems’ hardening (servers, networks, maybe cloud) and handling frequent compliance checks and security design reviews with minimal help, leading to long hours.",Robb Critchlow (Cyber Eng. Manager),Principal Cyber Systems Engineer – Sentinel
Matthew,801-726-5564,matthew.farmer@ngc.com,"Principal Cyber Systems Engineer on Sentinel’s cyber team, sharing responsibilities with Larry. With Sentinel’s expansion, he faces myriad tasks from implementing security controls to prepping for inspections. Additional support in the form of cleared cyber analysts (to monitor systems, run scans, collate results) would free Matt to focus on complex security architecture decisions. Prime has historically provided such support staff on classified programs to make sure senior cyber engineers aren’t bogged down by routine monitoring. (Icebreaker: Note that he’s likely tackling both daily security upkeep and high-level planning, and emphasize that by adding a few reliable cyber analysts under him – which we can provide – he can concentrate on the strategic security fixes and designs.)","Needs division of labor – e.g., one principal focusing on policy/incident response, another on technical hardening. Another engineer or a junior cyber analyst to assist with tasks like log analysis, vulnerability scanning, and remediation tracking would help. Possibly an incident response drill coordinator to lighten planning load if that falls to him.",Farmer,"Ogden, UT",N/A,"Principal cyber systems engineer – similar role to Larry, ensuring secure design and compliance. Pain: large scope of systems to secure and continuous influx of new software/hardware requiring security evaluation, with limited hours and personnel to do it. Possibly also handling incident response planning on top of engineering.",Robb Critchlow (Cyber Eng. Manager),Principal Cyber Systems Engineer – Sentinel
Jesse,801-686-9710,jesse.emery@ngc.com,"Former Sentinel ISSO now also managing IT projects for the program – a rare hybrid role. Likely stretched thin juggling RMF compliance with enterprise IT support responsibilities. Splitting these duties would help: e.g., assign another ISSO to cover security paperwork so Jesse can devote more time to Sentinel’s enterprise IT needs. Prime can support by providing a cleared ISSO to assume those compliance tasks or even an IT project coordinator to help run infrastructure upgrades. (Icebreaker: Acknowledge he’s wearing two hats – security and IT ops – and that’s a lot. Mention we have people who can take on one of those hats (like an ISSO to tackle RMF grind) so he can focus where it’s most critical.)","Needs role clarity and perhaps delegation: could offload some ISSO tasks to a dedicated replacement so he can focus on IT project management, or vice versa. At minimum, more personnel – either an additional ISSO to split the RMF load or a deputy IT project manager to track day-to-day tasks – would ensure both functions get proper attention.",Emery,"Roy, UT",N/A,"Dual role as ISSO and IT program manager – handles security compliance and also manages IT support projects. Pain: balancing strict cyber compliance duties with broader IT infrastructure projects (networks, enterprise services) – essentially two jobs at once – leading to potential oversight gaps or burnout.",Robb Critchlow (Cyber Eng. Manager),ISSO / IT Project Manager – Sentinel (formerly Cybersecurity ISSO)
Kaiser,N/A,kaiser.lund@ngc.com,(Note: Kaiser Lund’s direct involvement in Sentinel is unclear based on available data. He might be a corporate IT engineer in Ogden not currently assigned to Sentinel-specific tasks. This entry would be revisited once his role is confirmed to either integrate him into Sentinel’s cyber team or exclude him if not applicable.),"Needs role clarification or reassignment – if he is meant to support Sentinel, aligning his duties with core cyber needs (e.g., dedicating him to a specific enclave or IT function) would maximize his contribution. In general, ensuring his efforts tie into Sentinel’s cybersecurity objectives (or moving him to another project if not needed on Sentinel) would resolve the ambiguity and improve team efficiency.",Lund,"Ogden, UT (Sentinel involvement unconfirmed)",N/A,"A cyber systems engineer whose Sentinel involvement is unclear (listed without explicit Sentinel context). Pain: possibly a support engineer whose role on Sentinel isn’t well-defined, meaning he may be underutilized or working peripheral IT tasks without clear integration into program priorities.",Robb Critchlow (Cyber Eng. Manager),Cyber Systems Engineer (Sentinel)
John,N/A,john.leavitt@ngc.com,"IT & Cyber support engineer for Sentinel’s program networks. Likely the go-to for on-site IT issues (workstations, secure network gear). With Sentinel’s growth, demands on the IT infrastructure are high. More cleared IT support staff (help desk or network specialists) would allow John to split the load and implement proactive improvements. Prime, active in 43 states with deep DoD-cleared IT talent, can provide extra hands to ensure Sentinel’s IT backbone stays solid. (Icebreaker: Point out that he’s essentially the unsung hero keeping the secure systems running, and mention we can supply additional cleared IT support so that no small issue distracts him from strategic IT fixes.)","Needs additional IT support technicians or network admins to handle routine trouble tickets and maintenance. With more hands, John can focus on higher-level IT improvements (upgrading infrastructure, implementing better monitoring) rather than constantly firefighting user issues.",Leavitt,"Ogden, UT",N/A,"Cyber systems engineer providing day-to-day IT support for Sentinel (networks, systems administration). Pain: maintaining secure and reliable IT infrastructure (classified networks, servers, user support) with a small team, under pressure to resolve issues quickly to avoid program downtime.",Claire Davison (Enterprise IT PM),Cyber Systems Engineer – Sentinel Support
Carson,N/A,carson.payne@ngc.com,"Principal Cyber Systems Engineer supporting Sentinel’s secure systems architecture. He’s likely working on high-level security measures (nuclear surety, encryption) and coordinating with government certifiers. Offloading routine security maintenance tasks to others would free him for those big-ticket items. Prime can help by providing a cleared cyber engineer to take on daily security admin or by offering a consultant experienced in NSA certification processes to assist Carson in navigating external requirements. (Icebreaker: Recognize that he’s focusing on the toughest cyber architecture puzzles and mention we have talent that can take the routine stuff off his plate – or even specialists who’ve worked through similar certification hoops – so he can concentrate on the critical secure design work.)","Could use an assistant or dedicated R&D time – e.g., a junior cyber engineer to handle routine security admin so Carson can focus on designing and validating advanced security solutions. Also possibly need engagement support with external certifying agencies (someone to handle paperwork/meetings) so Carson’s technical time is maximized.",Payne,"Ogden, UT",N/A,"Principal cyber systems engineer focusing on secure architecture (e.g., encryption, PKI, cross-domain solutions). Pain: implementing advanced cybersecurity measures (like weapon system info assurance) in Sentinel’s architecture, which may involve complex coordination with external stakeholders (NSA, etc.), all while managing day-to-day security tasks.",Robb Critchlow (Cyber Eng. Manager),Principal Cyber Systems Engineer – Sentinel
Keaton,N/A,keaton.thornock@ngc.com,"Principal Cyber Systems Engineer dedicated to Sentinel’s weapon system security (focus on aerospace systems). He’s dealing with unique challenges like securing avionics and launch systems, which few people have tackled before. Tapping external expertise (MITRE, etc.) or adding a contractor who worked on similar programs (e.g., Minuteman, SpaceX security) could give Keaton more support and confidence. Prime’s network likely can identify such niche talent. (Icebreaker: Acknowledge that securing an ICBM’s guts is uncharted territory and suggest we can leverage our contacts or resources to bring in additional expertise so he’s not solving these unprecedented problems entirely alone.)","Needs collaboration and perhaps external support – e.g., engaging Aerospace Corp or MITRE FFRDC experts for second opinions might help, or bringing in a contractor with embedded security experience (from missiles or spacecraft) to brainstorm and validate approaches. More internal help could be scarce since few have this specialty, so reaching outward might be the solution to share the load/ideas.",Thornock,"Ogden, UT",N/A,"Principal cyber engineer focusing on information assurance of Sentinel’s aerospace systems. Pain: ensuring embedded systems (missile guidance computers, etc.) meet cybersecurity standards – a niche area – with limited precedents and likely minimal existing guidance, placing extra onus on his expertise.",Robb Critchlow (Cyber Eng. Manager),Principal Cyber Systems Engineer – Sentinel
Josh,N/A,josh.mullis@ngc.com,"Cyber Systems Engineer focusing on Sentinel’s aerospace systems (the missile and related elements). He’s working in a cutting-edge niche of cybersecurity. Support in the form of better tools (for embedded security testing) and mentorship from seasoned aerospace cyber experts would enhance his effectiveness. Prime can assist by sourcing specialized tools and even connecting Josh with consultants who’ve secured similar systems (we’ve interfaced with ex-Torch or Leidos missile cyber SMEs before). (Icebreaker: Highlight that his specialization is rare and critical – we’re prepared to get him whatever advanced tools or external insights he needs to lock down Sentinel’s “brain,” drawing on our reach in the cleared cyber community.)","Needs additional training or tools geared to embedded cybersecurity (like specialized vulnerability scanning tools for firmware, etc.), and possibly a security lab environment to test controls on aerospace hardware. Also, mentorship from someone with aerospace cyber experience (maybe a former AF cybersecurity officer) to broaden his approach in this unique domain.",Mullis,"Ogden, UT",N/A,"Cyber systems engineer specializing in Sentinel’s aerospace/weapon systems security. Pain: applying IT security principles to hardware and mission systems – ensuring things like guidance computers, telemetry links are cyber-hardened – which can be challenging due to proprietary or real-time nature of those systems.",Robb Critchlow (Cyber Eng. Manager),Aerospace Cyber Systems Engineer – Sentinel
Bill,N/A,bill.ward@ngc.com,"Program Control Manager keeping Sentinel’s cost & schedule on track. Likely deluged by EVMS data and what-if schedule scenarios. Additional cleared program control analysts would allow more timely analysis and help Bill meet reporting deadlines with confidence. Prime has provided such analysts on major programs (ensuring EVMS compliance and aiding with OTB scenarios), and we can do the same for Sentinel’s control team. (Icebreaker: Note that managing a $13B program’s EVMS is monumental and mention we have experienced EVMS analysts who can jump in and help crunch those numbers, freeing him to focus on decision-making rather than number-wrangling.)",Needs more program control analysts to handle portions of EVMS (Earned Value) tracking and variance analysis. Also perhaps improved reporting tools (automation in Power BI or similar) to streamline producing the weekly/monthly metrics. More hands and better tools would reduce manual effort and error risk.,Ward,"Ogden, UT",N/A,"Manages program control (cost/schedule performance) – must oversee EVMS, budgeting, and schedule integration. Pain: enormous amount of cost data and schedule updates to process, and pressure to keep program on cost/schedule baseline with constant changes, all requiring meticulous reporting.",Lori Belnap (Program Manager),"Manager, Program Control – Sentinel"
Tanner,N/A,tanner.blonquist@ngc.com,"Program Control Manager (parallel to Bill Ward) on Sentinel. Helps manage cost and schedule performance. Could be handling one aspect (cost) while Bill handles schedule or vice versa. With Sentinel’s complexity, carving out clearer domains or adding a financial analyst to support EAC calculations would streamline their process. Prime can contribute by supplying analysts to prepare variance analyses or support monthly reports, letting Tanner concentrate on strategic control issues. (Icebreaker: Recognize that keeping cost and schedule in line is a two-man job at least and that we have folks who’ve done EVMS on programs this size – we can plug them in to assist his team’s heavy reporting and analysis workload.)","Needs perhaps a dedicated schedule analyst so he can focus more on cost or vice versa. Alternatively, additional support from financial analysts to prepare baseline change requests and EAC (Estimate at Complete) updates, so he’s not drafting all documentation himself.",Blonquist,"Ogden, UT",N/A,"Program Control manager working with Bill – handles cost/schedule management tasks. Pain: balancing detailed cost tracking with schedule forecasting, especially when program changes require re-baselining or internal replans, which is labor-intensive.",Bill Ward (Program Control Mgr),"Manager, Program Control – Sentinel"
Bryce,N/A,bryce.osieczanek@ngc.com,"Project Management Analyst on Sentinel’s program control team. Does the vital ground work of EVMS data handling and schedule updating. Given Sentinel’s scale, Bryce might spend long hours ensuring numbers tie out. We could help by implementing automation for routine EVMS updates or adding another cleared junior analyst to split duties and cross-verify data. Prime’s familiarity with tools like COBRA and MS Project could be leveraged to streamline Bryce’s workflow. (Icebreaker: Mention that his detail-oriented work is the backbone of credible program reports and note we have some tricks (and people) to reduce the grunt work – freeing him up to contribute more analysis and less data wrangling.)","Could use improved tools/automation (macros to import actuals, etc.) and mentorship to grow into deeper analysis. Also possibly sharing tasks with another analyst so each can double-check the other’s work and maintain data integrity.",Osieczanek,"Ogden, UT",N/A,"Project management analyst supporting program control – likely tracks schedules, prepares EVMS data, and assists with metrics. Pain: handling a large volume of data entry and initial analysis for EVMS, lots of time in tools like Cobra or MS Project, with high accuracy demands.",Bill Ward (Program Control Mgr),Project Management Analyst – Sentinel
Courtney,N/A,courtney.jacobson@ngc.com,"Configuration Management (CM) controller for Sentinel’s data. She manages the flood of drawings, specs, and change orders. With Sentinel’s size, this is a Herculean task for one person. Extra cleared CM analysts to partition the work by subsystem would ensure timely processing of changes. Prime has supported CM on programs by providing analysts and even suggesting process automation – we can do both here, helping Courtney maintain rigorous config control as the program rapidly evolves. (Icebreaker: Emphasize that her role keeps chaos at bay in documentation and we have experienced CM folks who can come in to handle overflow or help implement more automated config tracking, so nothing falls through the cracks.)","Needs additional configuration management analysts or tools. Another CM specialist could handle specific subsystems’ documentation, or an upgraded PLM system could automate version tracking. Essentially more help to ensure every change is logged and approved properly without bottlenecks.",Jacobson,"Ogden, UT",N/A,"Controls configuration data and documentation for Sentinel – manages change control boards, drawing releases, etc. Pain: enormous volume of technical documents and change requests flowing through, with risk of documentation errors or delays if understaffed.",Shane Gallegos (Config Mgmt Lead),Configuration Data Management Controller – Sentinel
Shane,N/A,shane.gallegos@ngc.com,"Configuration Management lead for a section of Sentinel. He ensures all design and test docs remain under strict version control. He likely coordinates with every IPT to implement changes correctly. Empowering more IPT-level CM liaisons (with Shane’s oversight) would spread out the work and improve compliance. Prime can assist by providing or training such liaisons in configuration best practices (some of our team are seasoned CMII professionals). This ensures Shane’s section isn’t a bottleneck but rather an orchestrator of a well-oiled CM process. (Icebreaker: Note that controlling documentation on a program this size is like “herding cats” and mention we can place trained CM personnel within IPTs or enhance tools to make his job easier, ensuring design changes don’t turn into documentation nightmares.)","Needs backing from higher management to enforce process (which he likely has) and possibly additional CM coordinators embedded in each major IPT to liaise with his section. That way, each team has a point-of-contact who feeds Shane’s team the changes properly. Also maybe better config management tools for efficiency.",Gallegos,"Ogden, UT",N/A,"Leads a configuration management section – ensures design/test documentation is controlled and compliant. Pain: coordinating configuration control across multiple IPTs and ensuring everyone adheres to processes, all while under schedule pressure to implement changes quickly.",Cynthia Boatright (Sr. Eng. Manager),Section Configuration Analyst & Manager – Sentinel
Nikola,N/A,nikola.lee@ngc.com,"Configuration Management Analyst on Sentinel’s CM team. Likely spends days logging changes and updating CM databases. Introducing macros or automated workflows in the CM system could speed up Nikola’s tasks and reduce human error. Prime could consult on or help implement such automation (given our AI/automation focus). Additionally, we can suggest best practices from other programs to streamline change board approvals, making Nikola’s job smoother. (Icebreaker: Acknowledge that a lot of Nikola’s work is meticulous data upkeep and share that we specialize in automation – perhaps we can deploy a little RPA or macros to handle the rote parts, letting him focus on ensuring accuracy and compliance.)","Could benefit from some automation (scripts to populate standard fields, etc.) and maybe job rotation or cross-training so monotony doesn’t reduce vigilance. Also if more staffing is not possible, prioritization guidance from Shane on which changes to process first (e.g., those affecting critical path) can help manage peaks.",Lee,"Ogden, UT",N/A,"Configuration analyst handling config tasks (data entry, tracking) for Sentinel. Pain: heavy clerical workload – processing change requests, updating databases – with high attention to detail needed, which can be tiring and prone to backlogs if many changes come at once.",Shane Gallegos (Config Lead),Configuration Management Analyst – Sentinel
Amanda,N/A,amanda.talyat@ngc.com,"Program Risk Manager for Sentinel. She oversees the risk register and mitigation plans. Managing this for a program of Sentinel’s scale is huge – hundreds of risks. Extra risk coordinators in each IPT or a robust risk management tool (perhaps one with AI predictions) could help her prioritize and keep everything updated. Prime, with our automation bent, could help implement a smarter risk tracking system (or simply provide an analyst to help update statuses). Ensuring leadership backs her in holding IPTs accountable will also lighten her load. (Icebreaker: Emphasize that she’s essentially the “chief worrier” in a good way – identifying issues before they happen – and mention we can support her with both people and technology, citing how we’ve handled risk tracking on complex projects to make the process more proactive and less manually burdensome.)",Needs better risk tools (central database with automated reminders) and more participation from IPTs. Possibly a risk coordinator embedded in each major IPT to funnel information to Amanda. Also more frequent risk review meetings with leadership support to enforce accountability on mitigations so she’s not chasing people individually.,Talyat,"Ogden, UT",N/A,"Principal risk manager for Sentinel – oversees identification and mitigation of program risks. Pain: an immense number of technical and programmatic risks to track, continuous need to update mitigation plans, and ensuring all IPTs report new risks, which can be like pulling teeth.",Lori Belnap (Program Manager),Program Risk Principal & Manager – Sentinel
Ashlyn,N/A,ashlyn.bornheim@ngc.com,"Program Risk Manager focusing on Sentinel’s risk process alongside Amanda. She likely handles day-to-day risk register updates and ensures mitigations are on track. The workload is heavy on coordination – so implementing a live risk dashboard visible to all IPT leads might reduce her need to individually hound for updates. Prime can help implement such a dashboard (leveraging Power BI or similar tied to their risk database). That way Ashlyn’s role shifts more to facilitation and less to manual compilation. (Icebreaker: Recognize that managing risks is often thankless until a risk becomes an issue – and assure we can provide tools to make her job easier, so more time is spent mitigating and less gathering data. We could mention a quick anecdote from another program where a real-time risk dashboard changed the game.)","Needs strong backing from technical leads so risk updates are given priority. Also could use some automation in report generation (a dashboard to pull current statuses automatically). Possibly splitting risk categories (Ashlyn takes technical risks, someone else takes programmatic) to focus efforts.",Bornheim,"Ogden, UT",N/A,"Risk manager helping run Sentinel’s risk management process. Pain: coordinating risk tracking and mitigation actions across teams – chasing engineers for updates, compiling risk reports – often a thankless job with lots of follow-up and data entry.",Amanda Talyat (Risk Lead),"Manager, Program Risk – Sentinel"