Contact Name,Account Manager,Competitive Intel,Last Contact,Location/Site,Next Action,Next Action Date,Opportunity Notes,Personal Intel (RTP),Priority,Program,Raw Notes,Role/Title,Staffing Needs,Status,Team Size/FTE
Laura Cooper,Logan Hornback,,"December 21, 2024",,,,,,⚡ Medium,INSCOM,GDIT - Program Analyst/Operations Manager - INSCOM. Meeting w/ Laura to discuss items.,Program Analyst/Operations Manager,,Active Engagement,
Mark Trudel,Logan Hornback,,"December 21, 2024",,,,,,⚡ Medium,JUSTIFIED,GDIT - East Regional Lead - JUSTIFIED,East Regional Lead,,Active Engagement,
Art Stroup,Ethan Dial,,"December 22, 2024",,Meeting scheduled,"January 5, 2025",,,⚡ Medium,Multiple Programs,meeting set for Jan. 5th at 4pm est,GDIT Contact,,Meeting Set,
Borislav Komarovskiy (Slava),Logan Hornback,,"December 21, 2024",Joint Base Anacostia-Bolling (JBAB),,,,,⚡ Medium,JUSTIFIED,GDIT - JBAB Site Lead - JUSTIFIED. Meeting w/ Slava and Melissa to discuss items.,Site Lead - JBAB,,Active Engagement,
Lonnie Lefebvre,Tyler Holmes,,"December 21, 2024","Peterson SFB, CO",,,New ASR II/III positions coming early 2025,,⚡ Medium,JUSTIFIED,GDIT - Manager - JUSTIFIED. Nothing new out at the Peterson site. He is expecting to get 1-2 new spots with the additions coming at the beginning of the year. They will most likely be ASR II and III spots.,Manager - Peterson Site,Expecting 1-2 new spots (ASR II and III) with additions at beginning of year,Active Engagement,
Melissa Caldwell,Logan Hornback,,"December 21, 2024",JBAB,,,,,📋 Standard,JUSTIFIED,GDIT - Business Administrator - JUSTIFIED. Meeting w/ Melissa to discuss items.,Business Administrator,,Active Engagement,
David Risnear,Tyler Holmes,,"December 21, 2024","Kirtland AFB, NM",,,,,⚡ Medium,JUSTIFIED,GDIT - Manager - JUSTIFIED. Got the greenlight to start our ASR I at Kirtland on 12/23. Working on approval for CST candidate to start on 12/29 just need security team to sign off.,Manager,ASR I started 12/23. CST candidate pending security for 12/29.,Active Engagement,
Michelle Leiner,Tyler Holmes,,"December 21, 2024","Wright-Patterson AFB, OH (region)",,,Watch for January mod for ASR III opening,,📋 Standard,JUSTIFIED,GDIT - Manager - JUSTIFIED. Nothing new in Michelles region. They might have a ASR III opening up at Wright Patt but that wont be until the new mod in January.,Regional Manager,Possible ASR III at Wright Patt with Jan mod,Nurturing,
Harry Ferguson,Matt Catanzano,"14 teaming partners (incl IG, APEX) - 6 are small business. WANTS TO CUT DOWN TO A COUPLE PARTNERS. 95% staffed, 5% attrition. Worried about 2026 funding cuts. Let go 30 people in 2025 - 22 were GDIT employees. Dawn Short is over Contracts.","December 22, 2024","MacDill AFB, FL",Follow up call after Jan 5; Schedule site visit Jan/Feb,"January 6, 2025",MAJOR OPPORTUNITY - He wants to consolidate teaming partners. Position PTS as reliable partner to reduce his vendor management overhead. 2026 funding concerns = cost efficiency pitch.,"Former Army, retired 2016 (23.5 yrs). Running CENTCOM since April 2024. Traveling end Jan-Feb (10 days) to Qatar, Israel, Saudi Arabia for OCONUS employees (9 total). Likes golf, beer, cigars.",🔥 High,CENTCOM/CITS,"GDIT - CENTCOM, CITS PM over CENTCOM program at MacDill AFB. 430 FTE under him. 14 teaming partners - IG, APEX. 6 of those are small business. They are at 95% staffing and attrition at 5%. Needs are ML and servicenow positions. If we come on it will be CTH to start. He is wanting to cut his teaming partners down to a couple. He is worried about funding cuts in 2026. They had to let go of 30 people in 2025 and 22 of them were GDIT. Dawn Short is over Contracts.",PM - CENTCOM/CITS Program,ML and ServiceNow positions. CTH to start.,Follow-up Scheduled,430
Richard Breeden,Tyler Holmes,,"December 21, 2024","Kirtland AFB, NM (moving to DC Feb)",,,NCR openings expected with new MOD early 2025. Moving to DC in Feb - transition opportunity.,,⚡ Medium,JUSTIFIED,GDIT - NCR Lead - JUSTIFIED. Also Manager at Kirtland. Setting up recurring meeting with Melissa for staffing/program updates. No openings in NCR currently but expecting change with new MOD early 2025. Prepping move to DC but will hold as Kirtland site lead until February. ASR I at Kirtland. CST candidate pending security.,NCR Lead / Manager - JUSTIFIED,ASR I started 12/23. CST candidate pending security approval for 12/29 start.,Active Engagement,
Corey Martin,Tyler Holmes,,"December 21, 2024",,,,MAJOR - 100 new positions coming. Get position list ASAP when released.,,🔥 High,JUSTIFIED,GDIT - Manager - JUSTIFIED. Spoke with Cyndi and Corey about the upcoming new mods and positions expected to open. Targeting about 100 new additions and full position list is expected to be released next week.,Manager,~100 new additions coming. Full position list expected next week.,Active Engagement,
Steve Albrecht,Logan Hornback,"Also identified as subcontracts manager over DOD Intel. Requested lower rates for candidates: Abishek Kumar $110K (from $120K), Nathaneil Eaddie $100K (from $105K), Patrick Messina $105-110K (from $115K).","December 21, 2024",,,,PoP extended to May 2026. Follow-on contracts expected - conversion opportunity for our contractors. Abishek Kumar offer extended.,,⚡ Medium,ARMY DEVCOM,GDIT - ARMY DEVCOM - Project Manager. Both contracts PoP extended to 5/9/26 and 5/19/26. Expects follow-on contracts after PoP ends - would allow converting our contractors. Moving forward with offer to Abishek Kumar for Sr. Software Engineer. Steve is also subcontracts manager over DOD Intel per Tiffany Segui.,Project Manager,,Active Engagement,
Dawn Short,,Over Contracts for CENTCOM/CITS - key relationship for teaming agreements,,"MacDill AFB, FL",,,,,⚡ Medium,CENTCOM/CITS,Referenced by Harry Ferguson as being over Contracts for CENTCOM/CITS program.,Contracts Manager,,New Contact,
Clinton Dunnehoo,Tyler Holmes,,"December 21, 2024",,,,Active backfill in progress,,⚡ Medium,JUSTIFIED,GDIT - Manager - JUSTIFIED. Recieved the offer for Helpdesk Tech to backfill Tiya Nelsons spot. Clint said he can get him started 12/29 if all paperwork is completed and approved.,Manager,"Helpdesk Tech to backfill Tiya Nelson - offer received, targeting 12/29 start",Active Engagement,
Amy Brown,Logan Hornback,,"December 21, 2024",,,,James Bates read-on Jan 5. Braulio returning to Ft. Bragg contract. Only 2 current openings.,,⚡ Medium,INSCOM,GDIT - Resource Manager - INSCOM. Weekly tag-ups. Working to get James Bates read on program Jan 5th. Meeting with Stacey to discuss bringing Braulio back on contract in Ft. Bragg. Only openings: VDI Engineer (Savannah) and Sr. Network Engineer (Ft. Meade).,Resource Manager,"VDI Engineer - Savannah, GA. Sr. Network Engineer - Ft. Meade, MD.",Active Engagement,
Tony Robertiello,Ethan Dial,"Over ADCS, Next Gen Gateway, BIM, BITI, CDCS programs. Most under Justin Collins portfolio. Bob Sledzik is BIM PM, Art Stroup is deputy.","December 17, 2024","Washington, DC",Leadership meeting Jan 5 with NDA; Capture discussions,"January 5, 2025",HIGH VALUE - DC lunch went well. NDA being sent in prep for Jan 5 meeting with him and other leadership. This could open multiple program doors.,"Lives near Oklahoma City. 20 years Air Force, 1 deployment, Communications background. Was stuck in Atlanta Hartsfield for 14 hours recently.",🔥 High,Multiple Programs,"GDIT - Multiple Programs - Program Director. Met for lunch 12/17 in DC. NDA being sent for Jan 5 meeting. Lives near Oklahoma City. Traveling to NoVA (Falls Church) next week. 20 years AF, 1 deployment, Communications guy. Over programs: ADCS, Next Generation Gateway, BIM, BITI, CDCS. Most under Justin Collins portfolio. Bob Sledzik is PM over BIM, Art Stroup is deputy. Jan 5 meeting: Tony, Bob Sledzik, Justin Collins, Tobe Deutschmann.",Program Director - Multiple Programs,,Meeting Set,
Cynthia Nusbaum,Tyler Holmes,,"December 21, 2024",,,,Key contact for new mods info - works with Corey Martin,,🔥 High,JUSTIFIED,GDIT - Manager - JUSTIFIED. Spoke with Cyndi and Corey about the upcoming new mods and positions expected to open. Targeting about 100 new additions and full position list is expected to be released next week.,Manager,~100 new additions coming. Full position list expected next week.,Active Engagement,
Jasmin Soriano-Morales,Ethan Dial,,"December 18, 2024",,,,,,⚡ Medium,,GDIT - GECOS - Systems Lead. Left message.,Systems Lead - GECOS,,New Contact,
Steve Comeaux,Ethan Dial,,"December 18, 2024",,,,KEY - Director level over AF Programs. Priority contact.,,🔥 High,,GDIT - Air Force Programs - Director. Left message.,Director - Air Force Programs,,New Contact,
Jason Martin,Ethan Dial,,"December 16, 2024",,,,,,⚡ Medium,,GDIT - Ratchet - Business Manager. Left message.,Business Manager - Ratchet,,New Contact,
Bill Hoss,Ethan Dial,,"December 18, 2024",,,,,,⚡ Medium,,GDIT - Ratchet - Program Manager. Left message.,Program Manager - Ratchet,,New Contact,
Jessica Ortiz,Ethan Dial,,"December 18, 2024",,,,,,⚡ Medium,,GDIT - NESD - Sr. Program Manager. Left message.,Sr. Program Manager - NESD,,New Contact,
Eric Napier,Ethan Dial,,"December 18, 2024",,,,AF DCGS contact - key for your BD target programs,,🔥 High,,GDIT - DCGS - Net Ops Supervisor. Left message.,Net Ops Supervisor - DCGS,,New Contact,
Damion Rose,Ethan Dial,,"December 18, 2024",,,,,,📋 Standard,,GDIT - Evolve - Team Lead. Left message.,Team Lead - Evolve,,New Contact,
Rickie Worrell,Ethan Dial,,"December 17, 2024",California,,,AF DCGS California - High/Low Band Teams openings,,🔥 High,,"LVM, TEXT, EMAIL. Calling for AF DCGS open jobs in California. High/Low Band Teams.",AF DCGS Contact,,New Contact,
Tonia Trevino,Matt Catanzano,,"December 19, 2024","Ft. Huachuca, AZ",,,All sites fully staffed. Check back January for new needs.,,📋 Standard,INSCOM,"Monthly tag-up. Laxley doing outstanding job at Ft. Huachuca - client raving about contributions. Nothing new needed until January at earliest. Ft. San Antonio, Sam Houston, and Ft. Huachuca all fully staffed.",INSCOM Manager,,Nurturing,
Andre Haynes,Ethan Dial,,"December 18, 2024",,,,,,⚡ Medium,,GDIT - FBI EOC - Program Director. Left message.,Program Director - FBI EOC,,New Contact,
Maureen Kolly,Ethan Dial,,"December 18, 2024",,,,,,⚡ Medium,,GDIT - Evolve - Program Manager. Left message.,Program Manager - Evolve,,New Contact,
Erin Hamm,Ethan Dial,,"December 16, 2024",,,,,,⚡ Medium,,GDIT - Ratchet - Program Manager. Left message.,Program Manager - Ratchet,,New Contact,
Todd Moore,Ethan Dial,,"December 18, 2024",,,,ADCS is under Tony Robertiello's portfolio - coordinate approach with Jan 5 meeting,,🔥 High,,GDIT - ADCS - Senior Director. Left message.,Senior Director - ADCS,,New Contact,
Ryan Graves,Ethan Dial,,"December 18, 2024",,,,,,⚡ Medium,,Left message,Senior Program Manager,,New Contact,
Patty Crump,Ethan Dial,,"December 18, 2024",,,,,,⚡ Medium,,GDIT - ADCS - Cyber Lead/Portfolio Lead. Left message.,Cyber Lead - ADCS,,New Contact,
Christopher Finklea,Ethan Dial,,"December 18, 2024",,,,,,⚡ Medium,,GDIT - DSMS - Deputy PM. Left message. Chris didn't show for scheduled meeting 12/12 - need to reschedule.,Deputy PM - DSMS,,New Contact,
Andrew Torelli,Ethan Dial,,"December 18, 2024",,,,KEY AF DCGS CONTACT - Priority for your BD targets,,🔥 High,,GDIT - DCGS Air Force - Program Manager. Left message.,Program Manager - DCGS Air Force,,New Contact,
Travis Dawson,Ethan Dial,,"December 18, 2024",,,,,,⚡ Medium,,GDIT - NESD - Program Director. Left message.,Program Director - NESD,,New Contact,
Maureen Belair,Ethan Dial,,"December 16, 2024",,,,,,⚡ Medium,,GDIT - ADCNOMS - Procurement Administrator. Left message.,Procurement Administrator - ADCNOMS,,New Contact,
Jamie Tudor,Tyler Holmes,,"December 14, 2024","San Antonio, TX",,,Brian Lawton potential promotion. Nothing new at site currently.,,📋 Standard,JUSTIFIED,Monthly meet up. Nothing new at San Antonio sites. Brian Lawton doing well on ISSO team - could be looking at promotion in new year.,Manager - JUSTIFIED San Antonio,,Nurturing,
Peggy Jordan,Tyler Holmes,,"December 14, 2024",,,,,,⚡ Medium,JUSTIFIED,Working on onboarding Tyeisha Bickham and Michael Moriarty. Air National Guard core holding starts. New security paperwork submitted for Tyeisha - should be cleared to start 12/22.,Manager - JUSTIFIED,"Tyeisha Bickham - cleared to start 12/22. Michael Moriarty - ANG holding starts, next steps Monday.",Active Engagement,
Tiet Huynh,Ethan Dial,Blocking - wants to go through business office only.,"December 16, 2024",,,,,,📋 Standard,,Kept telling to go through business office. Doesn't want to set a meeting.,Program Director,,Nurturing,
Mike Faulkner,Ethan Dial,,"December 16, 2024",,,,,,⚡ Medium,,GDIT - Ironhide - Senior Program Manager. Left message.,Senior Program Manager - Ironhide,,New Contact,
Joel Stammen,Logan Hornback,,"December 14, 2024",,,,Positive feedback given to Jeff Cress. Expect Jeff outreach for meeting. SW Dev/Eng opening coming.,,⚡ Medium,,Colin Hawkins and DeAngelo Lewis not entering time in SETRIS daily. Looking to bring on another Software Developer/Engineer in next couple months. Awaiting funding updates from gov. Gave Jeff Cress positive feedback on our performance - expect Jeff to reach out for meeting.,Senior Project Manager - WARHAWK/SE&I,Software Developer/Engineer needed in next couple months - awaiting gov funding,Active Engagement,
Reginald McDade,Ethan Dial,APEX is blocking competitor - 'stuck till APEX messes up'. Watch for their mistakes.,"December 16, 2024",,,,MAJOR - 20% headcount increase 2026. Monitor APEX performance. EOY bonus departures may create immediate openings.,Traveling to DC to be with family.,🔥 High,,20% staff increase in 2026 mostly on NOC team with Damein Currier and Tier 3 team. Main issue is stuck till APEX messes up. Might be more immediate openings due to end of year bonus departures.,Manager,20% staff increase 2026 - NOC team (Damein Currier) and Tier 3. Possible immediate openings from bonus-related departures.,Active Engagement,
John Allender,Ethan Dial,,"December 16, 2024",,,,,,⚡ Medium,,GDIT - Program Manager. Left message.,Program Manager,,New Contact,
Marvin Lugo,Ethan Dial,,"December 16, 2024",,,,VP LEVEL - Over both Ratchet and Ironhide programs,,🔥 High,,GDIT - Ratchet/Ironhide - Program VP. Left message.,Program VP - Ratchet/Ironhide,,New Contact,
Christopher Mcgrath,Ethan Dial,,"December 16, 2024",,,,,,⚡ Medium,,GDIT - Ironhide - Deputy Program Manager. Left message.,Deputy Program Manager - Ironhide,,New Contact,
Sean Gage,Ethan Dial,,"December 16, 2024",,,,AF DCGS contact - priority for BD targets,,🔥 High,,GDIT - DCGS - Systems Engineering Manager. Left message.,Systems Engineering Manager - DCGS,,New Contact,
Jeffrey McClelland,Ethan Dial,,"December 16, 2024",,,,,,⚡ Medium,,GDIT - Ironhide - Operations Manager. Left message.,Operations Manager - Ironhide,,New Contact,
Erin Barraclough,Ethan Dial,,"December 16, 2024",,,,,,⚡ Medium,,GDIT - ADCNOMS - Deputy Program Manager. Left message.,Deputy Program Manager - ADCNOMS,,New Contact,
Michellle Thornstein-Richards,Tyler Holmes,,"December 14, 2024",Wright-Patterson AFB,,,,,⚡ Medium,JUSTIFIED,Doing interviews for PSR and Wright Patt. Should wrap up interviews Tuesday or Wednesday.,Manager - JUSTIFIED,PSR and Wright Patt positions - interviews wrapping up,Active Engagement,
Tiffany Segui,Ethan Dial,Steve Albrecht is subcontracts manager over DOD Intel. Morgan Stuart another key contact in that sector. FedCIV has HIGH VOLUME positions.,"December 15, 2024",Florida,Connect next month for intake calls,"January 15, 2025",KEY INTERNAL CONTACT - Knows the hiring process. Reqs through Workday. Big intake calls on reqs. Connect next month.,,🔥 High,,Contract Labor Management Specialist for multiple programs in Florida. Worked with Colin in past. Steve Albrecht is subcontracts manager. Morgan Stuart - another DOD Intel sector contact. FedCIV has high volume positions. Reqs go through Workday. Works with managers on position approvals. Usually have big intake calls on reqs. Connecting next month.,Contract Labor Management Specialist,,Meeting Set,
Lawrence Smith,Ethan Dial,JSP RECOMPETE - POC Patel recently left. Teams struggling with network and cable.,"December 14, 2024",,,,Recompete opportunity - need to find new POC. Network/cable struggles = potential staffing needs.,Just came back from mountain trip. Enjoys hiking.,⚡ Medium,,GDIT-JSP. Does not know who new POC is for recompete. Was Patel - recently left. Teams struggling on network and cable. Still in logistics role on contract.,JSP Contact,,Active Engagement,
Norritta Blanchard,Ethan Dial,,"December 16, 2024",,,,,,⚡ Medium,,GDIT - GECOS - Network Manager. Left message.,Network Manager - GECOS,,New Contact,
Andrew Witowski,Ethan Dial,,"December 16, 2024",,,,,,⚡ Medium,,GDIT - IRONHIDE - Systems Engineering Manager. Left message.,Systems Engineering Manager - Ironhide,,New Contact,
Jeffrey Watson,Ethan Dial,,"December 16, 2024",,,,,,⚡ Medium,,GDIT - ISEE - Project Manager. Left message.,Project Manager - ISEE,,New Contact,
Justin Collins,Ethan Dial,,"December 11, 2024",,"Meeting Jan 5 at 4pm EST with Tony, Bob Sledzik, Tobe Deutschmann","January 5, 2025",KEY DECISION MAKER - Portfolio lead over multiple programs. Critical Jan 5 meeting attendee.,,🔥 High,,"Meeting set for Jan. 5th at 4pm EST. Most of Tony Robertiello's programs fall under Justin's portfolio (ADCS, Next Gen Gateway, BIM, BITI, CDCS).",Portfolio Lead,,Meeting Set,
Amid Kasamani,Ethan Dial,,"December 16, 2024",,,,,,⚡ Medium,,GDIT - DOJ - CNSO - Program Director. Left message.,Program Director - DOJ CNSO,,New Contact,
Tobe Deutschmann,Ethan Dial,,"December 11, 2024",,Meeting Jan 5 at 4pm EST,"January 5, 2025",Leadership attendee for Jan 5 meeting,,🔥 High,,"Meeting set for Jan. 5th at 4pm EST with Tony, Bob Sledzik, Justin Collins.",Leadership,,Meeting Set,
Steven Brown,Ethan Dial,,"December 16, 2024",,,,,,⚡ Medium,,GDIT - MARMC - Program Manager. Left message.,Program Manager - MARMC,,New Contact,
Bob Basinger,Ethan Dial,,"December 16, 2024",,,,,,⚡ Medium,,GDIT - DOJ - Senior Program Manager. Left message.,Senior Program Manager - DOJ,,New Contact,
Zachariah Zeiler,Matt Catanzano,,"December 11, 2024",,,,Meeting scheduled. Has lead under him - additional contact opportunity.,,🔥 High,CENTCOM/CITS,GDIT - CITS. Talked with Zach. Scheduled meeting next week. Meeting with lead under him on Monday.,CITS Manager,,Meeting Set,
Steve Sauve,Ethan Dial,,"December 16, 2024",,,,,,⚡ Medium,,GDIT - US Courts Programs - Director. Left message.,Director - US Courts Programs,,New Contact,
Bob Sledzik,Ethan Dial,,"December 11, 2024",,Meeting Jan 5 at 4pm EST,"January 5, 2025",BIM Program Manager - Art Stroup is his deputy,,🔥 High,,PM over BIM program. Art Stroup is deputy. Meeting set for Jan. 5th at 4pm EST.,PM - BIM,,Meeting Set,
John Porter,Ethan Dial,,"December 16, 2024",,,,,,⚡ Medium,,GDIT - DSMS - Systems Engineering Lead. Left message.,Systems Engineering Lead - DSMS,,New Contact,
Michael Trettel,,,"December 15, 2024",,Call back early February - contract rebid,"February 1, 2025",CONTRACT REBID FEBRUARY - follow up early Feb,,⚡ Medium,,Said contract may be rebid in February. Call back early February.,Contract Manager,,Nurturing,
Trinita Coefield,Ethan Dial,,"December 16, 2024",,,,,,📋 Standard,,GDIT - DSMS. Left message.,DSMS Contact,,New Contact,
Erik Freimuth,Ethan Dial,,"December 15, 2024",,,,,,⚡ Medium,,GDIT - HART - Program Manager. Left message.,Program Manager - HART,,New Contact,
Salvatore SanFilippo,,,"December 11, 2024",,Meeting on the 22nd at 2pm,"December 22, 2024",,,⚡ Medium,,Set meeting on the 22nd at 2pm.,GDIT Contact,,Meeting Set,
Morgan Stuart,,,"December 15, 2024",,,,Key referral from Tiffany Segui - DOD Intel sector,,🔥 High,,Referred by Tiffany Segui as key DOD Intel sector contact. Left message.,DOD Intel Sector Contact,,New Contact,
Bernard Wawrzeniak,Ethan Dial,,"December 16, 2024",,,,,,⚡ Medium,,GDIT - DSMS - Program Manager. Left message.,Program Manager - DSMS,,New Contact,
Martin Sorensen,Ethan Dial,,"December 16, 2024",,,,,,⚡ Medium,,GDIT - DSMS - Network Lead. Left message.,Network Lead - DSMS,,New Contact,
Andre Thomas,Ethan Dial,,"December 16, 2024",,,,,,📋 Standard,,GDIT - DSMS - QA lead. Left message.,QA Lead - DSMS,,New Contact,
Samantha Duell,Ethan Dial,,"December 16, 2024",,,,,,⚡ Medium,,NAVSEA - Program Manager. Left message.,Program Manager - NAVSEA,,New Contact,
Samuel Jallad,,,"December 11, 2024",,Meeting January 6th at 1pm,"January 6, 2025",,,⚡ Medium,,Set meeting for January 6th at 1pm.,GDIT Contact,,Meeting Set,
Marshal Mounce,Ethan Dial,,"December 16, 2024",,,,,,⚡ Medium,,GDIT - DSMS - Systems Engineering Advisor. Left message.,Systems Engineering Advisor - DSMS,,New Contact,
Jonathan Thurman,Matt Catanzano,,"December 12, 2024",,,,,,📋 Standard,CENTCOM/CITS,GDIT - CENTCOM - left voicemail.,CENTCOM Contact,,New Contact,
Anthony Miller,Matt Catanzano,,"December 16, 2024",,,,,,📋 Standard,CENTCOM/CITS,GDIT - CENTCOM - NA.,CENTCOM Contact,,New Contact,
Anthony Comello,Matt Catanzano,,"December 16, 2024",,,,Referred by Jason Tolbert,,⚡ Medium,,GDIT - DPM Introduction call. Referred over by Jason Tolbert.,Deputy PM,,New Contact,
Gary Delgado,Matt Catanzano,,"December 16, 2024",,,,,,⚡ Medium,CENTCOM/CITS,"GDIT - CENTCOM - left voicemail 12/12, follow up call 12/16.",CENTCOM Contact,,Active Engagement,
Jeff Berman,Matt Catanzano,,"December 12, 2024",,,,,,📋 Standard,CENTCOM/CITS,GDIT - CENTCOM - left voicemail.,CENTCOM Contact,,New Contact,
James McFadden,Matt Catanzano,,"December 16, 2024",,,,,,⚡ Medium,CENTCOM/CITS,GDIT - Task Mgr - Introduction call on CITS.,Task Manager - CITS,,New Contact,
Dewitt Hathcock,Matt Catanzano,,"December 12, 2024",,,,,,📋 Standard,CENTCOM/CITS,GDIT - CENTCOM - left voicemail.,CENTCOM Contact,,New Contact,
William Florig,Matt Catanzano,,"December 16, 2024",,,,,,⚡ Medium,CENTCOM/CITS,GDIT - CENTCOM - Texted back and forth. Follow up call 12/16.,CENTCOM Contact,,Active Engagement,
Aaron Sammons,Ethan Dial,,"October 21, 2025",,,,,,📋 Standard,SITEC,GDIT - SITEC - Site Lead. Left message.,Site Lead - SITEC,,New Contact,
D'Wayne Hubbard,Ethan Dial,,"October 21, 2025",,,,,,📋 Standard,SITEC,GDIT - SITEC - Project Manager. Left message.,Project Manager - SITEC,,New Contact,
Mark Elwartowski,Ethan Dial,,"October 23, 2025",Tyndall AFB,Quarterly tag-up,,Contract rebid 2027 (10yr contract). Battle control centers mission. Referral to Asa Wilke.,"From Panama City FL. Air Force recon guy, Baghdad 07-08.",🔥 High,ADCS,"GDIT - ADCS - ISSM. Contract re-bid in 2027, next contract 10 years. Under Mark at Tyndall AFB: 3 ISSAs, an ISSO, and others. Battle control centers at Tyndall, NY, WA, Alaska, Hawaii - scramble jets for interception. Encouraged reaching out to Asa Wilke in Hampton. Only uses contract labor if internal team takes >30 days to fill. Wants quarterly tag-ups.",ISSM - ADCS,,Active Engagement,
William Elliot,Ethan Dial,,"October 21, 2025",,,,,,🔥 High,SITEC,GDIT - SITEC Site Lead. Intro meeting set.,Site Lead - SITEC,,Active Engagement,
Eunki Jang,Ethan Dial,,"October 23, 2025",,,,,,📋 Standard,NCIS,GDIT - NCIS - ISSM. Left message.,ISSM - NCIS,,New Contact,
Teresa Aarikson,Ethan Dial,,"October 23, 2025",,,,,,📋 Standard,NCIS,GDIT - NCIS - Program Manager. Said hello and hung up after intro. Calling back in a couple weeks.,Program Manager - NCIS,,Nurturing,
Kathy Wendt,Ethan Dial,"Prefer internal team, only use subs when can't fill. Almost all TS/SCI.","October 23, 2025",Huntsville AL / Martinsburg WV,,,"Oversees NCIS, DOJ, FBI. Dan Rosenburg is capture manager.",Background in law enforcement.,🔥 High,NCIS,"GDIT - NCIS Director. Had Dan Rosenburg (capture manager) on call. Oversees NCIS, DOJ, FBI programs. NCIS only 1 person. Locations: Huntsville AL, Martinsburg WV. Almost all TS/SCI work. Prefer internal team unless can't fill then go to subs.",Director - NCIS/DOJ/FBI,,Active Engagement,
Delmar Walker,Ethan Dial,,"October 21, 2025",,,,,,⚡ Medium,SITEC,GDIT - SITEC - Program Director. Left message.,Program Director - SITEC,,New Contact,
Steven Patterson,Ethan Dial,,"October 21, 2025",,,,,,📋 Standard,SITEC,GDIT - SITEC - DBA Lead. Left message.,DBA Lead - SITEC,,New Contact,
Karl Davis,Ethan Dial,,"November 5, 2025",,Call to coordinate intro meeting,,,,⚡ Medium,DSMS,GDIT - DSMS - Field Support Lead. Karl gone this week and next. Cool with intro meeting once back. Will call next Friday to coordinate.,Field Support Lead - DSMS,,Follow-up Scheduled,
Kevin Franklin,Ethan Dial,,"October 22, 2025",,,,,,⚡ Medium,GECOS,GDIT - GECOS - Enterprise Lead. Left message.,Enterprise Lead - GECOS,,New Contact,
Lance Glover,Ethan Dial,,"November 5, 2025",,,,,,⚡ Medium,DSMS,GDIT - DSMS - Cyber Team Lead. Left message.,Cyber Team Lead - DSMS,,New Contact,
Micah Rondinone,Ethan Dial,"DSMS TOXIC ENVIRONMENT - racist comments from leadership, physical confrontation threats. Employee departures likely.","October 21, 2025",,,,FLIGHT RISK - looking to leave. Could be future placement candidate.,"Ex-military, mission-focused personality.",🔥 High,DSMS,"GDIT - DSMS - Knowledge Manager. Micah said no involvement in hiring. Described TOXIC work environment - leader said something racist, another wanted to fight him. Ex-military 'complete the mission at all costs' guy. NOT STAYING - looking for new roles. Wants us to keep eye out for him.",Knowledge Manager - DSMS,,Active Engagement,
Ronald Wilkes,Ethan Dial,,"October 22, 2025",,,,,,⚡ Medium,GECOS,GDIT - GECOS - Senior Program Director. Left message.,Senior Program Director - GECOS,,New Contact,
Robert Fisher,Ethan Dial,,"November 5, 2025",,,,,,⚡ Medium,DSMS,GDIT - DSMS - Program Director. Left message.,Program Director - DSMS,,New Contact,
Ricardo Albaladejo,Ethan Dial,,"October 20, 2025",,,,,,📋 Standard,GECOS,"GDIT - GECOS - Engineer. Strictly an engineer now, nothing to do with hiring. Didn't want intro meeting, just wanted capabilities sheet to send around.",Engineer - GECOS,,Nurturing,
Chris Black,Ethan Dial,,"October 20, 2025",,,,,,📋 Standard,GECOS,GDIT - GECOS - Network Services Manager. Left message.,Network Services Manager - GECOS,,New Contact,
Maurice Lynch,Ethan Dial,,"October 20, 2025",,,,,,⚡ Medium,GECOS,GDIT - GECOS - Program Manager. Left message.,Program Manager - GECOS,,New Contact,
James Knapp Jr.,Ethan Dial,,"October 22, 2025",,,,,,⚡ Medium,GECOS,GDIT - GECOS - Cyber Manager/Tech Lead. Left message.,Cyber Manager - GECOS,,New Contact,
Asa Wilke,Ethan Dial,,"October 21, 2025",Hampton,,,Referral from Mark Elwartowski,,⚡ Medium,ADCS,GDIT - ADCS-4 - Program Manager. Hampton location.,Program Manager - ADCS,,New Contact,
Michael Charnecki,Ethan Dial,,"October 22, 2025",,,,,,⚡ Medium,AF DCGS,GDIT - DCGS - Systems Engineering Manager. Left message.,Systems Engineering Manager - DCGS,,New Contact,
Peter Lambert,Ethan Dial,,"October 20, 2025",,,,,,🔥 High,ADCS,GDIT - ADCS - VP. Left message.,VP - ADCS,,New Contact,
Linda Nichols,Ethan Dial,,"October 21, 2025",,,,,,⚡ Medium,AF DCGS,GDIT - DCGS - Senior Solutions Manager. Left message.,Senior Solutions Manager - DCGS,,New Contact,
Jessica DelRossi,Ethan Dial,,"October 21, 2025",,,,,,📋 Standard,ADCS,GDIT - ADCS - Task manager. Left message.,Task Manager - ADCS,,New Contact,
Beth Zampedro,Ethan Dial,,"October 20, 2025",,,,,,📋 Standard,Evolve,GDIT - EVOLVE - Program manager. Listed number is wrong - someone named Cynthia with no connection.,Program Manager - Evolve,,Nurturing,
Karl Tappert,Ethan Dial,,"October 22, 2025",,,,"VP LEVEL - Oversees CECOM, TYAD, PEO C3T, PEO IEW&S",,🔥 High,,"GDIT - VP. Oversees CECOM, TYAD, PEO C3T, PEO IEW&S. Left message.",Vice President - Multiple Programs,,New Contact,
Michael Decker,Ethan Dial,,"October 21, 2025",,,,,,⚡ Medium,DOJ,GDIT - DOJ - Deputy PM. Left message.,Deputy PM - DOJ,,New Contact,
Jason Orenduff,Ethan Dial,,"October 21, 2025",,,,,,⚡ Medium,MARMC,GDIT - MARMC - Program Manager. Left message.,Program Manager - MARMC,,New Contact,
Edison Cruz,Ethan Dial,,"October 21, 2025",,,,,,⚡ Medium,,GDIT - Regional Manager. Left message.,Regional Manager,,New Contact,
Jonathan Swart,Ethan Dial,,"October 22, 2025",,,,,,📋 Standard,Ratchet,GDIT - Ratchet - Boundary Protection Engineer. Left message.,Boundary Protection Engineer - Ratchet,,New Contact,
Chuck Farhat,Ethan Dial,,"October 22, 2025",,,,,,📋 Standard,Ratchet,GDIT - Ratchet. Left message.,Ratchet Contact,,New Contact,
Jason Collinsworth,Ethan Dial,,"October 22, 2025",,,,,,⚡ Medium,Ironhide,GDIT - IRONHIDE - Deputy Program Manager. Left message.,Deputy Program Manager - Ironhide,,New Contact,
Gregory Flournoy,Ethan Dial,,"October 22, 2025",,,,,,⚡ Medium,Ratchet,GDIT - Ratchet - Senior Subcontractor Admin. Left message.,Senior Subcontractor Admin - Ratchet,,New Contact,
Doug Delzell,Ethan Dial,,"October 27, 2025",Kuwait / Hawaii,,,"Kuwait focus - logistics, intel, security roles. Going after new work.",Lives in McDonough GA.,📋 Standard,,"GDIT - Portfolio Director. Mainly focused on Army customers in Kuwait. Sometimes tougher positions like ammo specialist in Kuwait or Hawaii. Going after new work - likely Kuwait logistics, intel, security roles.",Portfolio Director,,Nurturing,
Levi Crownover,Ethan Dial,Referred to Tina Kim. Waiting for shutdown to end.,"October 22, 2025",,,,,,⚡ Medium,Ratchet,GDIT - Ratchet - Program Manager. Told to reach out to Tina Kim - she said call back when shutdown is over.,Program Manager - Ratchet,,New Contact,
Patricia Maddox,Ethan Dial,,"October 22, 2025",,,,,,⚡ Medium,AF DCGS,GDIT - DCGS - Cyber Manager. Left message.,Cyber Manager - DCGS,,New Contact,
Rick Nielsen,Ethan Dial,,"October 22, 2025",,,,,,⚡ Medium,Ratchet,GDIT - Ratchet - Senior Program Manager. Left message.,Senior Program Manager - Ratchet,,New Contact,
Charles McGinnis,Ethan Dial,,"October 22, 2025",,,,,,⚡ Medium,NESD,GDIT - NESD - Senior IT Recruiter. Left message.,Senior IT Recruiter - NESD,,New Contact,
Goker Kerman,Matt Catanzano,OJP recompete Summer 2026. GDIT incumbent 10+ years. Treasury modernization could bring 30 new positions.,"October 29, 2025",,,,OJP: 150 FTE currently full. Treasury: Modernization effort pending = 30 new positions. Recurring monthly calls.,,🔥 High,OJP,"GDIT - OJP (DOJ contract). 150 people, shrunk since year start. Gov shutdown impacted hiring. Full now but when opens will assess needs. Contract was for option year this year but pushed to recompete Summer 2026. GDIT held for over decade. Treasury program: 3 people, DOGE impacted progress. Modernization effort coming that will bring 30 people when cloud decisions made.",Program Manager - OJP/Treasury,,Active Engagement,150
Paul Franklin,Tyler Holmes,,"October 26, 2025",,,,,,📋 Standard,JUSTIFIED,GDIT - Manager - JUSTIFIED. Regular meeting attendee.,Manager - JUSTIFIED,,Nurturing,
James Holland,Logan Hornback,,"October 31, 2025",,,,,,⚡ Medium,JUSTIFIED,GDIT - Assistant PSO - JUSTIFIED. Part of monthly meeting team.,Assistant PSO - JUSTIFIED,,Active Engagement,
Porche Campbell,Logan Hornback,,"October 31, 2025",,,,,,⚡ Medium,JUSTIFIED,GDIT - Contract PSO - JUSTIFIED. Part of monthly meeting team.,Contract PSO - JUSTIFIED,,Active Engagement,
Corey Martin,Logan Hornback,,"October 31, 2025",,,,,,🔥 High,JUSTIFIED,Same JUSTIFIED meeting update. Corey is Subcontracts Administrator Advisor.,Subcontracts Administrator Advisor - JUSTIFIED,,Active Engagement,
Sole Kincer,Logan Hornback,,"October 31, 2025",,,,,,⚡ Medium,JUSTIFIED,GDIT - Program Analyst - JUSTIFIED. Part of monthly meeting team.,Program Analyst - JUSTIFIED,,Active Engagement,
Erin Caver,Logan Hornback,,"October 31, 2025",,,,Active onboarding support. KEY contract labor contact.,,🔥 High,JUSTIFIED,GDIT - Contract Labor Management Specialist. Erin approved Alena McCain for role in Workday. Working on CLA exhibits. Alena start Monday 11/3.,Contract Labor Management Specialist,,Active Engagement,
Lonnie Lefebvre,Tyler Holmes,,"October 26, 2025",,,,,,📋 Standard,JUSTIFIED,GDIT - Manager - JUSTIFIED. Regular meeting attendee.,Manager - JUSTIFIED,,Nurturing,
Heather Herron,Logan Hornback,,"October 31, 2025",,,,,,⚡ Medium,JUSTIFIED,GDIT - Resource Manager - JUSTIFIED. Part of monthly meeting team.,Resource Manager - JUSTIFIED,,Active Engagement,
Cynthia Nusbaum,Logan Hornback,90 new spots paused. May push to March 2026. Jon Miner out as NCR lead.,"October 31, 2025",,,,CRITICAL UPDATE - 90 spots on hold. NCR lead sourcing opportunity if internal candidates fail.,,🔥 High,JUSTIFIED,"MONTHLY JUSTIFIED MEETING - Gov shutdown impacting: Start dates delayed (gov security team skeleton crew), CUP funding issues (mid-Nov runout risk, contractors may work at-risk or stop work), 90 new spots PAUSED (may push to March 2026 if shutdown continues). Jon Miner relieved from NCR lead - Pam McComas taking over, may need subs to help source NCR lead replacement.",Subcontracts Administrator - JUSTIFIED,NCR Lead replacement - Pam McComas may need sub help sourcing.,Active Engagement,
Borislav Komarovskiy,Logan Hornback,,"October 31, 2025",,,,,Recently returned from Germany trip.,⚡ Medium,JUSTIFIED,GDIT - JBAB Site Lead - JUSTIFIED. Back from Germany trip. Setting up interviews. Looking for SAP exp and Excel skills. Being picky - previous contractor Sabrina Trevino was perfect.,JBAB Site Lead - JUSTIFIED,Looking for SAP + Excel skills. Being selective - Sabrina Trevino set high bar.,Active Engagement,
Heather Herron,Logan Hornback,,"October 31, 2025",,,,,,⚡ Medium,JUSTIFIED,GDIT - Resource Manager - JUSTIFIED.,Resource Manager - JUSTIFIED,,Active Engagement,
Corey Martin,Logan Hornback,,"October 31, 2025",,,,,,🔥 High,JUSTIFIED,Same JUSTIFIED meeting update. Subcontracts Administrator Advisor.,Subcontracts Administrator Advisor - JUSTIFIED,,Active Engagement,
Sole Kincer,Logan Hornback,,"October 31, 2025",,,,,,⚡ Medium,JUSTIFIED,GDIT - Program Analyst - JUSTIFIED.,Program Analyst - JUSTIFIED,,Active Engagement,
Erin Caver,Logan Hornback,,"October 31, 2025",,,,Active onboarding support. KEY contract labor contact.,,🔥 High,JUSTIFIED,GDIT - Contract Labor Management Specialist. Erin approved Alena McCain for role in Workday. Working on CLA exhibits. Alena start Monday 11/3.,Contract Labor Management Specialist,,Active Engagement,
Cynthia Nusbaum,Logan Hornback,90 new spots paused. May push to March 2026. Jon Miner out as NCR lead.,"October 31, 2025",,,,CRITICAL - 90 spots on hold. NCR lead sourcing opportunity.,,🔥 High,JUSTIFIED,"MONTHLY JUSTIFIED MEETING - Gov shutdown impacting: Start dates delayed, CUP funding issues, 90 new spots PAUSED (may push to March 2026). Jon Miner relieved from NCR lead - Pam McComas taking over, may need subs.",Subcontracts Administrator - JUSTIFIED,NCR Lead replacement - Pam McComas may need sub help sourcing.,Active Engagement,
James Holland,Logan Hornback,,"October 31, 2025",,,,,,⚡ Medium,JUSTIFIED,GDIT - Assistant PSO - JUSTIFIED.,Assistant PSO - JUSTIFIED,,Active Engagement,
Tonya Barefoot,Colton Scurry,,"November 2, 2025",,,,,,📋 Standard,,"GDIT: Increment funding, pulling every day for hours reported.",GDIT Contact,,Nurturing,
Michelle Leiner,Tyler Holmes,,"October 26, 2025",,,,,,📋 Standard,JUSTIFIED,GDIT - Manager - JUSTIFIED.,Manager - JUSTIFIED,,Nurturing,
Clinton Dunnehoo,Tyler Holmes,,"October 26, 2025",,,,,,📋 Standard,JUSTIFIED,GDIT - Manager - JUSTIFIED.,Manager - JUSTIFIED,,Nurturing,
Porche Campbell,Logan Hornback,,"October 31, 2025",,,,,,⚡ Medium,JUSTIFIED,GDIT - Contract PSO - JUSTIFIED.,Contract PSO - JUSTIFIED,,Active Engagement,
Borislav Komarovskiy,Logan Hornback,,"October 31, 2025",,,,,Recently returned from Germany trip.,⚡ Medium,JUSTIFIED,GDIT - JBAB Site Lead. Back from Germany. Setting up interviews. Looking for SAP + Excel skills.,JBAB Site Lead - JUSTIFIED,Looking for SAP + Excel skills.,Active Engagement,
David Risnear,Tyler Holmes,,"October 26, 2025",,,,,,📋 Standard,JUSTIFIED,GDIT - Manager - JUSTIFIED.,Manager - JUSTIFIED,,Nurturing,
Lonnie Lefebvre,Tyler Holmes,,"October 26, 2025",,,,,,📋 Standard,JUSTIFIED,GDIT - Manager - JUSTIFIED.,Manager - JUSTIFIED,,Nurturing,
Paul Franklin,Tyler Holmes,,"October 26, 2025",,,,,,📋 Standard,JUSTIFIED,GDIT - Manager - JUSTIFIED.,Manager - JUSTIFIED,,Nurturing,
Ken Huie,Trevor Watson,,"November 4, 2025",,,,,,⚡ Medium,JSP,JSP-GDIT need to get ahold of.,JSP Contact,,New Contact,
Trinita Coefield,Ethan Dial,,"October 21, 2025",,,,,,📋 Standard,DSMS,GDIT - DSMS - Program Coordinator. Left message.,Program Coordinator - DSMS,,New Contact,
Harry Ferguson,Ethan Dial,,"October 21, 2025",,,,,,⚡ Medium,SCITES,GDIT - SCITES - Program Manager. Left message.,Program Manager - SCITES,,New Contact,
Bernard Wawrzeniak,Ethan Dial,,"November 5, 2025",,,,,,⚡ Medium,DSMS,GDIT - DSMS - Program Manager. Left message.,Program Manager - DSMS,,New Contact,
Marshal Mounce,Ethan Dial,,"November 5, 2025",,,,,,📋 Standard,DSMS,GDIT - DSMS - Systems Engineering Advisor. Left message.,Systems Engineering Advisor - DSMS,,New Contact,
Sean Gage,Ethan Dial,,"October 21, 2025",,,,,,🔥 High,AF DCGS,GDIT - DCGS - Systems Engineering Manager. Intro meeting set for Friday at 1pm EST.,Systems Engineering Manager - DCGS,,Meeting Set,
Andre Thomas,Ethan Dial,,"November 5, 2025",,,,,,📋 Standard,DSMS,GDIT - DSMS - QA Lead. Left message.,QA Lead - DSMS,,New Contact,
John Porter,Ethan Dial,,"November 5, 2025",,,,,,📋 Standard,DSMS,GDIT - DSMS - Systems Team Lead. Left message.,Systems Team Lead - DSMS,,New Contact,
Ryan Graves,Ethan Dial,,"October 22, 2025",,,,,,⚡ Medium,GECOS,GDIT - GECOS - Senior Program Manager. Left message.,Senior Program Manager - GECOS,,New Contact,
Steven Brown,Ethan Dial,,"October 21, 2025",,,,,,⚡ Medium,MARMC,GDIT - MARMC - Program Manager. Left message.,Program Manager - MARMC,,New Contact,
Travis Dawson,Ethan Dial,,"October 22, 2025",,,,,,⚡ Medium,NESD,GDIT - NESD - Program Director. Left message.,Program Director - NESD,,New Contact,
Jason Martin,Ethan Dial,,"October 22, 2025",,,,,,⚡ Medium,Ratchet,GDIT - Ratchet - Business Manager. Left message.,Business Manager - Ratchet,,New Contact,
Eric Napier,Ethan Dial,,"October 22, 2025",,,,,,⚡ Medium,AF DCGS,GDIT - DCGS - Net Ops Lead. Left message.,Net Ops Lead - DCGS,,New Contact,
Mike Faulkner,Ethan Dial,,"October 22, 2025",,,,,,⚡ Medium,Ironhide,GDIT - Ironhide - Senior Program Manager. Left message.,Senior Program Manager - Ironhide,,New Contact,
Erin Hamm,Ethan Dial,,"October 22, 2025",,,,,,⚡ Medium,Ratchet,GDIT - Ratchet - Program Manager. Left message.,Program Manager - Ratchet,,New Contact,
Christopher Mcgrath,Ethan Dial,,"October 22, 2025",,,,,,⚡ Medium,Ironhide,GDIT - IRONHIDE - Deputy Program Manager. Left message.,Deputy Program Manager - Ironhide,,New Contact,
Bill Hoss,Ethan Dial,,"October 22, 2025",,,,,,⚡ Medium,Ratchet,GDIT - Ratchet - Program Manager. Left message.,Program Manager - Ratchet,,New Contact,
Jessica Ortiz,Ethan Dial,,"October 22, 2025",,,,,,⚡ Medium,NESD,GDIT - NESD - Senior Program Manager. Left message.,Senior Program Manager - NESD,,New Contact,
Andrew Torelli,Ethan Dial,,"October 22, 2025",,,,,,⚡ Medium,AF DCGS,GDIT - DCGS - Program Manager. Left message.,Program Manager - DCGS,,New Contact,
Marvin Lugo,Ethan Dial,,"October 22, 2025",,,,,,⚡ Medium,Ratchet,GDIT - Ratchet - Program VP. Left message.,Program VP - Ratchet,,New Contact,
Jeffrey McClelland,Ethan Dial,,"October 22, 2025",,,,,,⚡ Medium,Ironhide,GDIT - IRONHIDE - Operations Manager. Left message.,Operations Manager - Ironhide,,New Contact,
Brooklynn Deeds,Matt Catanzano,,"April 23, 2025",Atlanta,,,,,,,DNLVM.,,,New Contact,
Christopher Bailey,Matt Catanzano,,"April 23, 2025",Atlanta,,,,,,,DNLVM.,,,New Contact,
Bernard Wawrzeniak,Tanner Sorrells,,"December 13, 2024",Atlanta,,,,,,,Meeting on Tuesday 12/10.,,,New Contact,
Bruce Brown,Matt Catanzano,,"April 23, 2025",Atlanta,,,,,,,DNLVM.,,,New Contact,
Brittany Glenn,Steph Sullivan,,"June 2, 2025",Atlanta,,,,,,,Discussed Paulette and Simon moving to Nate's team due to funding for old WO ending.,,,New Contact,
Amy Brown,Tanner Sorrells,,"December 9, 2025",Atlanta,,,,,,,"INSCOM: Weekly staffing meetings. Offers for Nmezi, Mayon, Forrest, Eure. Ft Stewart/Liberty interviews. VMware/Network Engineer openings. Kyle and Terrell acceptances. Jordan Langham/JohnPeter Gonzalez resignations.",,,New Contact,
Chris Black,Madison Yokley,,"April 17, 2025",Atlanta,,,,,,,LVM.,,,New Contact,
Cary Amburn,Colin Broder,,"December 6, 2024",Atlanta,,,,,,,"GDIT BOM: TOs dropping soon. Targeting Risk Reduction, Alaska/Hawaii, Japan. BIM: PTS approved for pre-award TA for TO1, TO2, TO3.",,,New Contact,
Chris Turner,Colton Scurry,,"April 8, 2025",Atlanta,,,,,,,LVM.,,,New Contact,
Benita Spinner,Natasha Clark,,"May 14, 2025",Atlanta,,,,,,,DLA: Unhelpful regarding Bridgett Holderness meeting.,,,New Contact,
Allen Partlow,Tanner Sorrells,,"January 9, 2025",Atlanta,,,,,,,LVM to connect on Insider Threat Analyst posting.,,,New Contact,
Cheryl Pierce,Colton Scurry,,"April 2, 2025",Atlanta,,,,,,,EPA Subcontracts. MAINES/EPA: Executed subcontract. WICRD/GLO: 15 live task orders. Cost+ contract. Need CO approval.,,,New Contact,
Alison Page,Colton Scurry,,"January 9, 2025",Atlanta,,,,,,,LVM.,,,New Contact,
Charlie Khaliq,Madison Yokley,,"April 17, 2025",Atlanta,,,,,,,LVM.,,,New Contact,
Christopher Swinson,Tanner Sorrells,,"April 22, 2025",Atlanta,,,,,,,LVM to get interview feedback. Meeting on 2/20. Onsite visit. OOO until Mid May.,,,New Contact,
Borislav Komarovskiy,Logan Hornback,,"March 14, 2025",Atlanta,,,,,,,"ASR feedback. Toliver/Smith out. Looking for new candidates. Happy Hour w/ Jon, Slava, Dwight. JBAB: Interview feedback and setup.",,,New Contact,
Chris Knott,Colton Scurry,,"April 9, 2025",Atlanta,,,,,,,LVM.,,,New Contact,
Asa Wilke,Tanner Sorrells,,"January 22, 2025",Atlanta,,,,,,,LVM to reconnect and get open Network Engineer req posted. Called and left another VM.,,,New Contact,
Christopher Goze,Ralph Geabhart,,"April 29, 2025",Atlanta,,,,,,,LVM. Back from Spring Break. Need Lee 2nd round. Technical interview for Lee. MJ interviewing.,,,New Contact,
Carlos Broadwater,Brandon Braner,,"April 3, 2025",Atlanta,,,,,,,LVM to discuss DD254 upgrade.,,,New Contact,
Dwayne Jones,Matt Catanzano,,"March 19, 2025",Atlanta,,,,,,,DNLVM. User busy signal.,,,New Contact,
Cynthia Nusbaum,Logan Hornback,,"October 31, 2025",Atlanta,,,,,,,Discussed government shutdown impacts: delays in start dates and SCI briefing.,,,New Contact,
Frank Demaria,Colton Scurry,,"March 11, 2025",Atlanta,,,,,,,MAINES: List serve for subcontracts. New POP April. 5 people moving sub to prime tech due to SDVOSB req.,,,New Contact,
Donald Kiser,Logan Hornback,,"February 14, 2025",Atlanta,,,,,,,In-Person meeting 2/13.,,,New Contact,
Dan Herrera,Emily Hoppe,,"February 20, 2025",Atlanta,,,,,,,At Booz now.,,,New Contact,
Corey Martin,Logan Hornback,,"May 23, 2025",Atlanta,,,,,,,JUSTIFIED: Monthly staffing meetings. DD254 and COI discussions. Javon Day start date 3/24. Exclusive billets for ASR II's. GSA OASIS contract. SSM/CST rates discussions. Subcontracts Admin Advisor.,,,New Contact,
Eric Toliver,Colton Scurry,,"March 6, 2025",Atlanta,,,,,,,MAINES: 4 openings for water authority task. 30 mil Mod. RFP back. POP through 2028. NGC MAINES: 5 line items for SW/Analyst positions.,,,New Contact,
Craig Lambert,Tanner Sorrells,,"November 12, 2024",Atlanta,,,,,,,Meeting set for 11/12 regarding DTRA I3TS. Meeting to discuss DTRA I3TS opportunity.,,,New Contact,
David Wiley,Emma Davis,,"February 20, 2025",Atlanta,,,,,,,CECS PM. In OY1. Exception for small business possible.,,,New Contact,
Dwight Ducksworth,Logan Hornback,,"February 14, 2025",Atlanta,,,,,,,"Happy Hour w/ Jon, Slava, Dwight, Travis Williams.",,,New Contact,
Clinton Dunnehoo,Tyler Holmes,,"November 23, 2025",Atlanta,,,,,,,JUSTIFIED program. Meeting with Ris/Clint. Struggling with ISSO/IT/IA at Kirtland. In person meeting at Abby's Irish Pub. New business/growth discussion. ASR II at Garden of the Gods. Net/Sys admin opening. ISSO III/IT IA I offers at Schriever. Stop work for CUP 59 lifted; PSR II opening at Peterson.,,,New Contact,
Cindy Fox,Madison Yokley,,"April 23, 2025",Atlanta,,,,,,,No answer.,,,New Contact,
Derrick Combs,Steph Sullivan,,"April 30, 2025",Atlanta,,,,,,,Director Cloud. No needs now. Supply surge resources.,,,New Contact,
Francisco Torres,Colin Broder,,"May 2, 2025",Atlanta,,,,,,,VMOD: Temp stop work. 3-6mo warranty work.,,,New Contact,
Darcy Shala,Colton Scurry,,"December 13, 2024",Atlanta,,,,,,,Meeting set for Thursday 19th at 3:30pm.,,,New Contact,
David Holder,Tanner Sorrells,,"November 26, 2024",Atlanta,,,,,,,Weekly staffing meeting. Reviewing INSCOM/I2TS4. Drew Holder leaving program. Replaced by Lani Small.,,,New Contact,
D'Wayne Hubbard,Emily Hoppe,,"April 1, 2025",Atlanta,,,,,,,VDI role hiring manager is Mike Burke. Lead is Francis Tyson.,,,New Contact,
Connley Boring,Tanner Sorrells,,"April 30, 2025",Atlanta,,,,,,,No answer.,,,New Contact,
David Risnear,Tyler Holmes,,"May 18, 2025",Atlanta,,,,,,,JUSTIFIED West Region Lead. ASR reqs at Peterson/Schriever. Schriever IT/IA I backfill. PSR in Palmdale. ISSO Schriever exclusive.,,,New Contact,
Edward Fallen,Tanner Sorrells,,"January 21, 2025",Atlanta,,,,,,,No answer.,,,New Contact,
Juan Davis,Colin Broder,,"April 17, 2025",Atlanta,,,,,,,No longer with GDIT.,,,New Contact,
"George ""Brennon"" Huff",Emma Davis,,"April 18, 2025",Atlanta,,,,,,,CITS Integration Lab Lead. Not approved supplier. Workshare possible.,,,New Contact,
James Knapp Jr.,Madison Yokley,,"April 22, 2025",Atlanta,,,,,,,"Meeting set 4/22. No contract labor. GECOS Cyber Mgr. 4 year contract, year 3 end. GECOS 2 coming.",,,New Contact,
Jared Maybury,Madison Yokley,,"April 17, 2025",Atlanta,,,,,,,LVM.,,,New Contact,
Kathy Cason,Tyler Holmes,,"February 6, 2025",Atlanta,,,,,,,Meeting w/ Kathy and Sarah at 3PM.,,,New Contact,
Harry Ferguson,Matt Catanzano,,"December 22, 2025",Atlanta,,,,,,,PM over CENTCOM; 430 FTEs; needs for Machine Learning and ServiceNow roles.,,,New Contact,
Lucy Edwards,Logan Hornback,,"May 2, 2025",Atlanta,,,,,,,JUSTIFIED: Update on subcontract. Potential meeting w/ Lucy & Ryan on 11/21 at INSCOM.,,,New Contact,
Gregory White,Matt Catanzano,,"March 13, 2025",Atlanta,,,,,,,DNLVM.,,,New Contact,
Jason Lindt,Logan Hornback,,"May 9, 2025",Atlanta,,,,,,,DTS Software Engineer reqs and FSE needs.,,,New Contact,
Jon Brimer,Logan Hornback,,"March 14, 2025",Atlanta,,,,,,,"JBAB: Interview setup. Happy Hour w/ Jon, Slava, Dwight.",,,New Contact,
Gregory Flournoy,Ethan Dial,,"November 11, 2025",Atlanta,,,,,,,Senior Subcontractor Administrator at GDIT Ratchet.,,,New Contact,
Laura Cooper,Tanner Sorrells,,"April 18, 2025",Atlanta,,,,,,,INSCOM: Weekly staffing meetings. Priority list same. Terrell waiver pending.,,,New Contact,
Goker Kerman,Matt Catanzano,,"December 3, 2025",Atlanta,,,,,,,OJP static. Treasury stalled by admin change. 20-25 spots projected. DOJ computer systems contract; reconnect first of the year.,,,New Contact,
Lani Small,Tanner Sorrells,,"April 25, 2025",Atlanta,,,,,,,INSCOM: Weekly staffing meetings. Priority list same. Ronald Eure removal. Shelia McCall heard rumors of cuts.,,,New Contact,
John Cerone,Tyler Holmes,,"May 2, 2025",Atlanta,,,,,,,JUSTIFIED program: Biweekly cadence. Meeting set for 11/20 at 2:15 PM. Subcontracts Admin.,,,New Contact,
Halina Miller,Colton Scurry,,"April 7, 2025",Atlanta,,,,,,,Halina was a no show.,,,New Contact,
James Riley,Tanner Sorrells,,"April 25, 2025",Atlanta,,,,,,,INSCOM: Weekly staffing meetings. Option year green light expected soon. Lunch meeting 4/9.,,,New Contact,
Kay Dillon,Logan Hornback,,"March 21, 2025",Atlanta,,,,,,,SITEC III: 500-600 program mgrs. 3 reqs at moment.,,,New Contact,
Heather Herron,Tyler Holmes,,"May 18, 2025",Atlanta,,,,,,,JUSTIFIED: EPMO Training. Monthly staffing meetings. Onboarding/Clearance process discussion. Annual Teaming. Safe from DOGE cuts. Essential program.,,,New Contact,
Jarrod Sanders,Madison Yokley,,"April 14, 2025",Atlanta,,,,,,,Interview scheduled for 4/14 at 10am. LVM.,,,New Contact,
Paul Clavette,Tyler Holmes,,"May 9, 2025",Atlanta,,,,,,,JUSTIFIED Annual Teaming: Subcontracts Admin. Tech writer openings.,,,New Contact,
Oscar Garcia,Logan Hornback,,"February 12, 2025",Atlanta,,,,,,,No answer. Set meeting for 2/12.,,,New Contact,
Mike Simone,Tanner Sorrells,,"March 18, 2025",Atlanta,,,,,,,LVM to reconnect.,,,New Contact,
Tameka Powell,Logan Hornback,,"May 9, 2025",Atlanta,,,,,,,JBAB: Contact for interviews. Monthly meetings.,,,New Contact,
Sarah Slaton,Tyler Holmes,,"February 6, 2025",Atlanta,,,,,,,Meeting w/ Kathy and Sarah at 3PM.,,,New Contact,
Scott Jenkins,Logan Hornback,,"March 14, 2025",Atlanta,,,,,,,LVM to reconnect.,,,New Contact,
Stephanie Hall,Madison Yokley,,"April 18, 2025",Atlanta,,,,,,,No answer.,,,New Contact,
Rick Maldonado,Tanner Sorrells,,"November 21, 2024",Atlanta,,,,,,,"INSCOM: Meeting to discuss team openings, candidates, and onboarding.",,,New Contact,
Robyn Kochis,Tanner Sorrells,,"November 14, 2024",Atlanta,,,,,,,Sent NDA for DTRA I3TS contract. Signed and returned.,,,New Contact,
Shela Coley,Madison Yokley,,"April 18, 2025",Atlanta,,,,,,,No answer.,,,New Contact,
Matthew McCafferty,Madison Yokley,,"April 17, 2025",Atlanta,,,,,,,LVM.,,,New Contact,
Robert Fisher,Tanner Sorrells,,"November 12, 2024",Atlanta,,,,,,,Meeting set for 11/12 regarding DTRA I3TS.,,,New Contact,
Robert Lamb,Tanner Sorrells,,"November 12, 2024",Atlanta,,,,,,,Meeting set for 11/12 regarding DTRA I3TS.,,,New Contact,
Ryan Rossignol,Logan Hornback,,"March 21, 2025",Atlanta,,,,,,,JUSTIFIED: Onsite Falls Church. Meeting with Logan and Lucy Edwards.,,,New Contact,
Nicole McConnell,Colin Broder,,"February 11, 2025",Atlanta,,,,,,,Meeting with Nicole and Mike at GDIT Falls Church.,,,New Contact,
Mike McConnell,Colin Broder,,"February 11, 2025",Atlanta,,,,,,,"Meeting with Nicole and Mike: DTRA I3TS, CENTCOM, AI opportunities.",,,New Contact,
Terri Smith,Tyler Holmes,,"April 3, 2025",Atlanta,,,,,,,"ADCNOMS: 3 year contract, year 2. Engineering heavy. Schriever AFB.",,,New Contact,
Stacey Warner,Logan Hornback,,"May 9, 2025",Atlanta,,,,,,,Meeting set for Friday 11/22. SITEC III: 1200 FTEs. Looking for network/storage engineers.,,,New Contact,
Norritta Blanchard,Madison Yokley,,"April 18, 2025",Atlanta,,,,,,,GECOS: Monthly recurring. At max % for contract labor. Canceling recurring.,,,New Contact,
Mike Guadagnoli,Tanner Sorrells,,"November 21, 2024",Atlanta,,,,,,,"INSCOM: Meeting to discuss team openings, candidates, and onboarding.",,,New Contact,
Victoria Grantham,Madison Yokley,,"April 17, 2025",Atlanta,,,,,,,LVM.,,,New Contact,
Mary Johnson,Tanner Sorrells,,"February 21, 2025",Atlanta,,,,,,,LVM to discuss openings.,,,New Contact,
Peter Williams,Logan Hornback,,"March 7, 2025",Atlanta,,,,,,,SITEC contract discussion. Growing team.,,,New Contact,
Tonia Trevino,Tanner Sorrells,,"December 3, 2024",Atlanta,,,,,,,Discussed David McKeever's LCAT promotion.,,,New Contact,
Valerie Lindsey,Madison Yokley,,"April 17, 2025",Atlanta,,,,,,,LVM.,,,New Contact,
Yolanda Foster,Madison Yokley,,"April 28, 2025",Atlanta,,,,,,,Meeting set for 4/22. On leave. Follow up 4/28.,,,New Contact,
Marcus Thompson,Tyler Holmes,,"March 28, 2025",Atlanta,,,,,,,Discussed renewal option. JUSTIFIED program safe.,,,New Contact,
Latoya Jones,Madison Yokley,,"April 17, 2025",Atlanta,,,,,,,LVM.,,,New Contact,
Ronald Wilson,Logan Hornback,,"March 21, 2025",Atlanta,,,,,,,LVM. NCIS openings.,,,New Contact,
Kevin McLeod,Madison Yokley,,"April 17, 2025",Atlanta,,,,,,,Intro call. GECOS 4 year contract ending. Looking for cyber roles.,,,New Contact,
Randy Mitchell,Colin Broder,,"March 14, 2025",Atlanta,,,,,,,Intro meeting. EVOLVE program needs.,,,New Contact,
Travis Williams,Logan Hornback,,"February 14, 2025",Atlanta,,,,,,,JBAB: Happy Hour with Dwight and team.,,,New Contact,
Mark Davidson,Tyler Holmes,,"April 11, 2025",Atlanta,,,,,,,Meeting on ADCS contract opportunities.,,,New Contact,
Lisa Marley,Madison Yokley,,"April 18, 2025",Atlanta,,,,,,,No answer.,,,New Contact,
Rachel Green,Madison Yokley,,"April 17, 2025",Atlanta,,,,,,,LVM.,,,New Contact,
Nathan Brooks,Logan Hornback,,"April 2, 2025",Atlanta,,,,,,,SCITES program manager. Looking for software developers.,,,New Contact,
Rebecca Taylor,Colton Scurry,,"April 9, 2025",Atlanta,,,,,,,No answer.,,,New Contact,
Richard Adams,Matt Catanzano,,"February 28, 2025",Atlanta,,,,,,,Treasury program discussion. Rate negotiations.,,,New Contact,
Patricia Moore,Madison Yokley,,"April 23, 2025",Atlanta,,,,,,,No answer.,,,New Contact,
Zephaniah Peoples,Madison Yokley,,"April 17, 2025",Atlanta,,,,,,,LVM.,,,New Contact,
Jessica Ortiz,Emma Davis,,"April 28, 2025",Atlanta,,,,,,,Navy Enterprise Systems: No subs needed. Navy Enterprise Service Desk. 20 reports.,,,New Contact,
Joseph Mannato,Tanner Sorrells,,"January 22, 2025",Atlanta,,,,,,,HITMOD - IHS EHRM. No answer.,,,New Contact,
Kristin Pasternak,Colton Scurry,,"December 13, 2024",Atlanta,,,,,,,Intro set for Darcy and Kristin on Thursday 19th.,,,New Contact,
John Cordone,Ben Hollmann,,"May 9, 2025",Atlanta,,,,,,,VP Army EIT&MS. Push to hire internally. Open to CastleNet/ATEC.,,,New Contact,
Keith Gall,Colin Broder,,"February 28, 2025",Atlanta,,,,,,,BITI RESET: Follow on to BITI FY18. TekSystems backfills.,,,New Contact,
Karl Tappert,Colin Broder,,"November 27, 2024",Atlanta,,,,,,,VMOD only. Army Enterprise IT falls to John Cordone. Pleased with VMOD performance.,,,New Contact,
Jason Thomas,Tanner Sorrells,,"January 21, 2025",Atlanta,,,,,,,DTRA I3TS kickoff scheduled for Friday 12/20. Meeting Friday 12/20. DTRA I3TS proposal submitted.,,,New Contact,
Jeffery Tritthart,Logan Hornback,,"January 17, 2025",Atlanta,,,,,,,Meeting to introduce Maddy as new lead.,,,New Contact,
Jeffrey Anderson,Tanner Sorrells,,"February 26, 2025",Atlanta,,,,,,,LVM to get interviews setup. Onsite visit.,,,New Contact,
John Talbert,Tanner Sorrells,,"April 24, 2025",Atlanta,,,,,,,LVM for referral to open Desktop Support Tech position. JSP Cable. No openings. Monthly follow up.,,,New Contact,
Kory Brumfield,Ethan Dial,,"December 1, 2025",Atlanta,,,,,,,Senior Director now on civilian side; no current needs.,,,New Contact,
Jared Wineland,Tanner Sorrells,,"January 13, 2025",Atlanta,,,,,,,No longer with GDIT.,,,New Contact,
Jasmin Soriano-Morales,Madison Yokley,,"April 17, 2025",Atlanta,,,,,,,LVM.,,,New Contact,
Joshua Whitlow,Tanner Sorrells,,"January 21, 2025",Atlanta,,,,,,,SCSTC: Referred to Edward Fallen or Todd Edwards.,,,New Contact,
Jerome Pofi,Trevor Watson,,"August 17, 2025",Atlanta,,,,,,,Jerome (PM of SKITLS) broke down $1.5B program for STRATCOM; plans for 400 FTEs.,,,New Contact,
Karen Finnelle,Colin Broder,,"May 16, 2025",Atlanta,,,,,,,MPCO: No protest. 2 TOs initially. Est 500 new billets. 25-30 billets in Feb. Blackstone/Pegasus transition August.,,,New Contact,
Kevin Franklin,Madison Yokley,,"April 21, 2025",Atlanta,,,,,,,GECOS Enterprise Lead. Team all GDIT. Referred to Ryan Graves.,,,New Contact,
Jonathan Miner,Logan Hornback,,"September 12, 2025",Atlanta,,,,,,,NCR Regional Manager. Monthly/bi-weekly staffing meetings. Interview feedback. Onboarding discussions.,,,New Contact,
Joel Stammen,Logan Hornback,,"May 16, 2025",Atlanta,,,,,,,WARHAWK: No new openings. Conversions for Gronning/Plett. Reawarded to GDIT. Openings: Software Dev/Scrum.,,,New Contact,
Jennifer Jacobson,Colton Scurry,,"April 8, 2025",Atlanta,,,,,,,LVM.,,,New Contact,
Lisa Nielsen,Matt Catanzano,,"March 13, 2025",Atlanta,,,,,,,DNLVM.,,,New Contact,
Martin Sorensen,Justin Howard,,"April 21, 2025",Atlanta,,,,,,,Computer Engineer - SolarWinds.,,,New Contact,
Mark Trudel,Logan Hornback,,"June 13, 2025",Atlanta,,,,,,,Eastern Regional Manager. Monthly staffing meetings. Onboarding/interview feedback. SCA/ASR billets.,,,New Contact,
Michelle Leiner,Tyler Holmes,,"May 18, 2025",Atlanta,,,,,,,Central Region Director. ISSOs at Minot/Kirtland pain points. ASR II Wright Patterson.,,,New Contact,
Maurice Lynch,Madison Yokley,,"April 16, 2025",Atlanta,,,,,,,No longer on GECOS. On proposals side.,,,New Contact,
Lawrence Smith,Tanner Sorrells,,"April 24, 2025",Atlanta,,,,,,,Asked for Carlos Broadwater cell.,,,New Contact,
Pamela McComas,Tyler Holmes,,"November 16, 2025",Atlanta,,,,,,,JUSTIFIED Annual Teaming: Program Manager. Acting NCR Regional Director after Jon Miner's departure.,,,New Contact,
Lindsay Morris,Colton Scurry,,"April 8, 2025",Atlanta,,,,,,,Intro set Tuesday 1:30pm.,,,New Contact,
Michael Wakeland,Logan Hornback,,"January 17, 2025",Atlanta,,,,,,,780th Intro. Contractors doing great. Meeting to introduce Maddy as new lead.,,,New Contact,
Mark Carrier,Tanner Sorrells,,"January 23, 2025",Atlanta,,,,,,,Meeting set for Friday 1/17. Meeting with John Cerone.,,,New Contact,
Miranda Hildebrandt,Tanner Sorrells,,"January 21, 2025",Atlanta,,,,,,,DTRA I3TS kickoff scheduled for Friday 12/20. Meeting Friday 12/20. DTRA I3TS proposal submitted.,,,New Contact,
Patrick Gomes,Logan Hornback,,"January 17, 2025",Atlanta,,,,,,,Meeting to introduce Maddy as new lead.,,,New Contact,
Nina Hamilton,Matt Catanzano,,"March 19, 2025",Atlanta,,,,,,,DNLVM.,,,New Contact,
Linda Budiman,Madison Yokley,,"April 17, 2025",Atlanta,,,,,,,LVM.,,,New Contact,
Melissa Caldwell,Logan Hornback,,"May 23, 2025",Atlanta,,,,,,,JBAB interview feedback/confirmations. White INDOC 5/20. SCA I Crystal City potential.,,,New Contact,
Leif Conradi,Natasha Clark,,"May 21, 2025",Atlanta,,,,,,,MSPSC: Req in Workday Sr Sys Analyst. 2 yr extension through Sept 2026. 100 people.,,,New Contact,
Marcus Neal,Brandon Braner,,"April 16, 2025",Atlanta,,,,,,,Azure roles no longer exist. CITS Cloud Lead. 95% staffed. Reducing team.,,,New Contact,
Lisa Rhodes-Hall,Trevor Watson,,"November 11, 2025",Atlanta,,,,,,,JSP contract affected by shutdown; project starts pushed to Jan 2026. Backfilling Network Engineers.,,,New Contact,
Lonnie Lefebvre,Tyler Holmes,,"May 11, 2025",Atlanta,,,,,,,In person meeting at Abby's Irish Pub. Meeting w/ Clint & Lonnie. Helpdesk tech I decision Monday.,,,New Contact,
Michellle Thornstein-Richards,Tyler Holmes,,"May 11, 2025",Atlanta,,,,,,,ASR II Dayton pain point. Interviews Tuesday.,,,New Contact,
Sean Gage,Ethan Dial,,"October 21, 2025",Atlanta,,,,,,,Intro meeting set for Friday for DCGS Systems Engineering Manager.,,,New Contact,
Reginald McDade,Tanner Sorrells,,"April 22, 2025",Atlanta,,,,,,,DCGS/DTOC. Recompete late 2025. Attrition expected after May/June bonuses.,,,New Contact,
Paul Franklin,Logan Hornback,,"May 23, 2025",Atlanta,,,,,,,JUSTIFIED: Monthly staffing meetings. Subcontracts Admin Advisor. SSM/CST rates.,,,New Contact,
Patrick Mooney,Drew McEntyre,,"February 5, 2025",Atlanta,,,,,,,Meeting set Tuesday 2/11.,,,New Contact,
Peggy Jordan,Logan Hornback,,"August 8, 2025",Atlanta,,,,,,,JUSTIFIED Annual Teaming: Director of Security. Rejection rate 74%. 5-year rule for clearances.,,,New Contact,
Randy Strickland,Tanner Sorrells,,"February 21, 2025",Atlanta,,,,,,,Meeting set for Thursday 12/19. Randy retiring in 1 month. No clear direction on 30+ new spots.,,,New Contact,
Peter Lambert,Ethan Dial,,"November 21, 2025",Atlanta,,,,,,,"ADCS VP; discussed portfolio directors Scott Johnson, Asa Wilke, Jeff Cress, and Patty Crump.",,,New Contact,
Sole Kincer,Tyler Holmes,,"December 7, 2025",Atlanta,,,,,,,JUSTIFIED: EPMO Training. Monthly staffing meetings. Onboarding/Clearance process discussion.,,,New Contact,
Ryan Graves,Madison Yokley,,"April 17, 2025",Atlanta,,,,,,,LVM.,,,New Contact,
Ronald Wilkes,Ethan Dial,,"November 11, 2025",Atlanta,,,,,,,GECOS PM; 100% staffed but willing to meet 11/17.,,,New Contact,
Richard Breeden,Tyler Holmes,,"November 16, 2025",Atlanta,,,,,,,"Kirtland: 120 people, expected to double. ASR/NOC/ISSO openings. ASR I opening at Kirtland.",,,New Contact,
Robert Murphy,Tanner Sorrells,,"February 26, 2025",Atlanta,,,,,,,No longer Site Lead at Liberty. Remaining as Systems Engineer Advisor. Onsite visit.,,,New Contact,
Sheila Chester,Mike Huerkamp,,"June 27, 2024",Atlanta,,,,,,,Pursuit for SAIC RITS recompete ($1.2B program); PTS identified as teaming partner.,,,New Contact,
Porche Campbell,Logan Hornback,,"February 7, 2025",Atlanta,,,,,,,Security paperwork requirements. DD254 update.,,,New Contact,
Roderick McCray,Logan Hornback,,"February 23, 2025",Atlanta,,,,,,,In-Person meeting 2/13. JBAB lead (25-28 people).,,,New Contact,
Scott Johnson,Ethan Dial,,"November 25, 2025",Atlanta,,,,,,,480th ISR contract; recompeting in 1.5 years; new programs Olympus and Athena mentioned.,,,New Contact,
Sangye Choephel,Colton Scurry,,"May 1, 2025",Atlanta,,,,,,,MAINES: SETRIS/Rate discussion.,,,New Contact,
Steve Albrecht,Logan Hornback,,"December 14, 2025",Atlanta,,,,,,,ARMY DEVCOM project; contracts extended to May 2026; offer for Sr. Software Engineer.,,,New Contact,
Sherisse Marion,Colton Scurry,,"March 18, 2025",Atlanta,,,,,,,EPA Task Order 3. Hiring freeze currently. Uses Guidehouse/Apex. Declined meeting.,,,New Contact,
Robert Shumate,Colton Scurry,,"May 1, 2025",Atlanta,,,,,,,MAINES RFP back. POP through 2028. Due Jan 28. 3rd option year.,,,New Contact,
Tony Robertiello,Ethan Dial,,"December 11, 2025",Atlanta,,,,,,,"Program Director over ADCS, BIM, BITI, and CDCS; follow-up set for Jan 5.",,,New Contact,
Thomas Green,Logan Hornback,,"January 17, 2025",Atlanta,,,,,,,EPMO training.,,,New Contact,
Terry Webb,Tyler Holmes,,"April 20, 2025",Atlanta,,,,,,,"Kirtland: 120 people, expected to double. Set up ASR/NOC/ISSO. Schriever IT/IA I backfill.",,,New Contact,
Usman Altafalluh,Madison Yokley,,"April 17, 2025",Atlanta,,,,,,,LVM.,,,New Contact,
Uzma Rasheed,Tanner Sorrells,,"March 7, 2025",Atlanta,,,,,,,LVM for open Desktop Support Tech req.,,,New Contact,
Tony Abney,Logan Hornback,,"February 21, 2025",Atlanta,,,,,,,Removal of Ronald Eure.,,,New Contact,
Tonya Barefoot,Colton Scurry,,"May 29, 2025",Atlanta,,,,,,,MAINES: Quick onboarding. Saved designated SDVOSB spend. Rate discussion. New Cyber Sys Admin role.,,,New Contact,
Tad Laszewski,Matt Catanzano,,"April 23, 2025",Atlanta,,,,,,,DNLVM.,,,New Contact,
Tobe Deutschmann,Colin Broder,,"April 25, 2025",Atlanta,,,,,,,BIM: TO1/TO2 RFP dropped. Kick off with OTS. TO3 Space Force June. Award in 6-8 weeks.,,,New Contact,
Wanda Camacho,Tanner Sorrells,,"April 21, 2025",Atlanta,,,,,,,LVM to req qual 2 reqs. App Dev candidate feedback.,,,New Contact,
Todd Edwards,Tanner Sorrells,,"February 19, 2025",Atlanta,,,,,,,LVM. Referred by Dahlgren/San Diego leads.,,,New Contact,
Troy Callender,Ethan Dial,,"November 20, 2025",Atlanta,,,,,,,Troy oversees a team of 12 for a new DHS contract.,,,New Contact,
Tim Aldrich,Colton Scurry,,"November 2, 2025",Atlanta,,,,,,,Metrostar just won task orders; all positions on-site in Broomfield with TS.,,,New Contact,
Tyler Swift,Madison Yokley,,"May 29, 2025",Atlanta,,,,,,,Charlottesville Site Mgr. 43 people. Network Engineer interviews. Awaiting feedback.,,,New Contact,
Todd Wiesner,Logan Hornback,,"April 20, 2025",Atlanta,,,,,,,JUSTIFIED Annual Teaming: Security VP.,,,New Contact,
Wilson Castro,Tanner Sorrells,,"April 21, 2025",Atlanta,,,,,,,New Site Lead for INSCOM at Fort Liberty. Meeting set for 2/20. Onsite visit.,,,New Contact,