"company","detected_clearance","location","primary_keyword","scraped_at","title","url"
"Insight Global","Secret","Belcamp, Maryland","Secret","2025-12-17T15:32:27.787Z","Secret Operations Analyst","https://insightglobal.com/jobs/find_a_job/maryland/belcamp/secret-operations-analyst/job-280703/"
"Insight Global","Secret","Fairfax, Virginia","Secret","2025-12-17T15:32:27.787Z","Secret Sr. Network Engineer","https://insightglobal.com/jobs/find_a_job/virginia/fairfax/secret-sr-network-engineer/job-467236/"
"Insight Global","Secret","Saint Louis, Missouri","Secret","2025-12-17T15:32:27.787Z","Secret Cleared Solutions Architect","https://insightglobal.com/jobs/find_a_job/missouri/saint-louis/secret-cleared-solutions-architect/job-296131/"
"Insight Global","Secret","Gunpowder, Maryland","Secret","2025-12-17T15:32:27.787Z","Secret cleared Radio Frequency Engineer","https://insightglobal.com/jobs/find_a_job/maryland/gunpowder/secret-cleared-radio-frequency-engineer/job-437969/"
"Insight Global","Secret","Huntsville, Alabama","Secret","2025-12-17T15:32:27.787Z","Secret Capture Manager - Huntsville 2","https://insightglobal.com/jobs/find_a_job/alabama/huntsville/secret-capture-manager-huntsville-2/job-452565/"
"Insight Global","Secret","Colorado Springs, Colorado","Secret","2025-12-17T15:32:27.787Z","Secret Mid-Level Cyber Threat Emulation Analyst","https://insightglobal.com/jobs/find_a_job/colorado/colorado-springs/secret-mid-level-cyber-threat-emulation-analyst/job-458008/"
"Insight Global","TS","Niskayuna, New York","Secret","2025-12-17T15:32:27.788Z","Top Secret System Admin","https://insightglobal.com/jobs/find_a_job/new-york/niskayuna/top-secret-system-admin/job-474443/"
"Insight Global","TS","San Diego, California","Secret","2025-12-17T15:32:27.788Z","Top Secret Senior Safety Engineer","https://insightglobal.com/jobs/find_a_job/california/san-diego/top-secret-senior-safety-engineer/job-470964/"
"Insight Global","TS","Eglin Air Force Base, Florida","Secret","2025-12-17T15:32:27.788Z","Top Secret - Manufacturing Engineer","https://insightglobal.com/jobs/find_a_job/florida/eglin-air-force-base/top-secret-manufacturing-engineer/job-464025/"
"Insight Global","Secret","Huntsville, Alabama","Secret","2025-12-17T15:32:27.788Z","SECRET - FPGA Engineer III","https://insightglobal.com/jobs/find_a_job/alabama/huntsville/secret-fpga-engineer-iii/job-465496/"
"Insight Global","Secret","Aberdeen Proving Ground, Maryland","Secret","2025-12-17T15:32:31.492Z","Secret Vulnerability Penetration Tester","https://insightglobal.com/jobs/find_a_job/maryland/aberdeen-proving-ground/secret-vulnerability-penetration-tester/job-449881/"
"Insight Global","Secret","Dahlgren, Virginia","Secret","2025-12-17T15:32:31.492Z","Secret .Net/Angular Developer","https://insightglobal.com/jobs/find_a_job/virginia/dahlgren/secret-net-angular-developer/job-440730/"
"Insight Global","Secret","Huntsville, Alabama","Secret","2025-12-17T15:32:31.492Z","Software Engineer - Secret Clearance","https://insightglobal.com/jobs/find_a_job/alabama/huntsville/software-engineer-secret-clearance/job-460643/"
"Insight Global","Secret","San Diego, California","Secret","2025-12-17T15:32:31.492Z","Secret Cleared Technical Writer","https://insightglobal.com/jobs/find_a_job/california/san-diego/secret-cleared-technical-writer/job-434176/"
"Insight Global","Secret","Portsmouth, Virginia","Secret","2025-12-17T15:32:31.492Z","Secret IT Specialist Mid","https://insightglobal.com/jobs/find_a_job/virginia/portsmouth/secret-it-specialist-mid/job-471409/"
"Insight Global","Secret","Huntsville, Alabama","Secret","2025-12-17T15:32:31.492Z","Software Engineer - Secret Clearance","https://insightglobal.com/jobs/find_a_job/alabama/huntsville/software-engineer-secret-clearance/job-473799/"
"Insight Global","Secret","Tucson, Arizona","Secret","2025-12-17T15:32:31.492Z","Secret Software Engineer","https://insightglobal.com/jobs/find_a_job/arizona/tucson/secret-software-engineer/job-458053/"
"Insight Global","Secret","Washington, District Of Columbia","Secret","2025-12-17T15:32:31.492Z","Secret Software Technical Writer","https://insightglobal.com/jobs/find_a_job/district-of-columbia/washington/secret-software-technical-writer/job-473731/"
"Insight Global","Secret","Arlington, Virginia","Secret","2025-12-17T15:32:31.492Z","Secret Cleared Director","https://insightglobal.com/jobs/find_a_job/virginia/arlington/secret-cleared-director/job-469943/"
"Insight Global","Secret","North Charleston, South Carolina","Secret","2025-12-17T15:32:31.492Z","Secret cleared Cloud Engineer","https://insightglobal.com/jobs/find_a_job/south-carolina/north-charleston/secret-cleared-cloud-engineer/job-474925/"
"Insight Global","TS","West Mifflin, Pennsylvania","Secret","2025-12-17T15:32:35.259Z","Top Secret Hardware Tech","https://insightglobal.com/jobs/find_a_job/pennsylvania/west-mifflin/top-secret-hardware-tech/job-475345/"
"Insight Global","Secret","Jacksonville, North Carolina","Secret","2025-12-17T15:32:35.259Z","Secret Amphibious Raids Instructor","https://insightglobal.com/jobs/find_a_job/north-carolina/jacksonville/secret-amphibious-raids-instructor/job-462446/"
"Insight Global","Secret","Virginia Beach, Virginia","Secret","2025-12-17T15:32:35.259Z","Secret Senior Network Admin","https://insightglobal.com/jobs/find_a_job/virginia/virginia-beach/secret-senior-network-admin/job-468281/"
"Insight Global","Secret","North Bay, Ontario","Secret","2025-12-17T15:32:35.259Z","Secret Field Service Technician","https://insightglobal.com/jobs/find_a_job/ontario/north-bay/secret-field-service-technician/job-473128/"
"Insight Global","Secret","Washington, District Of Columbia","Secret","2025-12-17T15:32:35.259Z","Secret Firewall Engineer","https://insightglobal.com/jobs/find_a_job/district-of-columbia/washington/secret-firewall-engineer/job-471556/"
"Insight Global","Secret","Suffolk, Virginia","Secret","2025-12-17T15:32:35.259Z","Secret Datacenter SME","https://insightglobal.com/jobs/find_a_job/virginia/suffolk/secret-datacenter-sme/job-436233/"
"Insight Global","Secret","Quantico, Virginia","Secret","2025-12-17T15:32:35.259Z","Secret .NET Developer","https://insightglobal.com/jobs/find_a_job/virginia/quantico/secret-net-developer/job-474049/"
"Insight Global","Secret","Belcamp, Maryland","Secret","2025-12-17T15:32:35.259Z","Secret Senior ISSE","https://insightglobal.com/jobs/find_a_job/maryland/belcamp/secret-senior-isse/job-468882/"
"Insight Global","Secret","Huntsville, Alabama","Secret","2025-12-17T15:32:35.259Z","Secret - Senior FPGA Engineer","https://insightglobal.com/jobs/find_a_job/alabama/huntsville/secret-senior-fpga-engineer/job-461342/"
"Insight Global","Secret","Huntsville, Alabama","Secret","2025-12-17T15:32:35.259Z","Electrical Engineer - Secret Clearance","https://insightglobal.com/jobs/find_a_job/alabama/huntsville/electrical-engineer-secret-clearance/job-461214/"
"Insight Global","Secret","Montgomery, Alabama","Secret","2025-12-17T15:32:39.993Z","Secret Security Engineer (DNS)","https://insightglobal.com/jobs/find_a_job/alabama/montgomery/secret-security-engineer-dns-/job-467723/"
"Insight Global","TS","Sunset, Utah","Secret","2025-12-17T15:32:39.993Z","Top Secret Cleared Guidance Engineer","https://insightglobal.com/jobs/find_a_job/utah/sunset/top-secret-cleared-guidance-engineer/job-468267/"
"Insight Global","TS","Dahlgren, Virginia","Secret","2025-12-17T15:32:39.993Z","TOP SECRET Automated Test Engineer","https://insightglobal.com/jobs/find_a_job/virginia/dahlgren/top-secret-automated-test-engineer/job-475546/"
"Insight Global","Secret","Fairfax, Virginia","Secret","2025-12-17T15:32:39.993Z","Secret Solutions Architect","https://insightglobal.com/jobs/find_a_job/virginia/fairfax/secret-solutions-architect/job-467265/"
"Insight Global","Secret","Colorado Springs, Colorado","Secret","2025-12-17T15:32:39.993Z","Secret Software Integrator","https://insightglobal.com/jobs/find_a_job/colorado/colorado-springs/secret-software-integrator/job-474939/"
"Insight Global","Secret","Suffolk, Virginia","Secret","2025-12-17T15:32:39.993Z","Secret Systems Engineer II","https://insightglobal.com/jobs/find_a_job/virginia/suffolk/secret-systems-engineer-ii/job-462548/"
"Insight Global","Secret","Pacific Beach, Washington","Secret","2025-12-17T15:32:39.993Z","Secret Network Admin","https://insightglobal.com/jobs/find_a_job/washington/pacific-beach/secret-network-admin/job-475167/"
"Insight Global","Secret","Lexington, Massachusetts","Secret","2025-12-17T15:32:39.993Z","Secret Cleared ITSM Program Manager","https://insightglobal.com/jobs/find_a_job/massachusetts/lexington/secret-cleared-itsm-program-manager/job-471228/"
"Insight Global","Secret","Montgomery, Alabama","Secret","2025-12-17T15:32:39.993Z","Secret Network Administrator II (Nights)","https://insightglobal.com/jobs/find_a_job/alabama/montgomery/secret-network-administrator-ii-nights-/job-455977/"
"Insight Global","Secret","Kettering, Ohio","Secret","2025-12-17T15:32:39.993Z","Sr Software Engineer - Secret","https://insightglobal.com/jobs/find_a_job/ohio/kettering/sr-software-engineer-secret/job-468093/"
"Insight Global","Secret","Washington, District Of Columbia","Secret","2025-12-17T15:32:44.410Z","Secret Systems Engineer","https://insightglobal.com/jobs/find_a_job/district-of-columbia/washington/secret-systems-engineer/job-464970/"
"Insight Global","Secret","Dahlgren, Virginia","Secret","2025-12-17T15:32:44.410Z","Secret Azure Architect (AI/ML)","https://insightglobal.com/jobs/find_a_job/virginia/dahlgren/secret-azure-architect-ai-ml-/job-475544/"
"Insight Global","Secret","Hampden, Pennsylvania","Secret","2025-12-17T15:32:44.410Z","Secret Cleared Facility Technician - Electrical","https://insightglobal.com/jobs/find_a_job/pennsylvania/hampden/secret-cleared-facility-technician-electrical/job-472764/"
"Insight Global","Secret","Hampden, Pennsylvania","Secret","2025-12-17T15:32:44.410Z","Secret Cleared Facility Technician - Mechanical/HVAC","https://insightglobal.com/jobs/find_a_job/pennsylvania/hampden/secret-cleared-facility-technician-mechanical-hvac/job-472765/"
"Insight Global","TS","Colorado Springs, Colorado","Secret","2025-12-17T15:32:44.410Z","Top Secret Linux System Administrator (CO Springs, CO)","https://insightglobal.com/jobs/find_a_job/colorado/colorado-springs/top-secret-linux-system-administrator-co-springs-co-/job-476216/"
"Insight Global","Secret","Montgomery, Alabama","Secret","2025-12-17T15:32:44.410Z","Secret Network Administrator II (WAN) (Afternoons)","https://insightglobal.com/jobs/find_a_job/alabama/montgomery/secret-network-administrator-ii-wan-afternoons-/job-456482/"
"Insight Global","TS","Honolulu, Hawaii","Secret","2025-12-17T15:32:44.410Z","Top Secret FSR Analyst (Honolulu, HI)","https://insightglobal.com/jobs/find_a_job/hawaii/honolulu/top-secret-fsr-analyst-honolulu-hi-/job-473448/"
"Insight Global","TS","Huntsville, Alabama","Secret","2025-12-17T15:32:44.410Z","Top Secret Operations Support Engineer","https://insightglobal.com/jobs/find_a_job/alabama/huntsville/top-secret-operations-support-engineer/job-459677/"
"Insight Global","Secret","Tucson, Arizona","Secret","2025-12-17T15:32:44.410Z","Senior Software Engineer (Secret Clearance)","https://insightglobal.com/jobs/find_a_job/arizona/tucson/senior-software-engineer-secret-clearance-/job-447166/"
"Insight Global","Secret","Huntsville, Alabama","Secret","2025-12-17T15:32:44.410Z","Senior Systems Engineer - Secret Clearance","https://insightglobal.com/jobs/find_a_job/alabama/huntsville/senior-systems-engineer-secret-clearance/job-460819/"
"Insight Global","TS","Washington, District Of Columbia","Secret","2025-12-17T15:32:47.873Z","TOP SECRET Senior Unified Communications Engineer","https://insightglobal.com/jobs/find_a_job/district-of-columbia/washington/top-secret-senior-unified-communications-engineer/job-474375/"
"Insight Global","TS","Ashburn, Virginia","Secret","2025-12-17T15:32:47.873Z","Top Secret Computer Vision Specialist SME","https://insightglobal.com/jobs/find_a_job/virginia/ashburn/top-secret-computer-vision-specialist-sme/job-466321/"
"Insight Global","Secret","Whitehall, Ohio","Secret","2025-12-17T15:32:47.873Z","Secret Cleared Critical Facility Technician - Journeyman Electrical","https://insightglobal.com/jobs/find_a_job/ohio/whitehall/secret-cleared-critical-facility-technician-journeyman-electrical/job-470916/"
"Insight Global","Secret","Jbsa Lackland, Texas","Secret","2025-12-17T15:32:47.873Z","Secret Cleared Critical Facility Technician - Electrical","https://insightglobal.com/jobs/find_a_job/texas/jbsa-lackland/secret-cleared-critical-facility-technician-electrical/job-471016/"
"Insight Global","TS","Washington, District Of Columbia","Secret","2025-12-17T15:32:47.873Z","Top Secret Business Continuity Planner","https://insightglobal.com/jobs/find_a_job/district-of-columbia/washington/top-secret-business-continuity-planner/job-472376/"
"Insight Global","Secret","White Sands Missile Range, New Mexico","Secret","2025-12-17T15:32:47.873Z","Secret GIS Analyst - New Mexico","https://insightglobal.com/jobs/find_a_job/new-mexico/white-sands-missile-range/secret-gis-analyst-new-mexico/job-472634/"
"Insight Global","TS","Tacoma, Washington","Secret","2025-12-17T15:32:47.873Z","Top Secret FSR Analyst (Tacoma, WA)","https://insightglobal.com/jobs/find_a_job/washington/tacoma/top-secret-fsr-analyst-tacoma-wa-/job-467112/"
"Insight Global","TS","Washington, District Of Columbia","Secret","2025-12-17T15:32:47.873Z","Top Secret Cyber Policy Action Officer","https://insightglobal.com/jobs/find_a_job/district-of-columbia/washington/top-secret-cyber-policy-action-officer/job-468210/"
"Insight Global","TS","Fayetteville, North Carolina","Secret","2025-12-17T15:32:47.873Z","Top Secret FSR Analyst (Auriga: Tacoma, WA)","https://insightglobal.com/jobs/find_a_job/north-carolina/fayetteville/top-secret-fsr-analyst-auriga-tacoma-wa-/job-454382/"
"Insight Global","TS","Ashburn, Virginia","Secret","2025-12-17T15:32:47.873Z","Top Secret AI Operations Engineer SME","https://insightglobal.com/jobs/find_a_job/virginia/ashburn/top-secret-ai-operations-engineer-sme/job-471487/"
"Insight Global","Secret","Clearfield, Utah","Secret","2025-12-17T15:32:52.089Z","Secret Cleared Critical Facility Technician - Journeyman Electrical","https://insightglobal.com/jobs/find_a_job/utah/clearfield/secret-cleared-critical-facility-technician-journeyman-electrical/job-470942/"
"Insight Global","Secret","Montgomery, Alabama","Secret","2025-12-17T15:32:52.089Z","Secret Network Administrator II (WAN) (Afternoons)","https://insightglobal.com/jobs/find_a_job/alabama/montgomery/secret-network-administrator-ii-wan-afternoons-/job-456010/"
"Insight Global","TS","Washington, District Of Columbia","Secret","2025-12-17T15:32:52.089Z","TOP SECRET Senior Help Desk Specialist","https://insightglobal.com/jobs/find_a_job/district-of-columbia/washington/top-secret-senior-help-desk-specialist/job-474378/"
"Insight Global","Secret","San Antonio, Texas","Secret","2025-12-17T15:32:52.089Z","Secret Cleared CAD/Visio Designer/Field Technician","https://insightglobal.com/jobs/find_a_job/texas/san-antonio/secret-cleared-cad-visio-designer-field-technician/job-472534/"
"Insight Global","TS","Colorado Springs, Colorado","Secret","2025-12-17T15:32:52.089Z","Top Secret FSR Analyst (CO Springs, CO & Vandenburg, CA)","https://insightglobal.com/jobs/find_a_job/colorado/colorado-springs/top-secret-fsr-analyst-co-springs-co-vandenburg-ca-/job-454381/"
"Insight Global","Secret","Montgomery, Alabama","Secret","2025-12-17T15:32:52.089Z","Secret Systems Administrator II (Backup and Recovery Admin)","https://insightglobal.com/jobs/find_a_job/alabama/montgomery/secret-systems-administrator-ii-backup-and-recovery-admin-/job-471986/"
"Insight Global",,"Detroit, Michigan","Secret","2025-12-17T15:32:52.089Z","Help Desk Support Spec I","https://insightglobal.com/jobs/find_a_job/michigan/detroit/help-desk-support-spec-i/job-239418/"
"Insight Global",,"Yorba Linda, California","Secret","2025-12-17T15:32:52.089Z","Mid-Level RF Engineer","https://insightglobal.com/jobs/find_a_job/california/yorba-linda/mid-level-rf-engineer/job-473564/"
"Insight Global",,"Yorba Linda, California","Secret","2025-12-17T15:32:52.089Z","Sr. RF Engineer - Lead","https://insightglobal.com/jobs/find_a_job/california/yorba-linda/sr-rf-engineer-lead/job-473559/"
"Insight Global",,"Fort Shafter, Hawaii","Secret","2025-12-17T15:32:52.089Z","Network Engineer","https://insightglobal.com/jobs/find_a_job/hawaii/fort-shafter/network-engineer/job-475757/"
"Insight Global",,"San Diego, California","Secret","2025-12-17T15:32:57.124Z","Systems Administrator","https://insightglobal.com/jobs/find_a_job/california/san-diego/systems-administrator/job-450628/"
"Insight Global",,"Braddock, Virginia","Secret","2025-12-17T15:32:57.124Z","ESS Helpdesk Technician","https://insightglobal.com/jobs/find_a_job/virginia/braddock/ess-helpdesk-technician/job-451448/"
"Insight Global",,"Huntsville, Alabama","Secret","2025-12-17T15:32:57.124Z","Software Systems Engineer","https://insightglobal.com/jobs/find_a_job/alabama/huntsville/software-systems-engineer/job-473013/"
"Insight Global",,"Huntsville, Alabama","Secret","2025-12-17T15:32:57.124Z","Mechanical Design Engineer","https://insightglobal.com/jobs/find_a_job/alabama/huntsville/mechanical-design-engineer/job-473394/"
"Insight Global",,"Dahlgren, Virginia","Secret","2025-12-17T15:32:57.124Z","TS Senior Linux Architect","https://insightglobal.com/jobs/find_a_job/virginia/dahlgren/ts-senior-linux-architect/job-463580/"
"Insight Global",,"Sterling Heights, Michigan","Secret","2025-12-17T15:32:57.124Z","Information System Security Engineer (ISSE)","https://insightglobal.com/jobs/find_a_job/michigan/sterling-heights/information-system-security-engineer-isse-/job-426475/"
"Insight Global",,"Chambersburg, Pennsylvania","Secret","2025-12-17T15:32:57.124Z","Program Contract Manager","https://insightglobal.com/jobs/find_a_job/pennsylvania/chambersburg/program-contract-manager/job-474163/"
"Insight Global",,"Sterling Heights, Michigan","Secret","2025-12-17T15:32:57.124Z","Information Systems Security Officer (ISSO)","https://insightglobal.com/jobs/find_a_job/michigan/sterling-heights/information-systems-security-officer-isso-/job-438003/"
"Insight Global",,"Chevy Chase, Maryland","Secret","2025-12-17T15:32:57.124Z","Service Engineer","https://insightglobal.com/jobs/find_a_job/maryland/chevy-chase/service-engineer/job-471120/"
"Insight Global","TS/SCI","Louisville, Colorado","Secret","2025-12-17T15:32:57.124Z","TSSCI Systems Administrator (Level 2)","https://insightglobal.com/jobs/find_a_job/colorado/louisville/tssci-systems-administrator-level-2-/job-465529/"
"Insight Global","TS/SCI","Beale Afb, California","Secret","2025-12-17T15:33:00.679Z","TS/SCI High Band System Software Support Engineer","https://insightglobal.com/jobs/find_a_job/california/beale-afb/ts-sci-high-band-system-software-support-engineer/job-447581/"
"Insight Global","TS/SCI","Beale Afb, California","Secret","2025-12-17T15:33:00.679Z","TS/SCI Low Band System Software Support Engineer","https://insightglobal.com/jobs/find_a_job/california/beale-afb/ts-sci-low-band-system-software-support-engineer/job-447139/"
"Insight Global",,"Palm Beach Gardens, Florida","Secret","2025-12-17T15:33:00.679Z","Office Manager","https://insightglobal.com/jobs/find_a_job/florida/palm-beach-gardens/office-manager/job-475675/"
"Insight Global","TS/SCI","Hampton, Virginia","Secret","2025-12-17T15:33:00.679Z","TS/SCI Low Band System Software Support Engineer","https://insightglobal.com/jobs/find_a_job/virginia/hampton/ts-sci-low-band-system-software-support-engineer/job-447111/"
"Insight Global",,"Huntsville, Alabama","Secret","2025-12-17T15:33:00.679Z","Value Stream Specialist","https://insightglobal.com/jobs/find_a_job/alabama/huntsville/value-stream-specialist/job-472927/"
"Insight Global",,"Huntsville, Alabama","Secret","2025-12-17T15:33:00.679Z","Program Integrator","https://insightglobal.com/jobs/find_a_job/alabama/huntsville/program-integrator/job-472100/"
"Insight Global","TS/SCI","Montgomery, Alabama","Secret","2025-12-17T15:33:00.679Z","TS/SCI Network Administrator III (WAN (N-JRSS))","https://insightglobal.com/jobs/find_a_job/alabama/montgomery/ts-sci-network-administrator-iii-wan-n-jrss-/job-434238/"
"Insight Global",,"Deerfield Beach, Florida","Secret","2025-12-17T15:33:00.679Z","Systems Engineer","https://insightglobal.com/jobs/find_a_job/florida/deerfield-beach/systems-engineer/job-473926/"
"Insight Global",,"Huntsville, Alabama","Secret","2025-12-17T15:33:00.679Z","2nd Shift CNC Machinist Level 5","https://insightglobal.com/jobs/find_a_job/alabama/huntsville/2nd-shift-cnc-machinist-level-5/job-472901/"
"Insight Global",,"Huntsville, Alabama","Secret","2025-12-17T15:33:00.679Z","C++ Software Engineer","https://insightglobal.com/jobs/find_a_job/alabama/huntsville/c-software-engineer/job-470275/"
"Insight Global",,"Chandler, Arizona","Secret","2025-12-17T15:33:04.470Z","CAD Designer","https://insightglobal.com/jobs/find_a_job/arizona/chandler/cad-designer/job-468803/"
"Insight Global",,"New London, Connecticut","Secret","2025-12-17T15:33:04.470Z","Mechanical Systems Engineer","https://insightglobal.com/jobs/find_a_job/connecticut/new-london/mechanical-systems-engineer/job-459815/"
"Insight Global",,"Huntsville, Alabama","Secret","2025-12-17T15:33:04.470Z","Welder","https://insightglobal.com/jobs/find_a_job/alabama/huntsville/welder/job-452489/"
"Insight Global",,"Indian Head, Maryland","Secret","2025-12-17T15:33:04.470Z","Mechanical Engineer","https://insightglobal.com/jobs/find_a_job/maryland/indian-head/mechanical-engineer/job-451825/"
"Insight Global","TS","Lincoln, Massachusetts","Secret","2025-12-17T15:33:04.470Z","Communication Operator SME - TS","https://insightglobal.com/jobs/find_a_job/massachusetts/lincoln/communication-operator-sme-ts/job-455231/"
"Insight Global",,"Huntsville, Alabama","Secret","2025-12-17T15:33:04.470Z","Manufacturing Planner","https://insightglobal.com/jobs/find_a_job/alabama/huntsville/manufacturing-planner/job-474712/"
"Insight Global","TS/SCI","Montgomery, Alabama","Secret","2025-12-17T15:33:04.470Z","TS/SCI Network Administrator III (WAN) (Day Shift)","https://insightglobal.com/jobs/find_a_job/alabama/montgomery/ts-sci-network-administrator-iii-wan-day-shift-/job-455721/"
"Insight Global",,"Atlanta, Georgia","Secret","2025-12-17T15:33:04.470Z","Embedded Software Engineer","https://insightglobal.com/jobs/find_a_job/georgia/atlanta/embedded-software-engineer/job-333487/"
"Insight Global",,"Indian Head, Maryland","Secret","2025-12-17T15:33:04.470Z","Chemical Engineer","https://insightglobal.com/jobs/find_a_job/maryland/indian-head/chemical-engineer/job-474841/"
"Insight Global",,"Stafford, Virginia","Secret","2025-12-17T15:33:04.470Z","Part-time QC Inspector","https://insightglobal.com/jobs/find_a_job/virginia/stafford/part-time-qc-inspector/job-474766/"
"Insight Global",,"Chesapeake, Virginia","Secret","2025-12-17T15:33:07.936Z","Waterfront Mechanical Engineer","https://insightglobal.com/jobs/find_a_job/virginia/chesapeake/waterfront-mechanical-engineer/job-429200/"
"Insight Global",,"Fayetteville, North Carolina","Secret","2025-12-17T15:33:07.936Z","AV Design Engineer","https://insightglobal.com/jobs/find_a_job/north-carolina/fayetteville/av-design-engineer/job-473367/"
"Insight Global",,"Lincoln, Massachusetts","Secret","2025-12-17T15:33:07.936Z","HR Administrator","https://insightglobal.com/jobs/find_a_job/massachusetts/lincoln/hr-administrator/job-472616/"
"Insight Global",,"Norfolk, Virginia","Secret","2025-12-17T15:33:07.936Z","Technical Lead Engineering System","https://insightglobal.com/jobs/find_a_job/virginia/norfolk/technical-lead-engineering-system/job-476051/"
"Insight Global","TS/SCI","Montgomery, Alabama","Secret","2025-12-17T15:33:07.936Z","TS/SCI Network Administrator III (WAN) (Afternoon)","https://insightglobal.com/jobs/find_a_job/alabama/montgomery/ts-sci-network-administrator-iii-wan-afternoon-/job-455774/"
"Insight Global",,"Deerfield Beach, Florida","Secret","2025-12-17T15:33:07.936Z","Program Manager","https://insightglobal.com/jobs/find_a_job/florida/deerfield-beach/program-manager/job-473918/"
"Insight Global",,"Manassas, Virginia","Secret","2025-12-17T15:33:07.936Z","Senior Integration Specialist","https://insightglobal.com/jobs/find_a_job/virginia/manassas/senior-integration-specialist/job-461572/"
"Insight Global",,"Cockeysville, Maryland","Secret","2025-12-17T15:33:07.936Z","Electrical Engineer","https://insightglobal.com/jobs/find_a_job/maryland/cockeysville/electrical-engineer/job-313138/"
"Insight Global",,"Chandler, Arizona","Secret","2025-12-17T15:33:07.936Z","Mechanical Design Engineer","https://insightglobal.com/jobs/find_a_job/arizona/chandler/mechanical-design-engineer/job-468799/"
"Insight Global",,"Lincoln, Massachusetts","Secret","2025-12-17T15:33:07.936Z","Cybersecurity Engineer - ISSE Cleared","https://insightglobal.com/jobs/find_a_job/massachusetts/lincoln/cybersecurity-engineer-isse-cleared/job-470600/"
"Insight Global",,"Alexandria, Virginia","Secret","2025-12-17T15:33:11.688Z","Power Platform Developer","https://insightglobal.com/jobs/find_a_job/virginia/alexandria/power-platform-developer/job-464764/"
"Insight Global",,"Montgomery, Alabama","Secret","2025-12-17T15:33:11.688Z","System Administrator II (Big IP F5)","https://insightglobal.com/jobs/find_a_job/alabama/montgomery/system-administrator-ii-big-ip-f5-/job-468922/"
"Insight Global",,"Mcchord Afb, Washington","Secret","2025-12-17T15:33:11.688Z","Quality Systems Specialist","https://insightglobal.com/jobs/find_a_job/washington/mcchord-afb/quality-systems-specialist/job-470570/"
"Insight Global","TS/SCI","Montgomery, Alabama","Secret","2025-12-17T15:33:11.688Z","TS/SCI Network Administrator III (WAN) (Afternoon)","https://insightglobal.com/jobs/find_a_job/alabama/montgomery/ts-sci-network-administrator-iii-wan-afternoon-/job-455777/"
"Insight Global","TS/SCI","Eglin Air Force Base, Florida","Secret","2025-12-17T15:33:11.688Z","TS/SCI - Electrical/Electronic Engineer SME","https://insightglobal.com/jobs/find_a_job/florida/eglin-air-force-base/ts-sci-electrical-electronic-engineer-sme/job-464700/"
"Insight Global",,"Fort Bliss, Texas","Secret","2025-12-17T15:33:11.688Z","Construction Manager - MILCON","https://insightglobal.com/jobs/find_a_job/texas/fort-bliss/construction-manager-milcon/job-475829/"
"Insight Global",,"Mclean, Virginia","Secret","2025-12-17T15:33:11.688Z","Systems/Network Engineer","https://insightglobal.com/jobs/find_a_job/virginia/mclean/systems-network-engineer/job-465044/"
"Insight Global","TS/SCI","San Antonio, Texas","Secret","2025-12-17T15:33:11.688Z","TS/SCI Engineering Technician","https://insightglobal.com/jobs/find_a_job/texas/san-antonio/ts-sci-engineering-technician/job-472326/"
"Insight Global",,"Chambersburg, Pennsylvania","Secret","2025-12-17T15:33:11.688Z","Deputy Program Manager","https://insightglobal.com/jobs/find_a_job/pennsylvania/chambersburg/deputy-program-manager/job-474162/"
"Insight Global",,"Sterling Heights, Michigan","Secret","2025-12-17T15:33:11.688Z","Information System Security Manager (ISSM) - Warren, Michigan","https://insightglobal.com/jobs/find_a_job/michigan/sterling-heights/information-system-security-manager-issm-warren-michigan/job-474958/"
"Insight Global",,"Tampa, Florida","Secret","2025-12-17T15:33:15.671Z","CLEARED Aeromechanical Engineer","https://insightglobal.com/jobs/find_a_job/florida/tampa/cleared-aeromechanical-engineer/job-476039/"
"Insight Global",,"Seattle, Washington","Secret","2025-12-17T15:33:15.672Z","Senior Mechanical Equipment & Tool Engineer","https://insightglobal.com/jobs/find_a_job/washington/seattle/senior-mechanical-equipment-tool-engineer/job-350529/"
"Insight Global",,"Arlington, Virginia","Secret","2025-12-17T15:33:15.672Z","Business Process Analyst - CBP Cleared","https://insightglobal.com/jobs/find_a_job/virginia/arlington/business-process-analyst-cbp-cleared/job-472169/"
"Insight Global",,"Tucson, Arizona","Secret","2025-12-17T15:33:15.672Z","Electrical Engineer 4","https://insightglobal.com/jobs/find_a_job/arizona/tucson/electrical-engineer-4/job-453153/"
"Insight Global",,"Manchester, New Hampshire","Secret","2025-12-17T15:33:15.672Z","Cleared Electronic Warfare Engineer","https://insightglobal.com/jobs/find_a_job/new-hampshire/manchester/cleared-electronic-warfare-engineer/job-314201/"
"Insight Global","TS/SCI","Warner Robins, Georgia","Secret","2025-12-17T15:33:15.672Z","TS/SCI - Weapons and Tactics Specialist","https://insightglobal.com/jobs/find_a_job/georgia/warner-robins/ts-sci-weapons-and-tactics-specialist/job-464692/"
"Insight Global",,"Madison, Alabama","Secret","2025-12-17T15:33:15.672Z","Assistant Project Manager","https://insightglobal.com/jobs/find_a_job/alabama/madison/assistant-project-manager/job-467168/"
"Insight Global",,"San Diego, California","Secret","2025-12-17T15:33:15.672Z","Hardware and Circuit Board Design Lead","https://insightglobal.com/jobs/find_a_job/california/san-diego/hardware-and-circuit-board-design-lead/job-438681/"
"Insight Global",,"Keyport, Washington","Secret","2025-12-17T15:33:15.672Z","System Administrator","https://insightglobal.com/jobs/find_a_job/washington/keyport/system-administrator/job-476303/"
"Insight Global",,"Portsmouth, Virginia","Secret","2025-12-17T15:33:15.672Z","Maintenance Availability Budget Planner","https://insightglobal.com/jobs/find_a_job/virginia/portsmouth/maintenance-availability-budget-planner/job-474692/"
"Insight Global",,"Chesapeake, Virginia","Secret","2025-12-17T15:33:18.245Z","Marine Welder","https://insightglobal.com/jobs/find_a_job/virginia/chesapeake/marine-welder/job-430621/"
"Insight Global","TS/SCI","Warner Robins, Georgia","Secret","2025-12-17T15:33:18.245Z","TS/SCI - Electronic Warfare Engineer (EW)","https://insightglobal.com/jobs/find_a_job/georgia/warner-robins/ts-sci-electronic-warfare-engineer-ew-/job-465503/"
"Insight Global",,"San Diego, California","Secret","2025-12-17T15:33:18.245Z","Embedded Systems and Controls Architect","https://insightglobal.com/jobs/find_a_job/california/san-diego/embedded-systems-and-controls-architect/job-438701/"
"Insight Global","TS/SCI","Dayton, Ohio","TS/SCI","2025-12-17T15:33:25.994Z","TS/SCI Systems Administrator","https://insightglobal.com/jobs/find_a_job/ohio/dayton/ts-sci-systems-administrator/job-469723/"
"Insight Global","TS/SCI","Montgomery, Alabama","TS/SCI","2025-12-17T15:33:25.994Z","TS/SCI Automation Engineer","https://insightglobal.com/jobs/find_a_job/alabama/montgomery/ts-sci-automation-engineer/job-425546/"
"Insight Global","TS/SCI","San Diego, California","TS/SCI","2025-12-17T15:33:25.994Z","TS/SCI Field Service Engineer","https://insightglobal.com/jobs/find_a_job/california/san-diego/ts-sci-field-service-engineer/job-435515/"
"Insight Global","TS/SCI","San Antonio, Texas","TS/SCI","2025-12-17T15:33:25.994Z","TS/SCI Software Engineer","https://insightglobal.com/jobs/find_a_job/texas/san-antonio/ts-sci-software-engineer/job-239361/"
"Insight Global","TS/SCI","San Diego, California","TS/SCI","2025-12-17T15:33:25.994Z","TS/SCI Payloads Field Service Engineer (Florida)","https://insightglobal.com/jobs/find_a_job/california/san-diego/ts-sci-payloads-field-service-engineer-florida-/job-475423/"
"Insight Global","TS/SCI","Springfield, Virginia","TS/SCI","2025-12-17T15:33:25.994Z","TS/SCI Vulnerability Assessment Analyst","https://insightglobal.com/jobs/find_a_job/virginia/springfield/ts-sci-vulnerability-assessment-analyst/job-434655/"
"Insight Global","TS/SCI","Hatton, North Dakota","TS/SCI","2025-12-17T15:33:25.994Z","TS/SCI Mission Planner","https://insightglobal.com/jobs/find_a_job/north-dakota/hatton/ts-sci-mission-planner/job-466391/"
"Insight Global","TS/SCI","Mount Vernon, Virginia","TS/SCI","2025-12-17T15:33:25.994Z","TS/SCI Sr. Network Engineer","https://insightglobal.com/jobs/find_a_job/virginia/mount-vernon/ts-sci-sr-network-engineer/job-458210/"
"Insight Global","TS/SCI","State College, Pennsylvania","TS/SCI","2025-12-17T15:33:25.994Z","TS/SCI Systems Engineering Manager","https://insightglobal.com/jobs/find_a_job/pennsylvania/state-college/ts-sci-systems-engineering-manager/job-476299/"
"Insight Global","TS/SCI","Alexandria, Virginia","TS/SCI","2025-12-17T15:33:25.994Z","TS/SCI Cyber Mission Specialist","https://insightglobal.com/jobs/find_a_job/virginia/alexandria/ts-sci-cyber-mission-specialist/job-473154/"
"Insight Global","TS/SCI","El Segundo, California","TS/SCI","2025-12-17T15:33:29.211Z","TS/SCI Software Engineer 4","https://insightglobal.com/jobs/find_a_job/california/el-segundo/ts-sci-software-engineer-4/job-466253/"
"Insight Global","TS/SCI","Reston, Virginia","TS/SCI","2025-12-17T15:33:29.211Z","TS/SCI with Poly Cyber Network Defense and Exploitation Analyst","https://insightglobal.com/jobs/find_a_job/virginia/reston/ts-sci-with-poly-cyber-network-defense-and-exploitation-analyst/job-421667/"
"Insight Global","TS/SCI","Jbsa Lackland, Texas","TS/SCI","2025-12-17T15:33:29.211Z","TS/SCI Network Administrator III (WAN) (Afternoon)","https://insightglobal.com/jobs/find_a_job/texas/jbsa-lackland/ts-sci-network-administrator-iii-wan-afternoon-/job-449170/"
"Insight Global","TS/SCI","Huntsville, Alabama","TS/SCI","2025-12-17T15:33:29.211Z","TS/SCI - Senior Survivability Engineer","https://insightglobal.com/jobs/find_a_job/alabama/huntsville/ts-sci-senior-survivability-engineer/job-460481/"
"Insight Global","TS/SCI","Hunter Mill, Virginia","TS/SCI","2025-12-17T15:33:29.211Z","TS/SCI CI Poly Sr. Consultant: OpenShift & RHEL","https://insightglobal.com/jobs/find_a_job/virginia/hunter-mill/ts-sci-ci-poly-sr-consultant-openshift-rhel/job-474126/"
"Insight Global","TS/SCI","Montgomery, Alabama","TS/SCI","2025-12-17T15:33:31.772Z","TS/SCI Security Engineer III (Boundary (NJRSS)) (Days)","https://insightglobal.com/jobs/find_a_job/alabama/montgomery/ts-sci-security-engineer-iii-boundary-njrss-days-/job-425553/"
"Insight Global","TS/SCI","Alexandria, Virginia","TS/SCI","2025-12-17T15:33:31.772Z","TS/SCI Comply-to-Connect & Endpoint Policy Analyst","https://insightglobal.com/jobs/find_a_job/virginia/alexandria/ts-sci-comply-to-connect-endpoint-policy-analyst/job-447457/"
"Insight Global",,"Aberdeen Proving Ground, Maryland","TS/SCI","2025-12-17T15:33:31.772Z","TS Reverse Engineer","https://insightglobal.com/jobs/find_a_job/maryland/aberdeen-proving-ground/ts-reverse-engineer/job-446539/"
"Insight Global",,"Chantilly, Virginia","TS/SCI","2025-12-17T15:33:35.077Z","Linux Systems Engineer (TS)","https://insightglobal.com/jobs/find_a_job/virginia/chantilly/linux-systems-engineer-ts-/job-448756/"
"Insight Global",,"Alexandria, Virginia","TS/SCI","2025-12-17T15:33:35.077Z","TS SD-WAN Network Architect","https://insightglobal.com/jobs/find_a_job/virginia/alexandria/ts-sd-wan-network-architect/job-435377/"
"Insight Global",,"Broomfield, Colorado","TS/SCI","2025-12-17T15:33:35.077Z","Embedded Software Engineer","https://insightglobal.com/jobs/find_a_job/colorado/broomfield/embedded-software-engineer/job-239458/"
"Insight Global",,"State College, Pennsylvania","TS/SCI","2025-12-17T15:33:35.077Z","Software Engineer - Java/AI/ML Developer","https://insightglobal.com/jobs/find_a_job/pennsylvania/state-college/software-engineer-java-ai-ml-developer/job-473015/"
"Insight Global",,"Arlington, Virginia","TS/SCI","2025-12-17T15:33:39.106Z","Data Analyst Support","https://insightglobal.com/jobs/find_a_job/virginia/arlington/data-analyst-support/job-470387/"
"Insight Global",,"Arlington, Virginia","TS/SCI","2025-12-17T15:33:39.106Z","Jr. Security Analyst","https://insightglobal.com/jobs/find_a_job/virginia/arlington/jr-security-analyst/job-474949/"
"Insight Global","TS/SCI","Mc Lean, Virginia","TS/SCI","2025-12-17T15:33:39.106Z","TSSCI Intel Analyst","https://insightglobal.com/jobs/find_a_job/virginia/mc-lean/tssci-intel-analyst/job-401173/"
"Insight Global","TS/SCI","Mc Lean, Virginia","TS/SCI","2025-12-17T15:33:39.106Z","TSSCI Intel Analyst","https://insightglobal.com/jobs/find_a_job/virginia/mc-lean/tssci-intel-analyst/job-452989/"
"Insight Global",,"Deerfield Beach, Florida","TS/SCI","2025-12-17T15:33:39.106Z","Contracts Administrator","https://insightglobal.com/jobs/find_a_job/florida/deerfield-beach/contracts-administrator/job-474012/"
"Insight Global","Poly","Dranesville, Virginia","TS/SCI","2025-12-17T15:33:39.106Z","(CI POLY) Infrastructure Engineer / Administrator","https://insightglobal.com/jobs/find_a_job/virginia/dranesville/-ci-poly-infrastructure-engineer-administrator/job-468997/"
"Insight Global",,"Homewood, Alabama","TS/SCI","2025-12-17T15:33:39.106Z","REMOTE- Tech Lead/ Senior Developer (React/ Python)","https://insightglobal.com/jobs/find_a_job/alabama/homewood/remote-tech-lead-senior-developer-react-python-/job-474857/"
"Insight Global","Poly","Dranesville, Virginia","TS/SCI","2025-12-17T15:33:42.686Z","(CI Poly) Splunk Engineer","https://insightglobal.com/jobs/find_a_job/virginia/dranesville/-ci-poly-splunk-engineer/job-468995/"
"Insight Global","Poly","Dranesville, Virginia","TS/SCI","2025-12-17T15:33:42.686Z","(CI Poly) Network Engineer","https://insightglobal.com/jobs/find_a_job/virginia/dranesville/-ci-poly-network-engineer/job-469001/"
"Insight Global",,"San Antonio, Texas","TS/SCI","2025-12-17T15:33:42.686Z","Integration Engineer","https://insightglobal.com/jobs/find_a_job/texas/san-antonio/integration-engineer/job-435368/"
"Insight Global",,"Broad Run, Virginia","TS/SCI","2025-12-17T15:33:42.686Z","CBP GCP Platform Engineer (Mid-Level)","https://insightglobal.com/jobs/find_a_job/virginia/broad-run/cbp-gcp-platform-engineer-mid-level-/job-449101/"
"Insight Global","Poly","Fort George G Meade, Maryland","Poly","2025-12-17T15:35:09.791Z","CI Poly RF Analyst","https://insightglobal.com/jobs/find_a_job/maryland/fort-george-g-meade/ci-poly-rf-analyst/job-476363/"
"Insight Global","TS/SCI","Mclean, Virginia","Poly","2025-12-17T15:35:09.791Z","Geospatial Programmer - TSSCI w/ Poly","https://insightglobal.com/jobs/find_a_job/virginia/mclean/geospatial-programmer-tssci-w-poly/job-473159/"
"Insight Global","TS/SCI","Mclean, Virginia","Poly","2025-12-17T15:35:09.791Z","Product Manager - TSSCI w/ Poly","https://insightglobal.com/jobs/find_a_job/virginia/mclean/product-manager-tssci-w-poly/job-474280/"
"Insight Global","TS/SCI","Mclean, Virginia","Poly","2025-12-17T15:35:09.791Z","DevOps Engineer - TSSCI w/ Poly","https://insightglobal.com/jobs/find_a_job/virginia/mclean/devops-engineer-tssci-w-poly/job-473138/"
"Insight Global","Poly","Fort George G Meade, Maryland","Poly","2025-12-17T15:35:09.791Z","CI Poly Digital Network Exploitation Analyst","https://insightglobal.com/jobs/find_a_job/maryland/fort-george-g-meade/ci-poly-digital-network-exploitation-analyst/job-476373/"
"Insight Global",,"Austin, Texas","Poly","2025-12-17T15:35:13.883Z","Camera Test Engineer","https://insightglobal.com/jobs/find_a_job/texas/austin/camera-test-engineer/job-473404/"
"Insight Global","TS/SCI","Centennial, Colorado","Poly","2025-12-17T15:35:13.883Z","TSSCI Systems Admin","https://insightglobal.com/jobs/find_a_job/colorado/centennial/tssci-systems-admin/job-469897/"
"Insight Global","TS/SCI","Fort George G Meade, Maryland","TSSCI","2025-12-17T15:35:20.194Z","TSSCI Cyber Capabilities SME","https://insightglobal.com/jobs/find_a_job/maryland/fort-george-g-meade/tssci-cyber-capabilities-sme/job-452866/"
"Insight Global","TS/SCI","Herndon, Virginia","TSSCI","2025-12-17T15:35:20.194Z","GIS Systems Administrator - TSSCI","https://insightglobal.com/jobs/find_a_job/virginia/herndon/gis-systems-administrator-tssci/job-452323/"
