Job Source,Job Number,Job Title,Job Location,Security Clearance,Employment Type,Date Posted,Matched Program,Program Acronym,Program Agency,Prime Contractor,Program Location,Contract Number,Match Score,Match Confidence,Match Reasons,Job URL
Apex Systems,3012968,Software Developer Advisor,"Bossier City, LA",active secret clearance,Contract,2025-11-20,DTRA IAC-MAC Research & Analysis,IAC-MAC,DoD,CACI,"RESTON, VIRGINIA",GSQ0017AJ0006,4,Low,"Keywords: research, analysis",https://www.apexsystems.com/job/3012968_usa/software-developer-advisor
Apex Systems,3013041,Information Systems Security Officer,"Tyndall Air Force Base, FL",Active Secret Security Clearance or higher,Contract,2025-12-02,AFCENT SCORPION Cyber Task (ISSO/ISSM Support),SCORPION,Air Force,CACI,"COLORADO SPRINGS, COLORADO",FA882316C0004,6,Medium,"Keywords: isso, cyber, issm",https://www.apexsystems.com/job/3013041_usa/information-systems-security-officer
Apex Systems,3013125,Security Control Assessor,"Arlington, VA",,Contract,2025-11-24,Army IT Enterprise Mgmt Systems Solution,ITEMSS,Army,CACI,"ARLINGTON, VIRGINIA",47QFRA19F0011,12,High,"Keywords: enterprise, systems; State: VA; City: ARLINGTON",https://www.apexsystems.com/job/3013125_usa/security-control-assessor
Apex Systems,3014010,EVMS Lead Program Control Consultant,"Herndon, VA",,FullTime,2025-12-03,Air Force Advanced Battle Management System,ABMS,Air Force,"Multiple: SAIC, Leidos, Booz Allen Hamilton","HERNDON, VIRGINIA",36C10B21N10150056,10,High,Keywords: management; State: VA; City: HERNDON,https://www.apexsystems.com/job/3014010_usa/evms-lead-program-control-consultant
Apex Systems,3014247,Project Management Consultant-Level 3 - Senior (11 - 15 Years),"Juno Beach, FL",,Contract,2025-12-10,SITEC III – Enterprise Operations & Maintenance,SITEC III,SOCOM,Peraton,"TAMPA, FLORIDA",47QFCA24F0002,5,Medium,Keywords: maintenance; State: FL,https://www.apexsystems.com/job/3014247_usa/project-management-consultant-level-3---senior-11---15-years
Apex Systems,3013295,.NET Developer - Placement,"Washington, VA",,Contract,2025-12-02,Integrated Base Defense Security System,IBDS,Army,Leidos,"RESTON, VIRGINIA",70T04019C9DAP3006,7,Medium,"Keywords: security, defense; State: VA",https://www.apexsystems.com/job/3013295_usa/net-developer---placement
Apex Systems,3015483,Sr Business Systems Analyst (PPBE),"Washington, VA",,Contract,2025-12-18,HHS Advanced Secure Data Repository,ASDR,DoD,GDIT / SAIC (indicative),"SPRINGFIELD, VIRGINIA",19AQMM18C0185,7,Medium,"Keywords: data, advanced; State: VA",https://www.apexsystems.com/job/3015483_usa/sr-business-systems-analyst-ppbe
Apex Systems,3014403,Ops Tech II,"St. Louis, MO",,Contract,2025-12-16,"NGEN-R SMIT – Navy Next Generation Enterprise Network (Service Management, Integration & Transport)",NGEN-R SMIT,Navy,Leidos,"MORGANTOWN, WEST VIRGINIA",89243318CFE000003,6,Medium,"Keywords: transport, service, network",https://www.apexsystems.com/job/3014403_usa/ops-tech-ii
Apex Systems,3015532,Sr Systems Administrator,"Reston, VA",,Contract,2026-01-07,Integrated Base Defense Security System,IBDS,Army,Leidos,"RESTON, VIRGINIA",70T04019C9DAP3006,12,High,"Keywords: system, security; State: VA; City: RESTON",https://www.apexsystems.com/job/3015532_usa/sr-systems-administrator
Apex Systems,3016673,Communications Network Engineer Mid (Norfolk),"Norfolk, VA",,Contract,2026-01-07,Integrated Base Defense Security System,IBDS,Army,Leidos,"RESTON, VIRGINIA",70T04019C9DAP3006,9,Medium,"Keywords: base, security, integrated; State: VA",https://www.apexsystems.com/job/3016673_usa/communications-network-engineer-mid-norfolk
Apex Systems,3016779,Network Security Engineer,"Arlington, VA",,Contract,2026-01-07,Data Center & Cloud Optimization,DCCO,DHS,Peraton / Leidos (indicative),"MC LEAN, VIRGINIA",GST0011AJ0025,11,High,"Keywords: center, data, cloud; State: VA",https://www.apexsystems.com/job/3016779_usa/network-security-engineer
Apex Systems,3017458,Siemens OpsCenter Solutions Architect,"Norfolk, VA",,Contract,2026-01-16,Integrated Base Defense Security System,IBDS,Army,Leidos,"RESTON, VIRGINIA",70T04019C9DAP3006,9,Medium,"Keywords: system, security, defense; State: VA",https://www.apexsystems.com/job/3017458_usa/siemens-opscenter-solutions-architect
Apex Systems,3017552,Network Switching Design Engineer Sr-Camp Lejeune,"Jacksonville, NC",,Contract,2026-01-13,Integrated Base Defense Security System,IBDS,Army,Leidos,"RESTON, VIRGINIA",70T04019C9DAP3006,8,Medium,"Keywords: system, base, security",https://www.apexsystems.com/job/3017552_usa/network-switching-design-engineer-sr-camp-lejeune
Apex Systems,3018016,Microsoft Systems Engineer,"North Charleston, SC",,FullTime,2026-01-13,Defense Enterprise Office Solutions,DEOS,DISA,CSRA / Leidos (team),"FREDERICK, MARYLAND",HHSN261200800001E,6,Medium,"Keywords: solutions, defense, enterprise",https://www.apexsystems.com/job/3018016_usa/microsoft-systems-engineer
Apex Systems,3018220,Cyber Security Watch Officer LCAT 1 Weekday Night (Monday - Thursday 9pm - 7am),"Fort George G Meade, MD",,Contract,2026-01-16,Peraton ARCYBER Information Advantage Enterprise,IAE,Army,Peraton,"FORT GEORGE G MEADE, MARYLAND",47QFCA19F0033,12,High,"Keywords: information, enterprise; State: MD; City: FORT GEORGE G MEADE",https://www.apexsystems.com/job/3018220_usa/cyber-security-watch-officer-lcat-1-weekday-night-monday---thursday-9pm---7am
Apex Systems,3018245,Software Developer,"North Charleston, SC",,Contract,2026-01-14,DIA Information Systems Engineering Office,ISEO,DIA,Leidos,"FREDERICK, MARYLAND",HHSN261200800001E,6,Medium,"Keywords: engineering, information, systems",https://www.apexsystems.com/job/3018245_usa/software-developer
Apex Systems,3018477,Tier 1 Network Monitor,"Hampton, VA",,Contract,2026-01-16,Distributed Common Ground System (AF),DCGS,Air Force,BAE; multiple,"ROCKVILLE, MARYLAND",FA821413C0001,12,High,Acronym: DCGS; Keywords: system,https://www.apexsystems.com/job/3018477_usa/tier-1-network-monitor
Apex Systems,3018277,Software Developer,"North Charleston, SC",,Contract,2026-01-14,GRASP (Raytheon/Peraton),GRASP,DoD,Peraton,"HERNDON, VIRGINIA",80GSFC19C0063,12,High,Acronym: GRASP; Keywords: grasp,https://www.apexsystems.com/job/3018277_usa/software-developer
Apex Systems,3018535,Structural Mechanical/Professional Engineer,"Orlando, FL",ACTIVE TOP SECRET SECURITY CLEARANCE OR HIGHER AND BE ABL,Contract,2026-01-16,GPS Next-Gen Operational Control System,GPS OCX,Space Force,Raytheon Intelligence & Space,"AURORA, COLORADO",FA880710C0001,8,Medium,"Keywords: next, control, system",https://www.apexsystems.com/job/3018535_usa/structural-mechanicalprofessional-engineer
Apex Systems,3018571,Senior Cyber Security Specialist,"Fort Belvoir, VA",,Contract,2026-01-16,Army IT Enterprise Mgmt Systems Solution,ITEMSS,Army,CACI,"ARLINGTON, VIRGINIA",47QFRA19F0011,9,Medium,"Keywords: army, enterprise, systems; State: VA",https://www.apexsystems.com/job/3018571_usa/senior-cyber-security-specialist
Apex Systems,3017439,Engineering Manager,"San Diego, CA",,Contract,2026-01-08,Intelligence Systems Infrastructure Tools & Enhancements,inSITE,DoD,Northrop Grumman,"ROY, UTAH",FA821920C0006,8,Medium,"Keywords: infrastructure, tools, intelligence",https://www.apexsystems.com/job/3017439_usa/engineering-manager
Apex Systems,3017935,(VMS) Guidance Navigation &amp; Control Engineer,"Chandler, AZ",Top Secret clearance required,Contract,2026-01-14,MDA Tactical Embedded Systems,,MDA,Northrop Grumman,"CHANDLER, ARIZONA",HQ085621C0003,12,High,"Keywords: tactical, systems; State: AZ; City: CHANDLER",https://www.apexsystems.com/job/3017935_usa/vms-guidance-navigation--control-engineer
Apex Systems,2091698,Software Packager/Technician - Security Tools,"Hazelwood, MO",Must be eligible for a Secret Clearance or willing to be processed for one,Contract,2025-10-12,Army Integrated Battle Command System,IBCS,Army,Northrop Grumman,"CHANDLER, ARIZONA",HQ085621C0003,4,Low,"Keywords: system, command",https://www.apexsystems.com/job/2091698_usa/software-packagertechnician---security-tools
Apex Systems,3009673,Install Specialist / IT Certified Professional,"Charlottesville, VA",TS/SCI Clearance level,Contract,2025-10-22,Project Convergence (JADC2 Experiments),PC,Army,SAIC,"COLORADO SPRINGS, COLORADO",W15QKN19F1290,12,High,Acronym: PC; Keywords: project,https://www.apexsystems.com/job/3009673_usa/install-specialist--it-certified-professional
Apex Systems,3012636,Data Entry Specialist,"Tucson, AZ",,Contract,2025-11-18,Ground-Based Midcourse Defense,GMD,MDA,Boeing (prime); Northrop & Raytheon (NGI),"CHANDLER, ARIZONA",HQ085621C0003,5,Medium,Keywords: defense; State: AZ,https://www.apexsystems.com/job/3012636_usa/data-entry-specialist
Apex Systems,3012964,Software Developer,"Bossier City, LA","secret clearance OR previously held secret clearance preferred, must have ability to obtain",Contract,2025-11-20,Army IT Enterprise Mgmt Systems Solution,ITEMSS,Army,CACI,"ARLINGTON, VIRGINIA",47QFRA19F0011,4,Low,"Keywords: enterprise, systems",https://www.apexsystems.com/job/3012964_usa/software-developer
Apex Systems,3013298,Oracle DBA,"Washington, VA",,Contract,2025-12-09,NASA SENSE (Space Comms & Tracking),SENSE,NASA,Peraton,"HERNDON, VIRGINIA",80GSFC19C0063,15,High,Acronym: SENSE; Keywords: sense; State: VA,https://www.apexsystems.com/job/3013298_usa/oracle-dba
Apex Systems,3015012,Microsoft Copilot Studio AI SME,"Milford Mill, MD",,Contract,2025-12-12,PRISM Support Services (Consolidated),PRISM,DoD,"11 MA-IDIQ primes (incl. CTC, SAIC, Booz Allen, ManTech)","WASHINGTON, DISTRICT OF COLUMBIA",47QFCA21F0018,14,High,"Acronym: PRISM; Keywords: prism, services",https://www.apexsystems.com/job/3015012_usa/microsoft-copilot-studio-ai-sme
Apex Systems,3016221,SQL Developer/Administrator,"Redstone Arsenal, AL",• Secret security clearance,FullTime,2026-01-07,"Command and Control, Battle Management & Communications (MDA)",C2BMC,MDA,Northrop Grumman,"CHANDLER, ARIZONA",HQ085621C0003,6,Medium,"Keywords: control, communications, management",https://www.apexsystems.com/job/3016221_usa/sql-developeradministrator
Apex Systems,3017651,Sr Elastic Engineer (EDR/Defend Focus),"Colorado Springs, CO",ACTIVE SECRET SECURITY CLEARANCE OR HIGHER TO BE CONS,Contract,2026-01-12,BICES Defense Intelligence Agency Variant,BICES,DIA,CACI + Leidos + Peraton + SAIC (various subs),"COLORADO SPRINGS, COLORADO",FA251822F0034,14,High,"Keywords: intelligence, defense, agency; State: CO; City: COLORADO SPRINGS",https://www.apexsystems.com/job/3017651_usa/sr-elastic-engineer-edrdefend-focus
Apex Systems,2049305,Software Engineer - ENG05 - Cleared On-Site,"Aurora, CO",,Contract,2025-10-12,GPS Next-Gen Operational Control System,GPS OCX,Space Force,Raytheon Intelligence & Space,"AURORA, COLORADO",FA880710C0001,10,High,Keywords: system; State: CO; City: AURORA,https://www.apexsystems.com/job/2049305_usa/software-engineer---eng05---cleared-on-site
Apex Systems,2089337,Data Center Engineer - RTP (TS/SCI with Full Scope Poly),"Research Triangle Park, NC",TS/SCI with Full Scope Poly (FSP),Contract,2025-10-12,Data Center & Cloud Optimization,DCCO,DHS,Peraton / Leidos (indicative),"MC LEAN, VIRGINIA",GST0011AJ0025,6,Medium,"Keywords: center, data, cloud",https://www.apexsystems.com/job/2089337_usa/data-center-engineer---rtp-tssci-with-full-scope-poly
Apex Systems,2091444,Technicians &amp; Engineers,"Vandenberg Space Force Base, CA",ACTIVE TOP SECRET SECURITY CLEARANCE OR HIGHER AND BE ABL,Contract,2025-10-12,GPS Operational Control System (sustainment),GPS OCX,Space Force,Raytheon,"AURORA, COLORADO",FA880710C0001,8,Medium,"Keywords: system, control, sustainment",https://www.apexsystems.com/job/2091444_usa/technicians--engineers
Apex Systems,2091995,VDI Systems Administrator,"Savannah, GA",TS/SCI,Contract,2025-10-13,Advanced Battle Management System,ABMS,Air Force,Multi (SAIC supports parts),"COLORADO SPRINGS, COLORADO",FA251822F0034,6,Medium,"Keywords: system, advanced, management",https://www.apexsystems.com/job/2091995_usa/vdi-systems-administrator
Apex Systems,3009212,Systems Administrator,"Fort Belvoir, VA",TS/SCI with active POLY,Contract,2025-10-20,Integrated Base Defense Security System,IBDS,Army,Leidos,"RESTON, VIRGINIA",70T04019C9DAP3006,7,Medium,"Keywords: system, security; State: VA",https://www.apexsystems.com/job/3009212_usa/systems-administrator
Apex Systems,3010398,(VMS) NDT Test Examiner 2,"Emerado, ND",Secret Clearance Required,Contract,2026-01-07,CDAO Advanced AI Tools (Scale AI OTA),Donovan,DoD,Scale AI,"PALO ALTO, CALIFORNIA",W911QX24F0053,4,Low,"Keywords: advanced, tools",https://www.apexsystems.com/job/3010398_usa/vms-ndt-test-examiner-2
Apex Systems,3010415,(VMS) Engineering Writer and Instructor,"Elkridge, MD",Secret Clearance Required,Contract,2026-01-07,DIA Information Systems Engineering Office,ISEO,DIA,Leidos,"FREDERICK, MARYLAND",HHSN261200800001E,9,Medium,"Keywords: engineering, information, systems; State: MD",https://www.apexsystems.com/job/3010415_usa/vms-engineering-writer-and-instructor
Apex Systems,3010789,Client Support / Sys Admin - Site D,"Fayetteville, NC","Secret (this position supports sponsorship for an upgraded security clearance, c",Contract,2026-01-14,Defense Enterprise Office Solutions,DEOS,DISA,CSRA / Leidos (team),"FREDERICK, MARYLAND",HHSN261200800001E,6,Medium,"Keywords: office, enterprise, solutions",https://www.apexsystems.com/job/3010789_usa/client-support--sys-admin---site-d
Apex Systems,3012188,IT Specialist Senior,"Quantico, VA",,Contract,2025-11-19,Air Force Advanced Battle Management System,ABMS,Air Force,"Multiple: SAIC, Leidos, Booz Allen Hamilton","HERNDON, VIRGINIA",36C10B21N10150056,9,Medium,"Keywords: system, advanced, management; State: VA",https://www.apexsystems.com/job/3012188_usa/it-specialist-senior
Apex Systems,3012589,Secure Enterprise Engineer,"Carlsbad, CA",,FullTime,2025-11-19,"NGEN-R SMIT – Navy Next Generation Enterprise Network (Service Management, Integration & Transport)",NGEN-R SMIT,Navy,Leidos,"MORGANTOWN, WEST VIRGINIA",89243318CFE000003,8,Medium,"Keywords: service, network, enterprise",https://www.apexsystems.com/job/3012589_usa/secure-enterprise-engineer
Apex Systems,3012633,JAVA/REACT Developer,"Andover, MA",,Contract,2025-11-18,Integrated Air & Missile Defense,IAMD,Army,Raytheon,"ANDOVER, MASSACHUSETTS",W31P4Q15C0022,10,High,Keywords: defense; State: MA; City: ANDOVER,https://www.apexsystems.com/job/3012633_usa/javareact-developer
Apex Systems,3012821,Cloud Engineer,"Fayetteville, NC",active Secret Clearance eligible for upgrade.,Contract,2025-11-20,CMS Enterprise Cloud Infrastructure Services,ECIS,DoD,Peraton / SAIC (indicative),"HERNDON, VIRGINIA",47QFCA20F0015,6,Medium,"Keywords: infrastructure, cloud, services",https://www.apexsystems.com/job/3012821_usa/cloud-engineer
Apex Systems,3012876,Sr ISSE,"Reston, VA",,Contract,2026-01-07,Integrated Base Defense Security System,IBDS,Army,Leidos,"RESTON, VIRGINIA",70T04019C9DAP3006,14,High,"Keywords: system, security, integrated; State: VA; City: RESTON",https://www.apexsystems.com/job/3012876_usa/sr-isse
Apex Systems,3013245,Deployed Support Specialist Mid- Pensacola,"Pensacola, FL",,Contract,2025-11-24,SITEC III – Enterprise Operations & Maintenance,SITEC III,SOCOM,Peraton,"TAMPA, FLORIDA",47QFCA24F0002,7,Medium,"Keywords: operations, maintenance; State: FL",https://www.apexsystems.com/job/3013245_usa/deployed-support-specialist-mid--pensacola
Apex Systems,3013828,Sr Network Engineer,"Reston, VA",,Contract,2025-12-02,Integrated Base Defense Security System,IBDS,Army,Leidos,"RESTON, VIRGINIA",70T04019C9DAP3006,12,High,"Keywords: system, security; State: VA; City: RESTON",https://www.apexsystems.com/job/3013828_usa/sr-network-engineer
Apex Systems,3013253,IT System Engineer,"Fort Worth, TX",,Contract,2025-11-24,Navy Aegis Combat System Modernization,AEGIS,Navy,Lockheed Martin,"FORT WORTH, TEXAS",N0001917C0001,12,High,"Keywords: system, modernization; State: TX; City: FORT WORTH",https://www.apexsystems.com/job/3013253_usa/it-system-engineer
Insight Global,483185,PRICING ANALYST - SECRET CLEARANCE,"Colorado Springs, Colorado",Secret,Perm,"Jan 15, 2026",Advanced Battle Management System,ABMS,Air Force,Multi (SAIC supports parts),"COLORADO SPRINGS, COLORADO",FA251822F0034,14,High,"Keywords: system, advanced, management; State: CO; City: COLORADO SPRINGS",https://insightglobal.com/jobs/find_a_job/colorado/colorado-springs/pricing-analyst-secret-clearance/job-483185/
Insight Global,463944,DEVSECOPS ENGINEER - SECRET CLEARANCE,"Huntsville, Alabama",Secret,Contract-to-perm,"Nov 05, 2025",Global Service Management – Operations II,GSM-O II,DISA,Leidos,"MORGANTOWN, WEST VIRGINIA",89243318CFE000003,6,Medium,"Keywords: service, global, management",https://insightglobal.com/jobs/find_a_job/alabama/huntsville/devsecops-engineer-secret-clearance/job-463944/
Insight Global,478353,MECHANICAL ENGINEER - SECRET CLEARANCE,"Huntsville, Alabama",Secret,Contract-to-perm,"Jan 05, 2026",Ground-Based Midcourse Defense,GMD,MDA,Boeing (prime); Northrop & Raytheon (NGI),"CHANDLER, ARIZONA",HQ085621C0003,12,High,Acronym: GMD; Keywords: defense,https://insightglobal.com/jobs/find_a_job/alabama/huntsville/mechanical-engineer-secret-clearance/job-478353/
Insight Global,461214,ELECTRICAL ENGINEER - SECRET CLEARANCE,"Huntsville, Alabama",Secret,Contract-to-perm,"Oct 29, 2025",Aegis Ballistic Missile Defense / Aegis Program,Aegis,Navy,Lockheed Martin,"FORT WORTH, TEXAS",N0001917C0001,6,Medium,"Keywords: missile, program, defense",https://insightglobal.com/jobs/find_a_job/alabama/huntsville/electrical-engineer-secret-clearance/job-461214/
Insight Global,479177,SR. POWER ELECTRIC ENGINEER - CLEARANCE REQUIRED,"Niskayuna, New York",,Contract-to-perm,"Jan 06, 2026",DIA Information Systems Engineering Office,ISEO,DIA,Leidos,"FREDERICK, MARYLAND",HHSN261200800001E,6,Medium,"Keywords: engineering, information, systems",https://insightglobal.com/jobs/find_a_job/new-york/niskayuna/sr-power-electric-engineer-clearance-required/job-479177/
Insight Global,460819,SENIOR SYSTEMS ENGINEER - SECRET CLEARANCE,"Huntsville, Alabama",Secret,Contract-to-perm,"Oct 28, 2025",Aegis Ballistic Missile Defense / Aegis Program,Aegis,Navy,Lockheed Martin,"FORT WORTH, TEXAS",N0001917C0001,6,Medium,"Keywords: missile, program, defense",https://insightglobal.com/jobs/find_a_job/alabama/huntsville/senior-systems-engineer-secret-clearance/job-460819/
Insight Global,482039,FPGA DESIGN ENGINEER - SECRET CLEARANCE,"Plymouth, Minnesota",Secret,"Contract,Perm Possible","Jan 13, 2026","EDIS – Engineering, Development, Integration & Sustainment",EDIS,Space Force,SAIC,"COLORADO SPRINGS, COLORADO",FA251822F0034,6,Medium,"Keywords: engineering, integration, development",https://insightglobal.com/jobs/find_a_job/minnesota/plymouth/fpga-design-engineer-secret-clearance/job-482039/
Insight Global,447166,SENIOR SOFTWARE ENGINEER (SECRET CLEARANCE),"Tucson, Arizona",Secret,Contract,"Sep 22, 2025",GMD Weapon System (Ground C2),GWS (GMD),MDA,Northrop Grumman,"CHANDLER, ARIZONA",HQ085621C0003,7,Medium,"Keywords: system, weapon; State: AZ",https://insightglobal.com/jobs/find_a_job/arizona/tucson/senior-software-engineer-secret-clearance-/job-447166/
Insight Global,239418,HELP DESK SUPPORT SPEC I,"Detroit, Michigan",Secret,Contract,"Nov 10, 2022",Battlefield Information Collection & Exploitation System,BICES,DoD,GDIT,"SPRINGFIELD, VIRGINIA",19AQMM18C0185,4,Low,"Keywords: system, information",https://insightglobal.com/jobs/find_a_job/michigan/detroit/help-desk-support-spec-i/job-239418/
Insight Global,443211,SECRET/INTERIM CLEARED OUTSIDE MACHINIST,"Chesapeake, Virginia",Secret,"Contract,Perm Possible","Sep 11, 2025",Battlefield Information Collection & Exploitation System,BICES,DoD,GDIT,"SPRINGFIELD, VIRGINIA",19AQMM18C0185,5,Medium,Keywords: information; State: VA,https://insightglobal.com/jobs/find_a_job/virginia/chesapeake/secret-interim-cleared-outside-machinist/job-443211/
Insight Global,432633,CLEARED MARINE ELECTRICIAN,"Norfolk, Virginia",Secret,Contract-to-perm,"Mar 28, 2025",Army IT Enterprise Mgmt Systems Solution,ITEMSS,Army,CACI,"ARLINGTON, VIRGINIA",47QFRA19F0011,5,Medium,Keywords: systems; State: VA,https://insightglobal.com/jobs/find_a_job/virginia/norfolk/cleared-marine-electrician/job-432633/
Insight Global,449881,SECRET VULNERABILITY PENETRATION TESTER,"Aberdeen Proving Ground, Maryland",TS/SCI,Contract-to-perm,"Sep 29, 2025",DISA JWCC – Joint Warfighting Cloud Capability,JWCC,DISA,Amazon; Microsoft; Google; Oracle,"ABERDEEN PROVING GROUND, MARYLAND",W91CRB20F0448,8,Medium,State: MD; City: ABERDEEN PROVING GROUND,https://insightglobal.com/jobs/find_a_job/maryland/aberdeen-proving-ground/secret-vulnerability-penetration-tester/job-449881/
Insight Global,468846,MODEL BASED DEFINITION ENGINEER,"Middletown, Connecticut",,Contract,"Nov 19, 2025",Army Enterprise Service Management Framework,AESMF,Army,SAIC,"COLORADO SPRINGS, COLORADO",W15QKN19F1290,7,Medium,"Keywords: service, management; State: CO",https://insightglobal.com/jobs/find_a_job/connecticut/middletown/model-based-definition-engineer/job-468846/
Insight Global,482286,SECRET INTEGRATION AND TEST ENGINEER - LEVEL 4,"Aurora, Colorado",Secret,"Contract,Perm Possible","Jan 13, 2026",GPS Next-Gen Operational Control System,GPS OCX,Space Force,Raytheon Intelligence & Space,"AURORA, COLORADO",FA880710C0001,8,Medium,State: CO; City: AURORA,https://insightglobal.com/jobs/find_a_job/colorado/aurora/secret-integration-and-test-engineer-level-4/job-482286/
Insight Global,450628,SYSTEMS ADMINISTRATOR,"San Diego, California",Secret,Contract-to-perm,"Oct 01, 2025",GBS (Global Broadcast Service),GBS,DISA,L3Harris (historical),"ANAHEIM, CALIFORNIA",N0003022C2001,7,Medium,"Keywords: service, global; State: CA",https://insightglobal.com/jobs/find_a_job/california/san-diego/systems-administrator/job-450628/
Insight Global,480992,TOP SECRET SYSTEM ADMIN,"Niskayuna, New York",Top Secret,Contract-to-perm,"Jan 09, 2026",Battlefield Information Collection & Exploitation System,BICES,DoD,GDIT,"SPRINGFIELD, VIRGINIA",19AQMM18C0185,4,Low,"Keywords: system, information",https://insightglobal.com/jobs/find_a_job/new-york/niskayuna/top-secret-system-admin/job-480992/
Insight Global,474313,SECRET DEPLOYED SUPPORT SPECIALIST,"Norfolk, Virginia",Secret,Contract,"Dec 08, 2025",Battlefield Information Collection & Exploitation System,BICES,DoD,GDIT,"SPRINGFIELD, VIRGINIA",19AQMM18C0185,7,Medium,"Keywords: system, information; State: VA",https://insightglobal.com/jobs/find_a_job/virginia/norfolk/secret-deployed-support-specialist/job-474313/
Insight Global,480738,FIELD ENGINEER (CENTRAL US),"Salt Lake City, Utah",,Contract,"Jan 09, 2026",GRASP (Raytheon/Peraton),GRASP,DoD,Peraton,"HERNDON, VIRGINIA",80GSFC19C0063,12,High,Acronym: GRASP; Keywords: grasp,https://insightglobal.com/jobs/find_a_job/utah/salt-lake-city/field-engineer-central-us-/job-480738/
Insight Global,451448,ESS HELPDESK TECHNICIAN,"Braddock, Virginia",Secret,Contract-to-perm,"Oct 02, 2025",Air Force Advanced Battle Management System,ABMS,Air Force,"Multiple: SAIC, Leidos, Booz Allen Hamilton","HERNDON, VIRGINIA",36C10B21N10150056,7,Medium,"Keywords: system, management; State: VA",https://insightglobal.com/jobs/find_a_job/virginia/braddock/ess-helpdesk-technician/job-451448/
Insight Global,482086,SECRET FULL STACK DEVELOPER,"Dahlgren, Virginia",Secret,Contract-to-perm,"Jan 13, 2026",CMS Enterprise Cloud Infrastructure Services,ECIS,DoD,Peraton / SAIC (indicative),"HERNDON, VIRGINIA",47QFCA20F0015,7,Medium,"Keywords: infrastructure, cloud; State: VA",https://insightglobal.com/jobs/find_a_job/virginia/dahlgren/secret-full-stack-developer/job-482086/
Insight Global,438003,INFORMATION SYSTEMS SECURITY OFFICER (ISSO),"Sterling Heights, Michigan",Secret,Contract-to-perm,"Aug 27, 2025",DIA Information Systems Engineering Office,ISEO,DIA,Leidos,"FREDERICK, MARYLAND",HHSN261200800001E,6,Medium,"Keywords: engineering, information, systems",https://insightglobal.com/jobs/find_a_job/michigan/sterling-heights/information-systems-security-officer-isso-/job-438003/
Insight Global,483609,BUYER'S TECHNICAL WRITER - SECRET,"Colorado Springs, Colorado",Secret,Perm,"Jan 16, 2026",Army Enterprise Service Management Framework,AESMF,Army,SAIC,"COLORADO SPRINGS, COLORADO",W15QKN19F1290,12,High,"Keywords: service, management; State: CO; City: COLORADO SPRINGS",https://insightglobal.com/jobs/find_a_job/colorado/colorado-springs/buyers-technical-writer-secret/job-483609/
Insight Global,483170,SECRET SENIOR ELASTIC ENGINEER,"Colorado Springs, Colorado",Top Secret,Contract-to-perm,"Jan 15, 2026",Advanced Battle Management System,ABMS,Air Force,Multi (SAIC supports parts),"COLORADO SPRINGS, COLORADO",FA251822F0034,12,High,"Keywords: advanced, management; State: CO; City: COLORADO SPRINGS",https://insightglobal.com/jobs/find_a_job/colorado/colorado-springs/secret-senior-elastic-engineer/job-483170/
Insight Global,458210,TS/SCI SR. NETWORK ENGINEER,"Mount Vernon, Virginia",TS/SCI,Contract,"Oct 24, 2025","NGEN-R SMIT – Navy Next Generation Enterprise Network (Service Management, Integration & Transport)",NGEN-R SMIT,Navy,Leidos,"MORGANTOWN, WEST VIRGINIA",89243318CFE000003,10,High,"Keywords: next, generation, service",https://insightglobal.com/jobs/find_a_job/virginia/mount-vernon/ts-sci-sr-network-engineer/job-458210/
Insight Global,480691,SECRET MICROSOFT SYSTEMS ENGINEER,"Goose Creek, South Carolina",Secret,Perm,"Jan 09, 2026",CDAO Advanced AI Tools (Scale AI OTA),Donovan,DoD,Scale AI,"PALO ALTO, CALIFORNIA",W911QX24F0053,7,Medium,"Keywords: advanced, tools; State: CA",https://insightglobal.com/jobs/find_a_job/south-carolina/goose-creek/secret-microsoft-systems-engineer/job-480691/
Insight Global,479729,SECRET NETWORK ADMINISTRATOR II (DAYS),"Montgomery, Alabama",Secret,Contract-to-perm,"Jan 07, 2026",Project Convergence (JADC2 Experiments),PC,Army,SAIC,"COLORADO SPRINGS, COLORADO",W15QKN19F1290,10,High,Acronym: PC,https://insightglobal.com/jobs/find_a_job/alabama/montgomery/secret-network-administrator-ii-days-/job-479729/
Insight Global,239366,SALES ENGINEER,"Colorado Springs, Colorado",,Perm,"Nov 10, 2022",Advanced Battle Management System,ABMS,Air Force,Multi (SAIC supports parts),"COLORADO SPRINGS, COLORADO",FA251822F0034,10,High,Keywords: system; State: CO; City: COLORADO SPRINGS,https://insightglobal.com/jobs/find_a_job/colorado/colorado-springs/sales-engineer/job-239366/
Insight Global,480429,SECRET WINDOWS SYSTEMS ADMINISTRATOR,"Dahlgren, Virginia",Secret,Contract-to-perm,"Jan 08, 2026",Air Force Advanced Battle Management System,ABMS,Air Force,"Multiple: SAIC, Leidos, Booz Allen Hamilton","HERNDON, VIRGINIA",36C10B21N10150056,9,Medium,"Keywords: system, advanced, management; State: VA",https://insightglobal.com/jobs/find_a_job/virginia/dahlgren/secret-windows-systems-administrator/job-480429/
Insight Global,480693,SECRET DEVOPS ENGINEER,"Goose Creek, South Carolina",Secret,Perm,"Jan 09, 2026",Army Enterprise Service Management Framework,AESMF,Army,SAIC,"COLORADO SPRINGS, COLORADO",W15QKN19F1290,8,Medium,"Keywords: framework, service, enterprise",https://insightglobal.com/jobs/find_a_job/south-carolina/goose-creek/secret-devops-engineer/job-480693/
Insight Global,476947,TS/SCI SENIOR OPTICAL SYSTEMS ENGINEER,"Wilmington, Massachusetts",TS/SCI,Contract-to-perm,"Dec 18, 2025",DIA Information Systems Engineering Office,ISEO,DIA,Leidos,"FREDERICK, MARYLAND",HHSN261200800001E,6,Medium,"Keywords: engineering, information, systems",https://insightglobal.com/jobs/find_a_job/massachusetts/wilmington/ts-sci-senior-optical-systems-engineer/job-476947/
Insight Global,478024,SR PROJECT ENGINEER,"Tampa, Florida",Secret,Perm,"Jan 02, 2026",SITEC III – Enterprise Operations & Maintenance,SITEC III,SOCOM,Peraton,"TAMPA, FLORIDA",47QFCA24F0002,8,Medium,State: FL; City: TAMPA,https://insightglobal.com/jobs/find_a_job/florida/tampa/sr-project-engineer/job-478024/
Insight Global,480900,TOP SECRET VIRTUALIZATION/STORAGE ENGINEER,"Dahlgren, Virginia",Top Secret,Contract-to-perm,"Jan 09, 2026",CMS Enterprise Cloud Infrastructure Services,ECIS,DoD,Peraton / SAIC (indicative),"HERNDON, VIRGINIA",47QFCA20F0015,9,Medium,"Keywords: infrastructure, enterprise, services; State: VA",https://insightglobal.com/jobs/find_a_job/virginia/dahlgren/top-secret-virtualization-storage-engineer/job-480900/
Insight Global,483878,TS/SCI SOFTWARE ENGINEER (AFSIM),"Beavercreek, Ohio",TS/SCI,Contract-to-perm,"Jan 16, 2026",DIA Information Systems Engineering Office,ISEO,DIA,Leidos,"FREDERICK, MARYLAND",HHSN261200800001E,6,Medium,"Keywords: engineering, information, systems",https://insightglobal.com/jobs/find_a_job/ohio/beavercreek/ts-sci-software-engineer-afsim-/job-483878/
Insight Global,480804,CLEARED MS&A DEVELOPER,"Sunset, Utah",Top Secret,"Contract,Perm Possible","Jan 09, 2026",Aegis Ballistic Missile Defense / Aegis Program,Aegis,Navy,Lockheed Martin,"FORT WORTH, TEXAS",N0001917C0001,8,Medium,"Keywords: missile, program, defense",https://insightglobal.com/jobs/find_a_job/utah/sunset/cleared-msa-developer/job-480804/
Insight Global,421667,TS/SCI WITH POLY CYBER NETWORK DEFENSE AND EXPLOITATION ANALYST,"Jessup, Maryland",TS/SCI Poly,Contract,"Jun 25, 2025",Intelligence Systems Enterprise Operations,ISEO,DIA,Leidos,"FREDERICK, MARYLAND",HHSN261200800001E,9,Medium,"Keywords: intelligence, operations, systems; State: MD",https://insightglobal.com/jobs/find_a_job/virginia/reston/ts-sci-with-poly-cyber-network-defense-and-exploitation-analyst/job-421667/
Insight Global,477411,SECRET RF SYSTEM ENGINEER,"Salt Lake City, Utah",Secret,Contract,"Dec 18, 2025",DIA Information Systems Engineering Office,ISEO,DIA,Leidos,"FREDERICK, MARYLAND",HHSN261200800001E,6,Medium,"Keywords: engineering, information, systems",https://insightglobal.com/jobs/find_a_job/utah/salt-lake-city/secret-rf-system-engineer/job-477411/
Insight Global,482591,MAINTENANCE DATA SPECIALIST,"Atlanta, Georgia",,Contract,"Jan 14, 2026",Army Enterprise Service Management Framework,AESMF,Army,SAIC,"COLORADO SPRINGS, COLORADO",W15QKN19F1290,6,Medium,"Keywords: service, enterprise, management",https://insightglobal.com/jobs/find_a_job/georgia/atlanta/maintenance-data-specialist/job-482591/
Insight Global,481991,REGISTERED NURSE,"Muscatine, Iowa",,Contract,"Jan 13, 2026",DISA Global Service Mgmt – Ops II,GSM-O II,DISA,Leidos,"MORGANTOWN, WEST VIRGINIA",89243318CFE000003,4,Low,"Keywords: service, global",https://insightglobal.com/jobs/find_a_job/iowa/muscatine/registered-nurse/job-481991/
Insight Global,481690,SECRET TECHNICAL EDITOR,"Rivanna, Virginia",Top Secret,Contract-to-perm,"Jan 12, 2026",Army Integrated Battle Command System Support,IBCS,Army,Northrop Grumman (prime); CACI (support),"CHANTILLY, VIRGINIA",W15QKN15C0049,7,Medium,"Keywords: army, system; State: VA",https://insightglobal.com/jobs/find_a_job/virginia/rivanna/secret-technical-editor/job-481690/
Insight Global,476216,"SECRET LINUX SYSTEM ADMINISTRATOR (CO SPRINGS, CO)","Colorado Springs, Colorado",Top Secret,Contract-to-perm,"Dec 16, 2025",Air Force Cyber Operations / Platform One + Cyber/DevSecOps Portfolio,Platform One / Cyber Portfolio,Air Force,SAIC; Leidos; CACI; Booz Allen Hamilton (aggregate DevSecOps/Cyber vendors supporting CSO & P1),"COLORADO SPRINGS, COLORADO",FA882316C0004,12,High,"Keywords: operations, cyber; State: CO; City: COLORADO SPRINGS",https://insightglobal.com/jobs/find_a_job/colorado/colorado-springs/secret-linux-system-administrator-co-springs-co-/job-476216/
Insight Global,482242,PYTHON TESTER - V&V,"Sainte-Anne-De-Bellevue, Quebec",,Contract,"Jan 13, 2026",Defense Enclave Services,DES,DoD,Leidos,"FREDERICK, MARYLAND",HHSN261200800001E,10,High,Acronym: DES,https://insightglobal.com/jobs/find_a_job/quebec/sainte-anne-de-bellevue/python-tester-vv/job-482242/
Insight Global,371817,HOSPITAL SECURITY OFFICER,"Tarpon Springs, Florida",,Contract-to-perm,"Jul 30, 2024",Global Service Management – Operations II,GSM-O II,DISA,Leidos,"MORGANTOWN, WEST VIRGINIA",89243318CFE000003,8,Medium,"Keywords: service, global, operations",https://insightglobal.com/jobs/find_a_job/florida/tarpon-springs/hospital-security-officer/job-371817/
Insight Global,479796,TRANSITION TO OPERATIONS ENGINEER,"El Segundo, California",TS/SCI,Contract-to-perm,"Jan 07, 2026","EDIS – Engineering, Development, Integration & Sustainment",EDIS,Space Force,SAIC,"COLORADO SPRINGS, COLORADO",FA251822F0034,8,Medium,"Keywords: engineering, integration, sustainment",https://insightglobal.com/jobs/find_a_job/california/el-segundo/transition-to-operations-engineer/job-479796/
Insight Global,456635,SOFTWARE ENGINEER (C++),"Dayton, Ohio",,Contract-to-perm,"Oct 16, 2025",DIA Information Systems Engineering Office,ISEO,DIA,Leidos,"FREDERICK, MARYLAND",HHSN261200800001E,6,Medium,"Keywords: engineering, information, systems",https://insightglobal.com/jobs/find_a_job/ohio/dayton/software-engineer-c-/job-456635/
Insight Global,473918,PROGRAM MANAGER,"Deerfield Beach, Florida",Secret,Perm,"Dec 05, 2025",Battlefield Information Collection & Exploitation System,BICES,DoD,GDIT,"SPRINGFIELD, VIRGINIA",19AQMM18C0185,6,Medium,"Keywords: system, information, collection",https://insightglobal.com/jobs/find_a_job/florida/deerfield-beach/program-manager/job-473918/
Insight Global,480397,KUBERNETES ADMINISTRATOR,"Dayton, Ohio",TS/SCI,Contract-to-perm,"Jan 08, 2026",Global Service Management – Operations II,GSM-O II,DISA,Leidos,"MORGANTOWN, WEST VIRGINIA",89243318CFE000003,6,Medium,"Keywords: service, global, management",https://insightglobal.com/jobs/find_a_job/ohio/dayton/kubernetes-administrator/job-480397/
Insight Global,483118,SENIOR ANALYST – IT CAPITAL FINANCIAL MANAGEMENT – INTL INDIA,"Wilmington, Delaware",,Contract-to-perm,"Jan 15, 2026",Global Service Management – Operations II,GSM-O II,DISA,Leidos,"MORGANTOWN, WEST VIRGINIA",89243318CFE000003,8,Medium,"Keywords: service, global, operations",https://insightglobal.com/jobs/find_a_job/delaware/wilmington/senior-analyst-it-capital-financial-management-intl-india/job-483118/
Insight Global,480826,NONDESTRUCTIVE EVALUATION ENGINEER (NDE),"Berkeley, Missouri",,Contract-to-perm,"Jan 09, 2026",DIA Information Systems Engineering Office,ISEO,DIA,Leidos,"FREDERICK, MARYLAND",HHSN261200800001E,4,Low,"Keywords: engineering, information",https://insightglobal.com/jobs/find_a_job/missouri/berkeley/nondestructive-evaluation-engineer-nde-/job-480826/
Insight Global,470275,C++ SOFTWARE ENGINEER,"Huntsville, Alabama",Secret,Contract-to-perm,"Nov 21, 2025",Battlefield Information Collection & Exploitation System,BICES,DoD,GDIT,"SPRINGFIELD, VIRGINIA",19AQMM18C0185,4,Low,"Keywords: system, information",https://insightglobal.com/jobs/find_a_job/alabama/huntsville/c-software-engineer/job-470275/
Insight Global,478314,TOP SECRET HARDWARE TECH,"Monroeville, Pennsylvania",Top Secret,Contract-to-perm,"Jan 05, 2026",Project Convergence (JADC2 Experiments),PC,Army,SAIC,"COLORADO SPRINGS, COLORADO",W15QKN19F1290,10,High,Acronym: PC,https://insightglobal.com/jobs/find_a_job/pennsylvania/monroeville/top-secret-hardware-tech/job-478314/
Insight Global,479791,VERIFICATION & VALIDATION ENGINEER,"El Segundo, California",TS/SCI,Contract-to-perm,"Jan 07, 2026",Next-Generation Overhead Persistent Infrared,NG OPIR (classified),Space Force,Northrop Grumman,"REDONDO BEACH, CALIFORNIA",FA881018C0006,13,High,"Keywords: next, generation, overhead; State: CA",https://insightglobal.com/jobs/find_a_job/california/el-segundo/verification-validation-engineer/job-479791/
Insight Global,452489,WELDER,"Huntsville, Alabama",Secret,Perm,"Oct 07, 2025",DISA Global Service Mgmt – Ops II,GSM-O II,DISA,Leidos,"MORGANTOWN, WEST VIRGINIA",89243318CFE000003,4,Low,"Keywords: service, global",https://insightglobal.com/jobs/find_a_job/alabama/huntsville/welder/job-452489/
Insight Global,480530,SPECIAL EDUCATION PARAPROFESSIONAL,"Salem, Massachusetts",,Perm,"Jan 08, 2026",ARCYBER Information Advantage / Mission Support (general),ARCYBER,Army,Peraton / others (Peraton lead on ARCYBER Information Advantage Enterprise line; additional primes on related work),"FORT GEORGE G MEADE, MARYLAND",47QFCA19F0033,6,Medium,"Keywords: mission, information, general",https://insightglobal.com/jobs/find_a_job/massachusetts/salem/special-education-paraprofessional/job-480530/
Insight Global,477052,MARINE ELECTRICIAN,"Kings Bay, Georgia",,Contract,"Dec 18, 2025",DIA Information Systems Engineering Office,ISEO,DIA,Leidos,"FREDERICK, MARYLAND",HHSN261200800001E,4,Low,"Keywords: information, systems",https://insightglobal.com/jobs/find_a_job/georgia/kings-bay/marine-electrician/job-477052/
Insight Global,477076,STRUCTURAL WELDER,"Kings Bay, Georgia",,Contract,"Dec 18, 2025",Global Service Management – Operations II,GSM-O II,DISA,Leidos,"MORGANTOWN, WEST VIRGINIA",89243318CFE000003,6,Medium,"Keywords: service, global, operations",https://insightglobal.com/jobs/find_a_job/georgia/kings-bay/structural-welder/job-477076/
Insight Global,470335,SENIOR NUCLEAR HARDNESS ELECTRICAL ENGINEER,"Hill AFB, Utah",Secret,Contract,"Nov 24, 2025",SPICE (Space Payload Integration & Cyber Eng),SPICE,Space Force,SAIC / LinQuest (indicative),"SAN ANTONIO, TEXAS",FA877319FA023,14,High,"Acronym: SPICE; Keywords: spice, integration",https://insightglobal.com/jobs/find_a_job/utah/hill-afb/senior-nuclear-hardness-electrical-engineer/job-470335/
Insight Global,479486,2ND SHIFT CNC MACHINIST LEVEL 5,"Huntsville, Alabama",Secret,Perm,"Jan 07, 2026",DIA Information Systems Engineering Office,ISEO,DIA,Leidos,"FREDERICK, MARYLAND",HHSN261200800001E,4,Low,"Keywords: engineering, information",https://insightglobal.com/jobs/find_a_job/alabama/huntsville/2nd-shift-cnc-machinist-level-5/job-479486/
Insight Global,466413,IDENTITY ACCESS MANAGER / SME ARCHITECT,"Austin, Texas",TS/SCI Poly,Perm,"Nov 12, 2025",Aegis Ballistic Missile Defense / Aegis Program,Aegis,Navy,Lockheed Martin,"FORT WORTH, TEXAS",N0001917C0001,7,Medium,"Keywords: program, defense; State: TX",https://insightglobal.com/jobs/find_a_job/district-of-columbia/washington/top-secret-iam-architect/job-466413/
Insight Global,481890,COPY - TOP SECRET IAM ARCHITECT,"Washington, District Of Columbia",TS/SCI Poly,Perm,"Jan 13, 2026",BICES Defense Intelligence Agency Variant,BICES,DIA,CACI + Leidos + Peraton + SAIC (various subs),"COLORADO SPRINGS, COLORADO",FA251822F0034,7,Medium,"Keywords: defense, agency; State: CO",https://insightglobal.com/jobs/find_a_job/district-of-columbia/washington/copy-top-secret-iam-architect/job-481890/
Insight Global,479148,"MECHANICAL ENGINEER, PE - DESIGNER","San Antonio, Texas",,Perm,"Jan 06, 2026",Army AESD Enterprise Service Desk,AESD,Army,SAIC,"SAN ANTONIO, TEXAS",FA877319FA023,10,High,Keywords: service; State: TX; City: SAN ANTONIO,https://insightglobal.com/jobs/find_a_job/texas/san-antonio/mechanical-engineer-pe-designer/job-479148/
Insight Global,477111,PIPEFITTER,"Kings Bay, Georgia",,Contract,"Dec 18, 2025",Global Command and Control System – Joint,GCCS-J,DISA,Northrop Grumman,"ROY, UTAH",FA821920C0006,6,Medium,"Keywords: system, global, joint",https://insightglobal.com/jobs/find_a_job/georgia/kings-bay/pipefitter/job-477111/
Insight Global,479487,GNC ENGINEER (FIXED WING),"Huntsville, Alabama",Secret,Perm,"Jan 07, 2026",Army Missile & Space R&D Support (Huntsville),,Army,Dynetics; Northrop teams,"ROY, UTAH",F4261098C0001,4,Low,"Keywords: huntsville, space",https://insightglobal.com/jobs/find_a_job/alabama/huntsville/gnc-engineer-fixed-wing-/job-479487/
Insight Global,459815,MECHANICAL SYSTEMS ENGINEER,"New London, Connecticut",Secret,Contract-to-perm,"Oct 24, 2025","EDIS – Engineering, Development, Integration & Sustainment",EDIS,Space Force,SAIC,"COLORADO SPRINGS, COLORADO",FA251822F0034,11,High,"Keywords: engineering, integration, sustainment; State: CO",https://insightglobal.com/jobs/find_a_job/connecticut/new-london/mechanical-systems-engineer/job-459815/
Insight Global,482968,PROGRAM INTEGRATOR,"Huntsville, Alabama",Secret,Contract-to-perm,"Jan 15, 2026",Global Service Management – Operations II,GSM-O II,DISA,Leidos,"MORGANTOWN, WEST VIRGINIA",89243318CFE000003,6,Medium,"Keywords: service, global, management",https://insightglobal.com/jobs/find_a_job/alabama/huntsville/program-integrator/job-482968/
Insight Global,476961,UT INSPECTOR,"Kings Bay, Georgia",,Contract,"Dec 18, 2025",DIA Information Systems Engineering Office,ISEO,DIA,Leidos,"FREDERICK, MARYLAND",HHSN261200800001E,6,Medium,"Keywords: engineering, information, systems",https://insightglobal.com/jobs/find_a_job/georgia/kings-bay/ut-inspector/job-476961/
Insight Global,481903,TOP SECRET ICAM ARCHITECT,"Washington, District Of Columbia",TS/SCI Poly,Perm,"Jan 13, 2026",BICES Defense Intelligence Agency Variant,BICES,DIA,CACI + Leidos + Peraton + SAIC (various subs),"COLORADO SPRINGS, COLORADO",FA251822F0034,7,Medium,"Keywords: defense, agency; State: CO",https://insightglobal.com/jobs/find_a_job/district-of-columbia/washington/top-secret-icam-architect/job-481903/
Insight Global,474049,TOP SECRET ISSO,"Quantico, Virginia",Top Secret,Contract-to-perm,"Dec 05, 2025",Battlefield Information Collection & Exploitation System,BICES,DoD,GDIT,"SPRINGFIELD, VIRGINIA",19AQMM18C0185,9,Medium,"Keywords: system, exploitation, information; State: VA",https://insightglobal.com/jobs/find_a_job/virginia/quantico/top-secret-isso/job-474049/
Insight Global,455774,TS/SCI NETWORK ADMINISTRATOR III (WAN) (AFTERNOON),"Montgomery, Alabama",TS/SCI,Contract-to-perm,"Oct 15, 2025",Project Convergence (JADC2 Experiments),PC,Army,SAIC,"COLORADO SPRINGS, COLORADO",W15QKN19F1290,10,High,Acronym: PC,https://insightglobal.com/jobs/find_a_job/alabama/montgomery/ts-sci-network-administrator-iii-wan-afternoon-/job-455774/
Insight Global,479845,TOP SECRET RESEARCH PHYSICIST 1,"Washington, District Of Columbia",Top Secret,Contract-to-perm,"Jan 07, 2026",Advanced Battle Management System,ABMS,Air Force,Multi (SAIC supports parts),"COLORADO SPRINGS, COLORADO",FA251822F0034,7,Medium,"Keywords: system, advanced; State: CO",https://insightglobal.com/jobs/find_a_job/district-of-columbia/washington/top-secret-research-physicist-1/job-479845/
Insight Global,481941,PRICING MANAGER,"Huntsville, Alabama",Secret,Perm,"Jan 13, 2026",DISA Global Service Mgmt – Ops II,GSM-O II,DISA,Leidos,"MORGANTOWN, WEST VIRGINIA",89243318CFE000003,4,Low,"Keywords: service, global",https://insightglobal.com/jobs/find_a_job/alabama/huntsville/pricing-manager/job-481941/
Insight Global,467723,SECRET SECURITY ENGINEER (BOUNDARY),"Montgomery, Alabama",Secret,Contract-to-perm,"Nov 15, 2025",Global Network Operations (DISA GSM-O II),GSM-O II,DISA,Leidos,"HOUSTON, TEXAS",NNJ09HD46C,6,Medium,"Keywords: global, network, operations",https://insightglobal.com/jobs/find_a_job/alabama/montgomery/secret-security-engineer-boundary-/job-467723/
Insight Global,478776,OPERATING ENGINEER 2,"Springfield, Virginia",,"Contract,Perm Possible","Jan 05, 2026",Battlefield Information Collection & Exploitation System,BICES,DoD,GDIT,"SPRINGFIELD, VIRGINIA",19AQMM18C0185,10,High,Keywords: information; State: VA; City: SPRINGFIELD,https://insightglobal.com/jobs/find_a_job/virginia/springfield/operating-engineer-2/job-478776/
Insight Global,469723,TS/SCI SYSTEMS ADMINISTRATOR,"Dayton, Ohio",TS/SCI,Contract-to-perm,"Nov 20, 2025",DIA Information Systems Engineering Office,ISEO,DIA,Leidos,"FREDERICK, MARYLAND",HHSN261200800001E,6,Medium,"Keywords: office, information, systems",https://insightglobal.com/jobs/find_a_job/ohio/dayton/ts-sci-systems-administrator/job-469723/
Insight Global,479894,SECRET CUSTOMER SUPPORT ADMIN,"Vista, California",Secret,Contract-to-perm,"Jan 07, 2026",GBS (Global Broadcast Service),GBS,DISA,L3Harris (historical),"ANAHEIM, CALIFORNIA",N0003022C2001,7,Medium,"Keywords: service, global; State: CA",https://insightglobal.com/jobs/find_a_job/california/vista/secret-customer-support-admin/job-479894/
Insight Global,482552,RUST DEVELOPER,"Camden, New Jersey",Secret,"Contract,Perm Possible","Jan 14, 2026",DIA Information Systems Engineering Office,ISEO,DIA,Leidos,"FREDERICK, MARYLAND",HHSN261200800001E,6,Medium,"Keywords: engineering, information, systems",https://insightglobal.com/jobs/find_a_job/new-jersey/camden/rust-developer/job-482552/
Insight Global,482978,DIGITAL HARDWARE ENGINEER,"Greece, New York",,Perm,"Jan 15, 2026","NGEN-R SMIT – Navy Next Generation Enterprise Network (Service Management, Integration & Transport)",NGEN-R SMIT,Navy,Leidos,"MORGANTOWN, WEST VIRGINIA",89243318CFE000003,10,High,"Keywords: next, integration, generation",https://insightglobal.com/jobs/find_a_job/new-york/greece/digital-hardware-engineer/job-482978/
Insight Global,474207,SENIOR POSTGRES DATABASE ENGINEER,"Windsor Mill, Maryland",,Contract,"Dec 08, 2025",Global Command and Control System – Joint (Variant),GCCS-J,DISA,Leidos,"FREDERICK, MARYLAND",HHSN261200800001E,7,Medium,"Keywords: system, global; State: MD",https://insightglobal.com/jobs/find_a_job/maryland/windsor-mill/senior-postgres-database-engineer/job-474207/
Insight Global,483547,SALES SUPPORT SPECIALIST,"Sully, Virginia",Public Trust,Contract,"Jan 16, 2026",Army Backbone Infrastructure Modernization – Task Order 2,BIM TO2,Army,CACI,"CHANTILLY, VIRGINIA",W15QKN15C0049,5,Medium,Keywords: order; State: VA,https://insightglobal.com/jobs/find_a_job/virginia/sully/sales-support-specialist/job-483547/
Insight Global,455777,TS/SCI NETWORK ADMINISTRATOR III (WAN) (AFTERNOON),"Montgomery, Alabama",TS/SCI,Contract-to-perm,"Oct 15, 2025",Project Convergence (JADC2 Experiments),PC,Army,SAIC,"COLORADO SPRINGS, COLORADO",W15QKN19F1290,10,High,Acronym: PC,https://insightglobal.com/jobs/find_a_job/alabama/montgomery/ts-sci-network-administrator-iii-wan-afternoon-/job-455777/
Insight Global,455721,TS/SCI NETWORK ADMINISTRATOR III (WAN) (DAY SHIFT),"Montgomery, Alabama",TS/SCI,Contract-to-perm,"Oct 15, 2025",Project Convergence (JADC2 Experiments),PC,Army,SAIC,"COLORADO SPRINGS, COLORADO",W15QKN19F1290,10,High,Acronym: PC,https://insightglobal.com/jobs/find_a_job/alabama/montgomery/ts-sci-network-administrator-iii-wan-day-shift-/job-455721/
Insight Global,478637,SECRET ISSO,"Albuquerque, New Mexico",Secret,Perm,"Jan 05, 2026",Global Service Management – Operations II,GSM-O II,DISA,Leidos,"MORGANTOWN, WEST VIRGINIA",89243318CFE000003,6,Medium,"Keywords: service, global, operations",https://insightglobal.com/jobs/find_a_job/new-mexico/albuquerque/secret-isso/job-478637/
Insight Global,477119,BLASTER / PAINTER,"Kings Bay, Georgia",,Contract,"Dec 18, 2025",Global Service Management – Operations II,GSM-O II,DISA,Leidos,"MORGANTOWN, WEST VIRGINIA",89243318CFE000003,6,Medium,"Keywords: service, global, operations",https://insightglobal.com/jobs/find_a_job/georgia/kings-bay/blaster-painter/job-477119/
Insight Global,448756,LINUX SYSTEMS ENGINEER (TS),"Chantilly, Virginia",Top Secret,Contract-to-perm,"Sep 25, 2025",Army Integrated Battle Command System Support,IBCS,Army,Northrop Grumman (prime); CACI (support),"CHANTILLY, VIRGINIA",W15QKN15C0049,10,High,Keywords: system; State: VA; City: CHANTILLY,https://insightglobal.com/jobs/find_a_job/virginia/chantilly/linux-systems-engineer-ts-/job-448756/
Insight Global,482299,DATA ENGINEER,"Norfolk, Virginia",Secret,Contract-to-perm,"Jan 13, 2026",MSS Smart Systems (Palantir contract),MSS,Army,Palantir,"PALO ALTO, CALIFORNIA",W911QX24F0113,14,High,"Acronym: MSS; Keywords: palantir, systems",https://insightglobal.com/jobs/find_a_job/virginia/norfolk/data-engineer/job-482299/
Insight Global,471207,TS/SCI + POLY CLEARED LINUX ADMIN/TEST ENGINEER,"Hanover, Maryland",TS/SCI Poly,Contract-to-perm,"Nov 25, 2025",DIA Information Systems Engineering Office,ISEO,DIA,Leidos,"FREDERICK, MARYLAND",HHSN261200800001E,7,Medium,"Keywords: information, systems; State: MD",https://insightglobal.com/jobs/find_a_job/maryland/hanover/ts-sci-poly-cleared-linux-admin-test-engineer/job-471207/
Insight Global,476051,TOP SECRET TECHNICAL LEAD ENGINEERING SYSTEM,"Norfolk, Virginia",Top Secret,Contract-to-perm,"Dec 15, 2025",Battlefield Information Collection & Exploitation System,BICES,DoD,GDIT,"SPRINGFIELD, VIRGINIA",19AQMM18C0185,7,Medium,"Keywords: system, information; State: VA",https://insightglobal.com/jobs/find_a_job/virginia/norfolk/top-secret-technical-lead-engineering-system/job-476051/
Insight Global,480435,TOP SECRET SOFTWARE ENGINEER,"Washington, District Of Columbia",Top Secret,Contract,"Jan 08, 2026",Air Force Cyber Operations / Platform One + Cyber/DevSecOps Portfolio,Platform One / Cyber Portfolio,Air Force,SAIC; Leidos; CACI; Booz Allen Hamilton (aggregate DevSecOps/Cyber vendors supporting CSO & P1),"COLORADO SPRINGS, COLORADO",FA882316C0004,7,Medium,"Keywords: platform, operations; State: CO",https://insightglobal.com/jobs/find_a_job/district-of-columbia/washington/top-secret-software-engineer/job-480435/
Insight Global,476874,SECRET NON-DESTRUCTIVE TEST TECHNICIAN 2/3,"Palmdale, California",Secret,Contract-to-perm,"Dec 18, 2025",GBS (Global Broadcast Service),GBS,DISA,L3Harris (historical),"ANAHEIM, CALIFORNIA",N0003022C2001,7,Medium,"Keywords: service, global; State: CA",https://insightglobal.com/jobs/find_a_job/california/palmdale/secret-non-destructive-test-technician-2-3/job-476874/
Insight Global,456010,SECRET NETWORK ADMINISTRATOR II (WAN) (AFTERNOONS),"Montgomery, Alabama",Secret,Contract-to-perm,"Oct 15, 2025",Project Convergence (JADC2 Experiments),PC,Army,SAIC,"COLORADO SPRINGS, COLORADO",W15QKN19F1290,10,High,Acronym: PC,https://insightglobal.com/jobs/find_a_job/alabama/montgomery/secret-network-administrator-ii-wan-afternoons-/job-456010/
Insight Global,480030,SUPPLY CHAIN SYSTEMS ENGINEER,"Mclean, Virginia",,Perm,"Jan 07, 2026",Defense Enterprise Office 365 Migration / DoD365,DOD365,DISA,Microsoft,"MCLEAN, VIRGINIA",47QFCA22F0047,8,Medium,State: VA; City: MCLEAN,https://insightglobal.com/jobs/find_a_job/virginia/mclean/supply-chain-systems-engineer/job-480030/
Insight Global,479781,SCHEDULER,"Colorado Springs, Colorado",TS/SCI,Contract-to-perm,"Jan 07, 2026","EDIS – Engineering, Development, Integration & Sustainment",EDIS,Space Force,SAIC,"COLORADO SPRINGS, COLORADO",FA251822F0034,16,High,"Keywords: engineering, integration, sustainment; State: CO; City: COLORADO SPRINGS",https://insightglobal.com/jobs/find_a_job/colorado/colorado-springs/scheduler/job-479781/
Insight Global,464764,POWER PLATFORM DEVELOPER,"Alexandria, Virginia",Secret,Contract-to-perm,"Nov 06, 2025",Data Center & Cloud Optimization,DCCO,DHS,Peraton / Leidos (indicative),"MC LEAN, VIRGINIA",GST0011AJ0025,7,Medium,"Keywords: center, data; State: VA",https://insightglobal.com/jobs/find_a_job/virginia/alexandria/power-platform-developer/job-464764/
Insight Global,478959,TS/SCI ENGINEERING TECHNICIAN,"San Antonio, Texas",TS/SCI,Contract-to-perm,"Jan 06, 2026",Army AESD Enterprise Service Desk,AESD,Army,SAIC,"SAN ANTONIO, TEXAS",FA877319FA023,10,High,Keywords: service; State: TX; City: SAN ANTONIO,https://insightglobal.com/jobs/find_a_job/texas/san-antonio/ts-sci-engineering-technician/job-478959/
Insight Global,483058,SOFTWARE ENGINEER,"Dayton, Ohio",,Contract-to-perm,"Jan 15, 2026",Cloud One (USAF Cloud Program),Cloud One,Air Force,SAIC,"SAN ANTONIO, TEXAS",FA877319FA023,4,Low,"Keywords: program, cloud",https://insightglobal.com/jobs/find_a_job/ohio/dayton/software-engineer/job-483058/
Insight Global,483246,TSSCI TIER 1 NETWORK MONITOR (EAST COAST),"Hampton, Virginia",TS/SCI,Contract-to-perm,"Jan 15, 2026",Battlefield Information Collection & Exploitation System,BICES,DoD,GDIT,"SPRINGFIELD, VIRGINIA",19AQMM18C0185,7,Medium,"Keywords: system, information; State: VA",https://insightglobal.com/jobs/find_a_job/virginia/hampton/tssci-tier-1-network-monitor-east-coast-/job-483246/
Insight Global,480214,TS/SCI LOGISTICS SPECIALIST,"San Antonio, Texas",TS/SCI,Contract-to-perm,"Jan 08, 2026",Army AESD Enterprise Service Desk,AESD,Army,SAIC,"SAN ANTONIO, TEXAS",FA877319FA023,12,High,"Keywords: army, service; State: TX; City: SAN ANTONIO",https://insightglobal.com/jobs/find_a_job/texas/san-antonio/ts-sci-logistics-specialist/job-480214/
Insight Global,483336,TOP SECRET SPLUNK ENGINEER,"Vienna, Virginia",Top Secret,Contract,"Jan 15, 2026",Army Enterprise Service Management Framework,AESMF,Army,SAIC,"COLORADO SPRINGS, COLORADO",W15QKN19F1290,8,Medium,"Keywords: framework, service, enterprise",https://insightglobal.com/jobs/find_a_job/virginia/vienna/top-secret-splunk-engineer/job-483336/
Insight Global,478414,TOP SECRET AWS ENGINEER,"Vienna, Virginia",Top Secret Poly,Contract,"Jan 05, 2026",CMS Enterprise Cloud Infrastructure Services,ECIS,DoD,Peraton / SAIC (indicative),"HERNDON, VIRGINIA",47QFCA20F0015,9,Medium,"Keywords: infrastructure, cloud, services; State: VA",https://insightglobal.com/jobs/find_a_job/virginia/vienna/top-secret-aws-engineer/job-478414/
Insight Global,313138,ELECTRICAL ENGINEER,"Cockeysville, Maryland",Secret,Contract-to-perm,"Sep 25, 2023",Global Command and Control System – Joint (Variant),GCCS-J,DISA,Leidos,"FREDERICK, MARYLAND",HHSN261200800001E,9,Medium,"Keywords: system, control, global; State: MD",https://insightglobal.com/jobs/find_a_job/maryland/cockeysville/electrical-engineer/job-313138/
Insight Global,479108,TS/SCI PROGRAM MANAGER,"San Antonio, Texas",TS/SCI,Contract-to-perm,"Jan 06, 2026",Army AESD Enterprise Service Desk,AESD,Army,SAIC,"SAN ANTONIO, TEXAS",FA877319FA023,10,High,Keywords: service; State: TX; City: SAN ANTONIO,https://insightglobal.com/jobs/find_a_job/texas/san-antonio/ts-sci-program-manager/job-479108/
Insight Global,480003,TRANSPORTATION AND SHIPPING COORDINATOR,"Mclean, Virginia",,Perm,"Jan 07, 2026",Defense Enterprise Office 365 Migration / DoD365,DOD365,DISA,Microsoft,"MCLEAN, VIRGINIA",47QFCA22F0047,10,High,Keywords: office; State: VA; City: MCLEAN,https://insightglobal.com/jobs/find_a_job/virginia/mclean/transportation-and-shipping-coordinator/job-480003/
Insight Global,480203,TS/SCI CI POLY SOFTWARE ENGINEER,"Colorado Springs, Colorado",TS/SCI Poly,Contract,"Jan 08, 2026",Army Enterprise Service Management Framework,AESMF,Army,SAIC,"COLORADO SPRINGS, COLORADO",W15QKN19F1290,12,High,"Keywords: framework, service; State: CO; City: COLORADO SPRINGS",https://insightglobal.com/jobs/find_a_job/colorado/colorado-springs/ts-sci-ci-poly-software-engineer/job-480203/
Insight Global,461070,TS/SCI C++ SOFTWARE ENGINEER,"Redondo Beach, California",TS/SCI,Contract-to-perm,"Oct 28, 2025",Next-Gen OPIR (Ground + Payload),Next-Gen OPIR,Space Force,Northrop Grumman,"REDONDO BEACH, CALIFORNIA",FA881018C0006,10,High,Keywords: ground; State: CA; City: REDONDO BEACH,https://insightglobal.com/jobs/find_a_job/california/redondo-beach/ts-sci-c-software-engineer/job-461070/
Insight Global,478425,TS/SCI SYSTEM ADMINISTRATOR,"Grand Forks, North Dakota",TS/SCI,Contract-to-perm,"Jan 05, 2026",Global Network Operations (DISA GSM-O II),GSM-O II,DISA,Leidos,"HOUSTON, TEXAS",NNJ09HD46C,6,Medium,"Keywords: global, network, operations",https://insightglobal.com/jobs/find_a_job/north-dakota/grand-forks/ts-sci-system-administrator/job-478425/
Insight Global,481705,SYSTEMS ENGINEER - LEVEL 3,"Anaheim, California",Secret,"Contract,Perm Possible","Jan 12, 2026",GBS (Global Broadcast Service),GBS,DISA,L3Harris (historical),"ANAHEIM, CALIFORNIA",N0003022C2001,12,High,"Keywords: service, global; State: CA; City: ANAHEIM",https://insightglobal.com/jobs/find_a_job/california/anaheim/systems-engineer-level-3/job-481705/
Insight Global,464235,SR NETWORK DESIGN ENGINEER,"'Aiea, Hawaii",Secret,Contract-to-perm,"Nov 05, 2025",Global Network Operations (DISA GSM-O II),GSM-O II,DISA,Leidos,"HOUSTON, TEXAS",NNJ09HD46C,6,Medium,"Keywords: global, network, operations",https://insightglobal.com/jobs/find_a_job/hawaii/aiea/sr-network-design-engineer/job-464235/
Insight Global,481743,SECRET KNOWLEDGE MANAGEMENT SPECIALIST,"Suffolk, Virginia",Secret,Contract-to-perm,"Jan 12, 2026",Global Service Management – Operations II,GSM-O II,DISA,Leidos,"MORGANTOWN, WEST VIRGINIA",89243318CFE000003,8,Medium,"Keywords: service, global, operations",https://insightglobal.com/jobs/find_a_job/virginia/suffolk/secret-knowledge-management-specialist/job-481743/
Insight Global,479588,DATA ENGINEER,"Scott Air Force Base, Illinois",Top Secret,Contract-to-perm,"Jan 07, 2026",DIA Information Systems Engineering Office,ISEO,DIA,Leidos,"FREDERICK, MARYLAND",HHSN261200800001E,6,Medium,"Keywords: engineering, information, systems",https://insightglobal.com/jobs/find_a_job/illinois/scott-air-force-base/data-engineer/job-479588/
Insight Global,479717,SECRET NETWORK ADMINISTRATOR II (MIDNIGHTS),"Montgomery, Alabama",Secret,Contract-to-perm,"Jan 07, 2026",Project Convergence (JADC2 Experiments),PC,Army,SAIC,"COLORADO SPRINGS, COLORADO",W15QKN19F1290,10,High,Acronym: PC,https://insightglobal.com/jobs/find_a_job/alabama/montgomery/secret-network-administrator-ii-midnights-/job-479717/
Insight Global,483603,DATA ANALYST,"O'fallon, Illinois",Secret,Contract-to-perm,"Jan 16, 2026",NARSIL – Advanced Research for System Intelligence & Learning,NARSIL,IC,Peraton,"HERNDON, VIRGINIA",80GSFC19C0063,8,Medium,"Keywords: learning, research, advanced",https://insightglobal.com/jobs/find_a_job/illinois/ofallon/data-analyst/job-483603/
Insight Global,479003,FULL STACK ENGINEER,"Arlington, Virginia",TS/SCI,Contract-to-perm,"Jan 06, 2026",Army IT Enterprise Mgmt Systems Solution,ITEMSS,Army,CACI,"ARLINGTON, VIRGINIA",47QFRA19F0011,10,High,Keywords: systems; State: VA; City: ARLINGTON,https://insightglobal.com/jobs/find_a_job/virginia/arlington/full-stack-engineer/job-479003/
Insight Global,482779,PRE-DEPLOYMENT MANAGER,"Frederick, Maryland",,Contract,"Jan 14, 2026",DIA Information Systems Engineering Office,ISEO,DIA,Leidos,"FREDERICK, MARYLAND",HHSN261200800001E,16,High,"Keywords: engineering, office, information; State: MD; City: FREDERICK",https://insightglobal.com/jobs/find_a_job/maryland/frederick/pre-deployment-manager/job-482779/
Insight Global,477171,SOFTWARE ARCHITECT,"Alexandria, Virginia",Secret,Contract,"Dec 18, 2025",Air Force Advanced Battle Management System,ABMS,Air Force,"Multiple: SAIC, Leidos, Booz Allen Hamilton","HERNDON, VIRGINIA",36C10B21N10150056,7,Medium,"Keywords: system, management; State: VA",https://insightglobal.com/jobs/find_a_job/virginia/alexandria/software-architect/job-477171/
Insight Global,483240,TSSCI TIER 1 NETWORK MONITOR,"Beale AFB, California",TS/SCI,Contract-to-perm,"Jan 15, 2026",GBS (Global Broadcast Service),GBS,DISA,L3Harris (historical),"ANAHEIM, CALIFORNIA",N0003022C2001,7,Medium,"Keywords: service, global; State: CA",https://insightglobal.com/jobs/find_a_job/california/beale-afb/tssci-tier-1-network-monitor/job-483240/
Insight Global,477104,SHIPWRIGHT,"Kings Bay, Georgia",,Contract,"Dec 18, 2025",DISA Global Service Mgmt – Ops II,GSM-O II,DISA,Leidos,"MORGANTOWN, WEST VIRGINIA",89243318CFE000003,4,Low,"Keywords: service, global",https://insightglobal.com/jobs/find_a_job/georgia/kings-bay/shipwright/job-477104/
Insight Global,436063,PROJECT MANAGER,"Madison, Alabama",,Perm,"Aug 21, 2025",DIA Information Systems Engineering Office,ISEO,DIA,Leidos,"FREDERICK, MARYLAND",HHSN261200800001E,6,Medium,"Keywords: engineering, information, systems",https://insightglobal.com/jobs/find_a_job/alabama/madison/project-manager/job-436063/
Insight Global,296131,SECRET CLEARED SOLUTIONS ARCHITECT,"Saint Louis, Missouri",Secret,"Contract,Perm Possible","Jun 27, 2023",Global Solutions Management – Operations II,GSMO II,DISA,Leidos,"HOUSTON, TEXAS",NNJ09HD46C,6,Medium,"Keywords: global, management, solutions",https://insightglobal.com/jobs/find_a_job/missouri/saint-louis/secret-cleared-solutions-architect/job-296131/
Insight Global,461572,SENIOR INTEGRATION SPECIALIST,"Manassas, Virginia",Top Secret,Perm,"Oct 29, 2025",Data Center & Cloud Optimization,DCCO,DHS,Peraton / Leidos (indicative),"MC LEAN, VIRGINIA",GST0011AJ0025,9,Medium,"Keywords: center, data, cloud; State: VA",https://insightglobal.com/jobs/find_a_job/virginia/manassas/senior-integration-specialist/job-461572/
Insight Global,453512,SECRET APPLICATION DEVELOPER,"Fairfax, Virginia",Secret,Contract-to-perm,"Oct 09, 2025",Army IT Enterprise Mgmt Systems Solution,ITEMSS,Army,CACI,"ARLINGTON, VIRGINIA",47QFRA19F0011,9,Medium,"Keywords: enterprise, solution, systems; State: VA",https://insightglobal.com/jobs/find_a_job/virginia/fairfax/secret-application-developer/job-453512/
Insight Global,239458,EMBEDDED SOFTWARE ENGINEER,"Broomfield, Colorado",TS/SCI,Perm,"Nov 10, 2022","EDIS – Engineering, Development, Integration & Sustainment",EDIS,Space Force,SAIC,"COLORADO SPRINGS, COLORADO",FA251822F0034,7,Medium,"Keywords: engineering, development; State: CO",https://insightglobal.com/jobs/find_a_job/colorado/broomfield/embedded-software-engineer/job-239458/
Insight Global,483067,TSSCI CYBER ANALYST,"Hampton, Virginia",TS/SCI,Contract-to-perm,"Jan 15, 2026",Global Service Management – Operations II,GSM-O II,DISA,Leidos,"MORGANTOWN, WEST VIRGINIA",89243318CFE000003,8,Medium,"Keywords: service, global, operations",https://insightglobal.com/jobs/find_a_job/virginia/hampton/tssci-cyber-analyst/job-483067/
Insight Global,481235,ISSO- TOP SECRET- ON SITE,"Oakton, Virginia",Top Secret,Contract-to-perm,"Jan 12, 2026",Air Force Advanced Battle Management System,ABMS,Air Force,"Multiple: SAIC, Leidos, Booz Allen Hamilton","HERNDON, VIRGINIA",36C10B21N10150056,7,Medium,"Keywords: system, management; State: VA",https://insightglobal.com/jobs/find_a_job/virginia/oakton/isso-top-secret-on-site/job-481235/
Insight Global,481938,CYBER SECURITY ENGINEER,"Groton, Connecticut",,Contract-to-perm,"Jan 13, 2026",Army Enterprise Service Management Framework,AESMF,Army,SAIC,"COLORADO SPRINGS, COLORADO",W15QKN19F1290,9,Medium,"Keywords: service, enterprise, management; State: CO",https://insightglobal.com/jobs/find_a_job/connecticut/groton/cyber-security-engineer/job-481938/
Insight Global,479788,SAFETY ENGINEER,"El Segundo, California",TS/SCI,Contract-to-perm,"Jan 07, 2026",GBS (Global Broadcast Service),GBS,DISA,L3Harris (historical),"ANAHEIM, CALIFORNIA",N0003022C2001,7,Medium,"Keywords: service, global; State: CA",https://insightglobal.com/jobs/find_a_job/california/el-segundo/safety-engineer/job-479788/
Insight Global,483098,TSSCI CYBER CAPABILITIES TRAINER,"Hampton, Virginia",TS/SCI,Contract-to-perm,"Jan 15, 2026",Global Service Management – Operations II,GSM-O II,DISA,Leidos,"MORGANTOWN, WEST VIRGINIA",89243318CFE000003,6,Medium,"Keywords: service, global, operations",https://insightglobal.com/jobs/find_a_job/virginia/hampton/tssci-cyber-capabilities-trainer/job-483098/
Insight Global,479181,HARDWARE LAB STRING ENGINEER,"Woburn, Massachusetts",,Contract-to-perm,"Jan 06, 2026",Global Service Management – Operations II,GSM-O II,DISA,Leidos,"MORGANTOWN, WEST VIRGINIA",89243318CFE000003,8,Medium,"Keywords: service, global, operations",https://insightglobal.com/jobs/find_a_job/massachusetts/woburn/hardware-lab-string-engineer/job-479181/
Insight Global,479672,TS/SCI PROGRAM ADMINISTRATOR,"San Antonio, Texas",TS/SCI,Contract-to-perm,"Jan 07, 2026",Army AESD Enterprise Service Desk,AESD,Army,SAIC,"SAN ANTONIO, TEXAS",FA877319FA023,10,High,Keywords: service; State: TX; City: SAN ANTONIO,https://insightglobal.com/jobs/find_a_job/texas/san-antonio/ts-sci-program-administrator/job-479672/
Insight Global,479037,SUPPORT COUNSELOR,"Santa Cruz, California",,Perm,"Jan 06, 2026",GBS (Global Broadcast Service),GBS,DISA,L3Harris (historical),"ANAHEIM, CALIFORNIA",N0003022C2001,7,Medium,"Keywords: service, global; State: CA",https://insightglobal.com/jobs/find_a_job/california/santa-cruz/support-counselor/job-479037/
Insight Global,467119,"TOP SECRET FSR ANALYST (WASHINGTON, DC & FT. CAMPBELL, KY)","Washington, District Of Columbia",Top Secret,Contract,"Nov 13, 2025",Advanced Battle Management System,ABMS,Air Force,Multi (SAIC supports parts),"COLORADO SPRINGS, COLORADO",FA251822F0034,7,Medium,"Keywords: system, advanced; State: CO",https://insightglobal.com/jobs/find_a_job/district-of-columbia/washington/top-secret-fsr-analyst-washington-dc-ft-campbell-ky-/job-467119/
Insight Global,468922,SYSTEM ADMINISTRATOR II (BIG IP F5),"Montgomery, Alabama",Secret,Contract-to-perm,"Nov 19, 2025",Project Convergence (JADC2 Experiments),PC,Army,SAIC,"COLORADO SPRINGS, COLORADO",W15QKN19F1290,10,High,Acronym: PC,https://insightglobal.com/jobs/find_a_job/alabama/montgomery/system-administrator-ii-big-ip-f5-/job-468922/
Insight Global,478431,SECRET CLEARED WINDOWS AND LINUX ADMIN,"Pearl City, Hawaii",Secret,Contract-to-perm,"Jan 05, 2026",Advanced Battle Management System,ABMS,Air Force,Multi (SAIC supports parts),"COLORADO SPRINGS, COLORADO",FA251822F0034,6,Medium,"Keywords: system, advanced, management",https://insightglobal.com/jobs/find_a_job/hawaii/pearl-city/secret-cleared-windows-and-linux-admin/job-478431/
Insight Global,482651,UH-60 SHEET METAL AIRCRAFT MECHANIC IIII,"Meridianville, Alabama",Secret,Contract-to-perm,"Jan 14, 2026",DISA Global Service Mgmt – Ops II,GSM-O II,DISA,Leidos,"MORGANTOWN, WEST VIRGINIA",89243318CFE000003,4,Low,"Keywords: service, global",https://insightglobal.com/jobs/find_a_job/alabama/meridianville/uh-60-sheet-metal-aircraft-mechanic-iiii/job-482651/
Insight Global,402196,PROJECT CONTROLS,"Dhs, Virginia",Public Trust,Contract-to-perm,"Feb 12, 2025",Mission Partner Environment (Field Ops / MPCO),MPE / MPCO,Air Force,GDIT,"SPRINGFIELD, VIRGINIA",19AQMM18C0185,7,Medium,"Keywords: environment, field; State: VA",https://insightglobal.com/jobs/find_a_job/virginia/dhs/project-controls/job-402196/
Insight Global,474162,DEPUTY PROGRAM MANAGER,"Chambersburg, Pennsylvania",Secret,Perm,"Dec 08, 2025",Global Service Management – Operations II,GSM-O II,DISA,Leidos,"MORGANTOWN, WEST VIRGINIA",89243318CFE000003,8,Medium,"Keywords: service, global, operations",https://insightglobal.com/jobs/find_a_job/pennsylvania/chambersburg/deputy-program-manager/job-474162/
Insight Global,474958,"INFORMATION SYSTEM SECURITY MANAGER (ISSM) - WARREN, MICHIGAN","Sterling Heights, Michigan",,Contract-to-perm,"Dec 10, 2025",Global Service Management – Operations II,GSM-O II,DISA,Leidos,"MORGANTOWN, WEST VIRGINIA",89243318CFE000003,6,Medium,"Keywords: service, global, management",https://insightglobal.com/jobs/find_a_job/michigan/sterling-heights/information-system-security-manager-issm-warren-michigan/job-474958/
Insight Global,476039,AEROMECHANICAL ENGINEER,"Solana Beach, California",Secret,Contract,"Dec 15, 2025",GBS (Global Broadcast Service),GBS,DISA,L3Harris (historical),"ANAHEIM, CALIFORNIA",N0003022C2001,7,Medium,"Keywords: service, global; State: CA",https://insightglobal.com/jobs/find_a_job/california/solana-beach/aeromechanical-engineer/job-476039/
Insight Global,476770,CONSTRUCTION SURVEILLANCE TECHNICIAN (CST) I,"Wailuku, Hawaii",Top Secret,Perm,"Dec 17, 2025",DIA Information Systems Engineering Office,ISEO,DIA,Leidos,"FREDERICK, MARYLAND",HHSN261200800001E,4,Low,"Keywords: information, systems",https://insightglobal.com/jobs/find_a_job/hawaii/wailuku/construction-surveillance-technician-cst-i/job-476770/
Insight Global,482180,SR. SOFTWARE ENGINEER W/ POLYGRAPH,"Sully, Virginia",TS/SCI Poly,Perm,"Jan 13, 2026",CMS Enterprise Cloud Infrastructure Services,ECIS,DoD,Peraton / SAIC (indicative),"HERNDON, VIRGINIA",47QFCA20F0015,9,Medium,"Keywords: infrastructure, cloud, enterprise; State: VA",https://insightglobal.com/jobs/find_a_job/virginia/sully/sr-software-engineer-w-polygraph/job-482180/
Insight Global,477098,SHIPFITTER,"Kings Bay, Georgia",,Contract,"Dec 18, 2025",Global Service Management – Operations II,GSM-O II,DISA,Leidos,"MORGANTOWN, WEST VIRGINIA",89243318CFE000003,6,Medium,"Keywords: service, global, operations",https://insightglobal.com/jobs/find_a_job/georgia/kings-bay/shipfitter/job-477098/
Insight Global,483144,QUALITY ENGINEER,"Cleveland, Ohio",,Contract-to-perm,"Jan 15, 2026",DIA Information Systems Engineering Office,ISEO,DIA,Leidos,"FREDERICK, MARYLAND",HHSN261200800001E,6,Medium,"Keywords: engineering, information, systems",https://insightglobal.com/jobs/find_a_job/ohio/cleveland/quality-engineer/job-483144/
Insight Global,453521,SECRET SATELLITE SYSTEMS ENGINEER,"Grand Forks, North Dakota",Secret,Contract-to-perm,"Oct 09, 2025",DIA Information Systems Engineering Office,ISEO,DIA,Leidos,"FREDERICK, MARYLAND",HHSN261200800001E,6,Medium,"Keywords: engineering, information, systems",https://insightglobal.com/jobs/find_a_job/north-dakota/grand-forks/top-secret-satellite-systems-engineer/job-453521/
Insight Global,459677,TOP SECRET OPERATIONS SUPPORT ENGINEER,"Huntsville, Alabama",Top Secret,Contract,"Oct 24, 2025",Project Convergence (JADC2 Experiments),PC,Army,SAIC,"COLORADO SPRINGS, COLORADO",W15QKN19F1290,10,High,Acronym: PC,https://insightglobal.com/jobs/find_a_job/alabama/huntsville/top-secret-operations-support-engineer/job-459677/
Insight Global,479699,SECRET DATABASE ENGINEER,"Herndon, Virginia",Secret,Contract,"Jan 07, 2026",NARSIL – Advanced Research for System Intelligence & Learning,NARSIL,IC,Peraton,"HERNDON, VIRGINIA",80GSFC19C0063,18,High,"Keywords: learning, intelligence, research; State: VA; City: HERNDON",https://insightglobal.com/jobs/find_a_job/virginia/herndon/secret-database-engineer/job-479699/
Insight Global,436233,SECRET DATACENTER SME,"Suffolk, Virginia",Secret,Contract-to-perm,"Aug 20, 2025",CMS Enterprise Cloud Infrastructure Services,ECIS,DoD,Peraton / SAIC (indicative),"HERNDON, VIRGINIA",47QFCA20F0015,9,Medium,"Keywords: infrastructure, cloud, enterprise; State: VA",https://insightglobal.com/jobs/find_a_job/virginia/suffolk/secret-datacenter-sme/job-436233/
Insight Global,454385,"SECRET FSR ANALYST (CALIBAN: SAN FRANCISCO, CA; MIAMI, FL; JUNEAU, AK)","San Francisco, California",Secret,Contract,"Oct 12, 2025",Intelligence Systems Enterprise Operations,ISEO,DIA,Leidos,"FREDERICK, MARYLAND",HHSN261200800001E,8,Medium,"Keywords: intelligence, operations, enterprise",https://insightglobal.com/jobs/find_a_job/california/san-francisco/secret-fsr-analyst-washington-dc-/job-454385/
Insight Global,483590,AIR MOBILITY OPERATIONS SME,"O'fallon, Illinois",Top Secret,Contract-to-perm,"Jan 16, 2026",Global Service Management – Operations II,GSM-O II,DISA,Leidos,"MORGANTOWN, WEST VIRGINIA",89243318CFE000003,8,Medium,"Keywords: service, global, operations",https://insightglobal.com/jobs/find_a_job/illinois/ofallon/air-mobility-operations-sme/job-483590/
Insight Global,477769,ELECTRO-MECHANICAL ASSEMBLY TECHNICIAN,"San Diego, California",Secret,Contract-to-perm,"Dec 23, 2025",GBS (Global Broadcast Service),GBS,DISA,L3Harris (historical),"ANAHEIM, CALIFORNIA",N0003022C2001,7,Medium,"Keywords: service, global; State: CA",https://insightglobal.com/jobs/find_a_job/california/san-diego/electro-mechanical-assembly-technician/job-477769/
Insight Global,350529,SENIOR MECHANICAL EQUIPMENT & TOOL ENGINEER,"Seattle, Washington",Top Secret,"Contract,Perm Possible","Apr 10, 2024","EDIS – Engineering, Development, Integration & Sustainment",EDIS,Space Force,SAIC,"COLORADO SPRINGS, COLORADO",FA251822F0034,6,Medium,"Keywords: engineering, integration, development",https://insightglobal.com/jobs/find_a_job/washington/seattle/senior-mechanical-equipment-tool-engineer/job-350529/
Insight Global,475841,SUPERINTENDENT - MILCON,"Fort Bliss, Texas",Secret,Contract-to-perm,"Dec 15, 2025",Global Solutions Management – Operations II,GSMO II,DISA,Leidos,"HOUSTON, TEXAS",NNJ09HD46C,9,Medium,"Keywords: global, operations, solutions; State: TX",https://insightglobal.com/jobs/find_a_job/texas/fort-bliss/superintendent-milcon/job-475841/
Insight Global,479753,V-22 AIRCRAFT MAINTENANCE AND MODIFICATION TECHNICIAN,"San Diego, California",Secret,Contract,"Jan 07, 2026",GBS (Global Broadcast Service),GBS,DISA,L3Harris (historical),"ANAHEIM, CALIFORNIA",N0003022C2001,7,Medium,"Keywords: service, global; State: CA",https://insightglobal.com/jobs/find_a_job/california/san-diego/v-22-aircraft-maintenance-and-modification-technician/job-479753/
Insight Global,482139,SECRET LEAD F-16 SIMULATOR TECHNICIAN,"Sunset, Utah",Secret,Contract-to-perm,"Jan 13, 2026",Global Command and Control System – Joint,GCCS-J,DISA,Northrop Grumman,"ROY, UTAH",FA821920C0006,7,Medium,"Keywords: system, global; State: UT",https://insightglobal.com/jobs/find_a_job/utah/sunset/secret-lead-f-16-simulator-technician/job-482139/
Insight Global,460481,TS/SCI - SENIOR SURVIVABILITY ENGINEER,"Huntsville, Alabama",TS/SCI,Perm,"Oct 28, 2025",Aegis Ballistic Missile Defense / Aegis Program,Aegis,Navy,Lockheed Martin,"FORT WORTH, TEXAS",N0001917C0001,6,Medium,"Keywords: missile, program, defense",https://insightglobal.com/jobs/find_a_job/alabama/huntsville/ts-sci-senior-survivability-engineer/job-460481/
Insight Global,483792,SECRET SOFTWARE ENGINEER,"Colorado Springs, Colorado",Top Secret,Contract,"Jan 16, 2026","EDIS – Engineering, Development, Integration & Sustainment",EDIS,Space Force,SAIC,"COLORADO SPRINGS, COLORADO",FA251822F0034,14,High,"Keywords: engineering, integration, development; State: CO; City: COLORADO SPRINGS",https://insightglobal.com/jobs/find_a_job/colorado/colorado-springs/secret-software-engineer/job-483792/
Insight Global,314201,CLEARED ELECTRONIC WARFARE ENGINEER,"Manchester, New Hampshire",Top Secret,Perm,"Sep 29, 2023","EDIS – Engineering, Development, Integration & Sustainment",EDIS,Space Force,SAIC,"COLORADO SPRINGS, COLORADO",FA251822F0034,8,Medium,"Keywords: engineering, integration, sustainment",https://insightglobal.com/jobs/find_a_job/new-hampshire/manchester/cleared-electronic-warfare-engineer/job-314201/
Insight Global,455231,CYBER SYSTEMS & NETWORK OPERATIONS SPECIALIST- TS,"Lincoln, Massachusetts",Top Secret,Contract,"Oct 14, 2025","NGEN-R SMIT – Navy Next Generation Enterprise Network (Service Management, Integration & Transport)",NGEN-R SMIT,Navy,Leidos,"MORGANTOWN, WEST VIRGINIA",89243318CFE000003,10,High,"Keywords: integration, service, network",https://insightglobal.com/jobs/find_a_job/massachusetts/lincoln/cyber-systems-network-operations-specialist-ts/job-455231/
Insight Global,462446,SECRET AMPHIBIOUS RAIDS INSTRUCTOR,"Jacksonville, North Carolina",Secret,Perm,"Oct 31, 2025",GBS (Global Broadcast Service),GBS,DISA,L3Harris (historical),"ANAHEIM, CALIFORNIA",N0003022C2001,7,Medium,"Keywords: service, global; State: CA",https://insightglobal.com/jobs/find_a_job/north-carolina/jacksonville/secret-amphibious-raids-instructor/job-462446/
Insight Global,479658,TS/SCI SENIOR DEVSECOPS ENGINEER,"Hanahan, South Carolina",TS/SCI,Contract-to-perm,"Jan 07, 2026",GBS (Global Broadcast Service),GBS,DISA,L3Harris (historical),"ANAHEIM, CALIFORNIA",N0003022C2001,7,Medium,"Keywords: service, global; State: CA",https://insightglobal.com/jobs/find_a_job/south-carolina/hanahan/ts-sci-senior-devsecops-engineer/job-479658/
Insight Global,449101,CBP GCP PLATFORM ENGINEER (MID-LEVEL),"Broad Run, Virginia",Top Secret,Perm,"Sep 26, 2025",CMS Enterprise Cloud Infrastructure Services,ECIS,DoD,Peraton / SAIC (indicative),"HERNDON, VIRGINIA",47QFCA20F0015,9,Medium,"Keywords: infrastructure, cloud, services; State: VA",https://insightglobal.com/jobs/find_a_job/virginia/broad-run/cbp-gcp-platform-engineer-mid-level-/job-449101/
Insight Global,437999,TS/SCI - GCCS SYSTEMS ENGINEER,"Colorado Springs, Colorado",TS/SCI,Contract-to-perm,"Aug 04, 2025","EDIS – Engineering, Development, Integration & Sustainment",EDIS,Space Force,SAIC,"COLORADO SPRINGS, COLORADO",FA251822F0034,12,High,"Keywords: sustainment, development; State: CO; City: COLORADO SPRINGS",https://insightglobal.com/jobs/find_a_job/colorado/colorado-springs/ts-sci-gccs-systems-engineer/job-437999/
Insight Global,476933,TOP SECRET ELECTRONICS EXPLOITATION DEPLOYER,"Aberdeen Proving Ground, Maryland",TS/SCI,Contract-to-perm,"Dec 18, 2025",DISA JWCC – Joint Warfighting Cloud Capability,JWCC,DISA,Amazon; Microsoft; Google; Oracle,"ABERDEEN PROVING GROUND, MARYLAND",W91CRB20F0448,8,Medium,State: MD; City: ABERDEEN PROVING GROUND,https://insightglobal.com/jobs/find_a_job/maryland/aberdeen-proving-ground/top-secret-electronics-exploitation-deployer/job-476933/
Insight Global,453153,ELECTRICAL ENGINEER 4,"Tucson, Arizona",Secret,Contract,"Oct 08, 2025",Integrated Digital Engineering Environment,IDEE,Air Force,Northrop Grumman,"ROY, UTAH",FA821920C0006,8,Medium,"Keywords: engineering, environment, integrated",https://insightglobal.com/jobs/find_a_job/arizona/tucson/electrical-engineer-4/job-453153/
Insight Global,478759,CAPTURE MANAGER,"Huntsville, Alabama",Secret,Contract-to-perm,"Jan 05, 2026",Global Service Management – Operations II,GSM-O II,DISA,Leidos,"MORGANTOWN, WEST VIRGINIA",89243318CFE000003,8,Medium,"Keywords: service, global, operations",https://insightglobal.com/jobs/find_a_job/alabama/huntsville/capture-manager/job-478759/
Insight Global,481972,SECRET NETWORK ENGINEER,"Fairfax, Virginia",Secret,Contract-to-perm,"Jan 13, 2026","NGEN-R SMIT – Navy Next Generation Enterprise Network (Service Management, Integration & Transport)",NGEN-R SMIT,Navy,Leidos,"MORGANTOWN, WEST VIRGINIA",89243318CFE000003,10,High,"Keywords: next, generation, service",https://insightglobal.com/jobs/find_a_job/virginia/fairfax/secret-network-engineer/job-481972/
Insight Global,476455,COLDFUSION DEVELOPER,"New York, New York",,Contract-to-perm,"Dec 17, 2025",Global Service Management – Operations II,GSM-O II,DISA,Leidos,"MORGANTOWN, WEST VIRGINIA",89243318CFE000003,6,Medium,"Keywords: service, global, management",https://insightglobal.com/jobs/find_a_job/new-york/new-york/coldfusion-developer/job-476455/
Insight Global,476549,CNC PROGRAMMER,"Jacksonville, Florida",,Contract,"Dec 17, 2025",Advanced Medium-Range Air-to-Air Missile (AMRAAM) Production & Sustainment,AMRAAM,Air Force,Raytheon,"ANDOVER, MASSACHUSETTS",W31P4Q15C0022,4,Low,"Keywords: production, range",https://insightglobal.com/jobs/find_a_job/florida/jacksonville/cnc-programmer/job-476549/
Insight Global,479258,JUNIOR NUCLEAR HARDNESS ELECTRICAL ENGINEER,"Hill AFB, Utah",Secret,Contract,"Jan 06, 2026",SPICE (Space Payload Integration & Cyber Eng),SPICE,Space Force,SAIC / LinQuest (indicative),"SAN ANTONIO, TEXAS",FA877319FA023,14,High,"Acronym: SPICE; Keywords: spice, integration",https://insightglobal.com/jobs/find_a_job/utah/hill-afb/junior-nuclear-hardness-electrical-engineer/job-479258/
Insight Global,477425,SIMULATION SYSTEMS ENGINEER II,"Suffolk, Virginia",,Contract-to-perm,"Dec 19, 2025",NARSIL – Advanced Research for System Intelligence & Learning,NARSIL,IC,Peraton,"HERNDON, VIRGINIA",80GSFC19C0063,11,High,"Keywords: learning, research, system; State: VA",https://insightglobal.com/jobs/find_a_job/virginia/suffolk/simulation-systems-engineer-ii/job-477425/
Insight Global,426530,CLEARED GNC SR. PRINCIPAL ENGINEER,"Chandler, Arizona",,Contract-to-perm,"Jun 25, 2025",Hypersonic & Ballistic Tracking Space Sensor,HBTSS,MDA,Northrop & L3Harris (co-primes),"CHANDLER, ARIZONA",HQ085621C0003,14,High,"Keywords: hypersonic, space, tracking; State: AZ; City: CHANDLER",https://insightglobal.com/jobs/find_a_job/arizona/chandler/cleared-gnc-sr-principal-engineer/job-426530/
Insight Global,434176,SECRET CLEARED TECHNICAL WRITER,"San Diego, California",Secret,Perm,"Aug 11, 2025",GBS (Global Broadcast Service),GBS,DISA,L3Harris (historical),"ANAHEIM, CALIFORNIA",N0003022C2001,7,Medium,"Keywords: service, global; State: CA",https://insightglobal.com/jobs/find_a_job/california/san-diego/secret-cleared-technical-writer/job-434176/
Insight Global,471236,ONSITE PLM APPLICATION ANALYST,"East Hartford, Connecticut",,Perm,"Nov 25, 2025",Advanced Battle Management System,ABMS,Air Force,Multi (SAIC supports parts),"COLORADO SPRINGS, COLORADO",FA251822F0034,7,Medium,"Keywords: system, advanced; State: CO",https://insightglobal.com/jobs/find_a_job/connecticut/east-hartford/onsite-plm-application-analyst/job-471236/
Insight Global,480870,TOP SECRET .NET DEVELOPER,"Ashburn, Virginia",Top Secret,Contract-to-perm,"Jan 09, 2026",Army IT Enterprise Mgmt Systems Solution,ITEMSS,Army,CACI,"ARLINGTON, VIRGINIA",47QFRA19F0011,7,Medium,"Keywords: solution, systems; State: VA",https://insightglobal.com/jobs/find_a_job/virginia/ashburn/top-secret-net-developer/job-480870/
Insight Global,447457,TS/SCI COMPLY-TO-CONNECT & ENDPOINT POLICY ANALYST,"Alexandria, Virginia",TS/SCI,Contract-to-perm,"Sep 23, 2025",Air Force Advanced Battle Management System,ABMS,Air Force,"Multiple: SAIC, Leidos, Booz Allen Hamilton","HERNDON, VIRGINIA",36C10B21N10150056,9,Medium,"Keywords: force, system, management; State: VA",https://insightglobal.com/jobs/find_a_job/virginia/alexandria/ts-sci-comply-to-connect-endpoint-policy-analyst/job-447457/
