Program Name,Prime Contractor,Key Locations,Clearance Requirements,Typical Roles,Job Titles,Tech Stack,Functional Areas
16th Air Force Mission IT Support,ManTech,Lackland TX; Eglin/Tyndall FL; Nellis NV; Hill UT,"Secret, TS/SCI","Mission help desk, Software support techs, Cyber ops, EW techs",Mission help desk; Software support techs; Cyber ops; EW techs,AI,Software Development; IT Operations; Cybersecurity
53rd Air Wing IT/EW Support,"SAIC / Leidos (indicative, not confirmed)","Eglin AFB FL; Nellis AFB NV; Hill AFB UT (53rd EW Group, Test & Evaluation)","Secret, TS/SCI",Cybersecurity engineers; EW engineers; Spectrum operations; Software test engineers; Range IT/mission support techs; Data analysts; Systems engineers (EW/cyber test); Network engineers,Cybersecurity engineers; EW engineers; Spectrum operations; Software test engineers; Range IT/mission support techs; Data analysts; Systems engineers (EW/cyber test); Network engineers,AI; cybersecurity; network,Data Analytics; Software Development; Cybersecurity
Advanced Battle Management System,Multi (SAIC supports parts),"Eglin AFB, FL; Hanscom AFB, MA","Secret, Top Secret",AUSA Modernization Portfolios (aggregate),AUSA Modernization Portfolios (aggregate),network,
Advanced Medium-Range Air-to-Air Missile (AMRAAM) Production & Sustainment,Raytheon,Tucson AZ (Raytheon missile facilities); additional supplier sites across U.S. and allied nations,"Secret, Top Secret",Missile engineers; systems engineers; guidance and control engineers; hardware/electronics engineers; test engineers; production engineering staff; configuration and quality engineers,Missile engineers; systems engineers; guidance and control engineers; hardware/electronics engineers; test engineers; production engineering staff; configuration and quality engineers,AI,Logistics
Aegis Ballistic Missile Defense / Aegis Program,Lockheed Martin,"Aegis ashore and afloat sites; e.g., Aurora CO; Huntsville AL; shipyards","Secret, TS/SCI",Advanced Battle Management System,Advanced Battle Management System,,
AF National Capital Region IT Support (AFNCR),Leidos (historical incumbent),Pentagon; Joint Base Andrews (JBA),Secret,Desktop support; network operations; service desk; infrastructure techs; VIP support,Desktop support; network operations; service desk; infrastructure techs; VIP support,network,IT Operations
AFCENT SCORPION Cyber Task (ISSO/ISSM Support),CACI,,"Secret, TS/SCI",Information System Security Officers (ISSO); Information System Security Managers (ISSM); Cyber manager/lead; potential supporting cyber analysts and RMF documentation staff,Information System Security Officers (ISSO); Information System Security Managers (ISSM); Cyber manager/lead; potential supporting cyber analysts and RMF documentation staff,,Cybersecurity
Air Force Advanced Battle Management System,"Multiple: SAIC, Leidos, Booz Allen Hamilton","Eglin AFB, FL; Hanscom AFB, MA","Secret, Top Secret",Air & Space Cyber Conference Programs,Air & Space Cyber Conference Programs,AI,Cybersecurity
Air Force Cyber Operations / Platform One + Cyber/DevSecOps Portfolio,SAIC; Leidos; CACI; Booz Allen Hamilton (aggregate DevSecOps/Cyber vendors supporting CSO & P1),San Antonio TX; Colorado Springs CO; remote DevSecOps hubs,"Secret, TS/SCI",DevSecOps engineers; software developers; cloud engineers; Zero Trust engineers; Agile software factory personnel,DevSecOps engineers; software developers; cloud engineers; Zero Trust engineers; Agile software factory personnel,DevSecOps; AI; cloud; Zero Trust; Platform One; Cloud One,Software Development; Cloud Services; Cybersecurity
Air Force GIS Program (Lockheed Martin),Lockheed Martin,AFLCMC (multiple program offices),Secret,GIS engineers; geospatial analysts; systems integrators,GIS engineers; geospatial analysts; systems integrators,AI,
Air Force Platform One / DevSecOps Initiative,USAF (Internal),San Antonio TX; Colorado Springs CO,"Secret, Top Secret",DevSecOps engineers; cloud engineers; CI/CD architects,DevSecOps engineers; cloud engineers; CI/CD architects,DevSecOps; AI; cloud; Zero Trust; Platform One; CI/CD,Cloud Services
ARCYBER Information Advantage / Mission Support (general),Peraton / others (Peraton lead on ARCYBER Information Advantage Enterprise line; additional primes on related work),"Fort Eisenhower GA (ARCYBER HQ); additional locations including Fort Meade MD, Pentagon/NCR, and distributed cyber units as required by task orders","Polygraph, Secret, TS/SCI, TS/SCI w/ Poly, Top Secret",Cyber operators; hunt/defend teams; EW and IO planners; cyber intel analysts; mission planners; developers/engineers for cyber tools; strategy/policy analysts; training and exercise support; project/program managers,Cyber operators; hunt/defend teams; EW and IO planners; cyber intel analysts; mission planners; developers/engineers for cyber tools; strategy/policy analysts; training and exercise support; project/program managers,AI,Cybersecurity
Army “Project Convergence”,SAIC,Secret,Top Secret,“AI/automation experimentation”; “JADC2 exercises”,“AI/automation experimentation”; “JADC2 exercises”,AI,
Army AESD Enterprise Service Desk,SAIC,Fort Liberty NC; Fort Sam Houston TX,Secret,Helpdesk agents; desktop techs; Tier 1–2 enterprise IT support,Helpdesk agents; desktop techs; Tier 1–2 enterprise IT support,AI,
Army ALTESS Cloud Hosting,Leidos,Radford VA; Fort Belvoir VA,Secret,Cloud/ERP admins; system administrators; cybersecurity staff,Cloud/ERP admins; system administrators; cybersecurity staff,cloud; cybersecurity,Cloud Services; Cybersecurity; IT Operations
Army AvMC Enterprise IT Support,IPTA (SDVOSB),Redstone Arsenal AL,Secret,Help desk; sysadmins; network operations; user support; IT ops,Help desk; sysadmins; network operations; user support; IT ops,network,IT Operations
Army AvMC Enterprise IT Support Services,IPTA (SDVOSB),Redstone Arsenal / Huntsville AL,Secret,Help desk; systems & network admin; cyber analyst; asset management,Help desk; systems & network admin; cyber analyst; asset management,network,IT Operations; Cybersecurity
Army Backbone Infrastructure Modernization – Task Order 2,CACI,Secret → TS/SCI,Secret,“CACI BIM TO2 Wireless Network Engineer – OCONUS”,“CACI BIM TO2 Wireless Network Engineer – OCONUS”,network,Data Analytics; IT Operations
Army Backbone Infrastructure Modernization – Task Order 3,CACI,TS/SCI,Secret,“CACI BIM TO3 – Network Operations Engineer TS/SCI”,“CACI BIM TO3 – Network Operations Engineer TS/SCI”,network,Data Analytics; IT Operations
Army Enterprise Service Desk,SAIC,24×7 CONUS call centers; virtual & global remote support,"Public Trust, Secret",Tier 1–2 support; ITSM/ServiceNow; sysadmin overflow; identity/account support,Tier 1–2 support; ITSM/ServiceNow; sysadmin overflow; identity/account support,ServiceNow,
Army Enterprise Service Management Framework,SAIC,Secret / TS,Secret,"“AESMF, ITIL, Army, Adelphi/Aberdeen, 24×7”",“AESMF; ITIL; Army; Adelphi/Aberdeen; 24×7”,,IT Operations
Army Futures Command – Project Convergence,SAIC (major integrator; autonomy & AI work),Secret,Top Secret,“AI/autonomy experiments”; “Project Convergence”,“AI/autonomy experiments”; “Project Convergence”,AI,
Army Integrated Battle Command System,Northrop Grumman,Huntsville AL; Fort Sill OK; distributed test ranges,"Secret, Top Secret",Systems engineers; radar engineers; C2 software developers; missile integration engineers,Systems engineers; radar engineers; C2 software developers; missile integration engineers,,Software Development; Systems Engineering
Army Integrated Battle Command System Support,Northrop Grumman (prime); CACI (support),Huntsville AL; White Sands NM; Fort Bliss TX,"Secret, Top Secret",Systems Integration; Test; SW Eng,Systems Integration; Test; SW Eng,,Systems Engineering
Army IT Enterprise Mgmt Systems Solution,CACI,Arlington VA; Springfield VA; National Guard sites nationwide,"Public Trust, Secret",Agile software developers; cybersecurity engineers; trainers; distance-learning and ERP support,Agile software developers; cybersecurity engineers; trainers; distance-learning and ERP support,AI; cybersecurity; network,Software Development; Cybersecurity
Army IT Enterprise Solutions – 3 Services,135 awardees,Army / DoD enterprise-wide,Secret,NetOps; cyber; software engineering; help desk; IT support; cloud & modernization services,NetOps; cyber; software engineering; help desk; IT support; cloud & modernization services,cloud,Software Development; Cloud Services; Cybersecurity; IT Operations
Army ITES-3S,135 primes,Army-wide,Secret,Help desk; network ops; cyber analysts; field IT technicians,Help desk; network ops; cyber analysts; field IT technicians,network,IT Operations; Cybersecurity
Army Missile & Space R&D Support (Huntsville),Dynetics; Northrop teams,Huntsville AL,Secret,SW engineers; electrical engineers; full-stack developers; test engineers,SW engineers; electrical engineers; full-stack developers; test engineers,,
Army Next-Gen C2 Prototype,Anduril,Fort Irwin test sites,Secret,Data mesh engineers; edge app developers; AI/ML integration engineers,Data mesh engineers; edge app developers; AI/ML integration engineers,AI; ML,Data Analytics; Systems Engineering
Army Research Lab / Adelphi Labs,SAIC,Secret,Secret,“Adelphi desk ops… backfill gaps… 24×7… Tier-2/3… ServiceNow”,“Adelphi desk ops… backfill gaps… 24×7… Tier-2/3… ServiceNow”,ServiceNow,IT Operations
Army Responsive Strategic Sourcing for Services,261 primes,CONUS/OCONUS,Secret,C4ISR engineering; IT; logistics,C4ISR engineering; IT; logistics,,Logistics
Army RS3 (Expanded PEO EIS Listing),"Multiple (Belcan, SAIC, many)",U.S. Army CONUS/OCONUS,Secret,Engineering services; IT; logistics; training; program support,Engineering services; IT; logistics; training; program support,AI,Logistics
Army RS3 (Primary Listing),"261 primes (65 large, 196 small)",Army & DoD (CONUS/OCONUS),Secret,C4ISR engineers; analysts; IT support; program staff,C4ISR engineers; analysts; IT support; program staff,,
Army Test & Evaluation Command,Multiple,APG / Yuma / other ranges,Secret,Test engineers; instrumentation support; analysts,Test engineers; instrumentation support; analysts,,
ARNG G-2 Intelligence IT Support,SAIC,"Guard intel sites (e.g., Fort Belvoir)",TS/SCI,ARCYBER Information Advantage Enterprise,ARCYBER Information Advantage Enterprise,,Cybersecurity
AUSA Modernization Portfolios (aggregate),Multiple primes (see rows),Redstone AL; Fort Sill OK; Detroit Arsenal MI; APG MD; Fort Benning GA,"Secret, Top Secret",ASA(ALT) CITRA Enterprise IT Program,ASA(ALT) CITRA Enterprise IT Program,,
AvMC Enterprise IT Support Services,IPTA,Secret (assumed),Secret,“PTS placed cleared admins at Redstone”,“PTS placed cleared admins at Redstone”,,IT Operations
Basic Ordering Agreement – Surge Staffing,Northrop Grumman,Roy UT; Colorado Springs CO; Hill AFB UT,Secret,ISSOs; DevOps engineers; testers; logistics staff,ISSOs; DevOps engineers; testers; logistics staff,,Software Development; Logistics; Cybersecurity
Basic Ordering Agreement (Lockheed Martin),Lockheed Martin,Various locations,Secret,Varies,Varies,,
Basic Ordering Agreement (NG BOA),Northrop Grumman,"Roy, UT; Hill AFB; Colorado Springs, CO",Secret,"ISSOs, Testers, DevOps, Logistics",ISSOs; Testers; DevOps; Logistics,,Software Development; Logistics; Cybersecurity
Basic Ordering Agreement (NG Staff Augmentation),Northrop Grumman,Roy UT; Colorado Springs CO; Hill AFB UT,"Secret, Top Secret",ISSOs; testers; DevOps engineers; logistics support staff,ISSOs; testers; DevOps engineers; logistics support staff,,Software Development; Logistics; Cybersecurity
Basic Ordering Agreement Support (Northrop Surge),Northrop Grumman,Roy UT; Colorado Springs CO; Hill AFB UT,"Secret, Top Secret",ISSOs; testers; DevOps engineers,ISSOs; testers; DevOps engineers,,Software Development; Logistics; Cybersecurity
Battlefield Info Collection & Exploitation System (BICES-X),GDIT (incumbent pre-MPE),Worldwide coalition networks,"Secret, TS/SCI",Multilingual service desk; cross-domain IT; coalition network support,Multilingual service desk; cross-domain IT; coalition network support,AI; network,Data Analytics
Battlefield Information Collection & Exploitation System,GDIT,Norfolk VA; Tampa FL; Doral FL; EU sites,TS/SCI,Senior network engineers; Linux admins; ServiceNow architects,Senior network engineers; Linux admins; ServiceNow architects,ServiceNow; network,
BICES Defense Intelligence Agency Variant,CACI + Leidos + Peraton + SAIC (various subs),Offutt AFB; RAF Molesworth,TS/SCI,Network engineers; sysadmins; cyber analysts,Network engineers; sysadmins; cyber analysts,network,Data Analytics; Cybersecurity
BICES-X / Mission Partner Environment,GDIT,EUCOM / CENTCOM / PACOM nodes,"Secret, TS/SCI",Coalition IT O&M; CDS support,Coalition IT O&M; CDS support,,Data Analytics
BOA (General Staff Augmentation),Northrop Grumman,Roy UT; Colorado Springs CO; Hill AFB,Secret,ISSOs; testers; DevOps; logistics,ISSOs; testers; DevOps; logistics,,Software Development; Logistics; Cybersecurity
BOA (Northrop Surge),Northrop Grumman,Roy UT; Colorado Springs CO; Hill AFB,"Secret, Top Secret",ISSOs; testers; DevOps engineers; logistics,ISSOs; testers; DevOps engineers; logistics,,Software Development; Logistics; Cybersecurity
Business Operations & Analytics,Northrop Grumman,Roy UT; Hill AFB UT; Colorado Springs CO,"Secret, Top Secret",ISSOs; DevOps; testers; logistics analysts,ISSOs; DevOps; testers; logistics analysts,,Data Analytics; Software Development; Logistics; Cybersecurity
"C2BMC (Command & Control, Battle Mgmt, Comms)",Lockheed Martin,Colorado Springs; Huntsville AL,TS/SCI,Software engineers; missile defense integrators; C2 / BMC3 engineers,Software engineers; missile defense integrators; C2 / BMC3 engineers,,Software Development
CAAC (Peraton),Peraton,Secret,Secret,“CAAC-PERATON”,“CAAC-PERATON”,,IT Operations
CAMMO (AF Satellite Control Network O&M),CACI,Worldwide SATCOM tracking stations,"Secret, TS/SCI",RF techs; schedulers; network ops; SATCOM operators,RF techs; schedulers; network ops; SATCOM operators,network,IT Operations
CBP Enterprise IT Support,Peraton,CBP sites nationwide,"Public Trust, Secret",IT/cyber support staff; network engineers; help desk,IT/cyber support staff; network engineers; help desk,network,IT Operations; Cybersecurity
CBP Traveler Processing & Vetting / BISS,ManTech (TPVS/BISS); CACI (BISS follow-on),TS (some SCI),"TS/SCI, Top Secret",“ManTech Data Scientist SME… TPVS/BISS… Ashburn”,“ManTech Data Scientist SME… TPVS/BISS… Ashburn”,,Data Analytics; IT Operations
CDAO Advanced AI Tools (Scale AI OTA),Scale AI,DoD secure enclaves,TS/SCI,ML engineers; data labeling teams; AI DevOps,ML engineers; data labeling teams; AI DevOps,AI; ML,Data Analytics; Software Development
CENTCOM Comms Tech Support V,GovCIO (Salient CRGT),20 countries (SW Asia AOR),"Secret, Top Secret",Deployable comms techs; RF engineers; SATCOM; network admins,Deployable comms techs; RF engineers; SATCOM; network admins,network,
CENTCOM Enterprise IT Modernization,GDIT,MacDill AFB; CENTCOM sites OCONUS,"Secret, Top Secret",Cloud architects; cyber engineers; legacy IT sustainment,Cloud architects; cyber engineers; legacy IT sustainment,AI; cloud,Cloud Services; Logistics; Cybersecurity
CISA Enterprise Support (CACI),CACI,NCR,Secret,Cybersecurity; IT ops support,Cybersecurity; IT ops support,cybersecurity,IT Operations; Cybersecurity
Cloud One,SAIC,Hanscom AFB; remote,Secret,Cloud engineers; DevSecOps; cyber,Cloud engineers; DevSecOps; cyber,DevSecOps; AWS; cloud; Azure; Cloud One,Cloud Services; Cybersecurity
Cloud One (USAF Cloud Program),SAIC,Hanscom AFB; remote,Secret,Cloud engineers; DevSecOps,Cloud engineers; DevSecOps,DevSecOps; cloud; Cloud One,Cloud Services
CMMARS (Navy Rapid C5ISR),Multiple,NAVWAR,Secret,Rapid C5ISR engineering; prototyping; integration,Rapid C5ISR engineering; prototyping; integration,,Systems Engineering
CMS Enterprise Cloud Infrastructure Services,Peraton / SAIC (indicative),CMS,Public Trust,Cloud engineers; cloud ops,Cloud engineers; cloud ops,cloud,Cloud Services
"Command & Control, Battle Mgmt & Comms (MDA) – Secondary Row",Northrop Grumman,Colorado Springs; Huntsville,"Secret, TS/SCI",SW engineers; network engineers; cyber engineers,SW engineers; network engineers; cyber engineers,network,Software Development; Cybersecurity
"Command & Control, Battle Mgmt & Comms",Lockheed Martin,Huntsville / Schriever,"Secret, TS/SCI","C2 SW, integration",C2 SW; integration,,Systems Engineering
"Command and Control, Battle Management & Communications (MDA)",Northrop Grumman,Colorado Springs CO; Huntsville AL,"Secret, TS/SCI",Software engineers; network engineers; cyber engineers,Software engineers; network engineers; cyber engineers,network,Data Analytics; Software Development; Cybersecurity
"Command and Control, Battle Management, Communications",Lockheed Martin,Colorado Springs CO; Huntsville AL (indicative),"Secret, TS/SCI",Systems engineers; software development/test; network engineers,Systems engineers; software development/test; network engineers,network,Software Development
Common Open Operational Launch Range,Lockheed Martin (indicative),Ranges (test ranges),Secret,C2 / Range software engineers,C2 / Range software engineers,,Software Development
Comms Technical Support V,GovCIO (Salient CRGT),SW Asia AOR + MacDill AFB reach-back,"Secret, Top Secret",Deployed comms techs; network eng; IT O&M technicians,Deployed comms techs; network eng; IT O&M technicians,network,
Consolidated AFSCN Mod & Ops,CACI (via L-3 NSS acquisition),"Schriever SFB CO; worldwide tracking stations (HI, DG, UK)","Secret, Top Secret",Satellite tracking ops; RF techs; network engineers,Satellite tracking ops; RF techs; network engineers,network,
Consolidated AFSCN Mod & Ops – Secondary Row,CACI,Schriever SFB; worldwide tracking,"Secret, Top Secret",Satellite controllers; RF techs; network ops,Satellite controllers; RF techs; network ops,network,IT Operations
Conventional Prompt Strike,Lockheed Martin,Fleet & Army strategic sites,"Secret, Top Secret",Hypersonic engineers; test engineers; flight test support,Hypersonic engineers; test engineers; flight test support,,
CTSS V (Expanded Listing),GovCIO,Qatar; Kuwait; Bahrain; Iraq; etc.,"Secret, Top Secret",Comms techs; RF; SATCOM; network administrators,Comms techs; RF; SATCOM; network administrators,network,
Data Center & Cloud Optimization,Peraton / Leidos (indicative),NCR,"Public Trust, Secret",Cloud ops; DC ops,Cloud ops; DC ops,cloud,Data Analytics; Cloud Services
DC3 – Defense Cyber Crime Center,Peraton,Linthicum MD,TS/SCI,Forensics; malware; cyber intel,Forensics; malware; cyber intel,,Cybersecurity
DC3 Cyber Crime Center – Secondary Row,Peraton,TS/SCI,Secret,“DC3 forensics”,“DC3 forensics”,,Cybersecurity
Defense Cyber Crime Center,Peraton,Linthicum MD,TS/SCI,Digital forensics; malware analysis; cyber investigators,Digital forensics; malware analysis; cyber investigators,,Cybersecurity
Defense Enclave Services,Leidos,Fort Belvoir VA (HQ),Secret,Systems engineers; IT support; service desk; NOC staff,Systems engineers; IT support; service desk; NOC staff,,
Defense Enclave Services – Fourth Estate IT Consolidation,Leidos,Fort Meade MD; Fort Belvoir VA; Columbus OH; Philadelphia PA,Secret,Migration engineers; service desk; deskside support; floor-walkers; NOC/enterprise support,Migration engineers; service desk; deskside support; floor-walkers; NOC/enterprise support,,Cloud Services
Defense Enclave Services (DoDNet),Leidos,Fort Belvoir; multiple 4th Estate bases,"Secret, Top Secret",Help desk; sysadmin; network/security ops,Help desk; sysadmin; network/security ops,network,IT Operations; Cybersecurity
Defense Enterprise Office 365 Migration / DoD365,Microsoft,Crystal City VA; remote,Secret,O365 admins; migration leads; help desk; Teams/Exchange engineers,O365 admins; migration leads; help desk; Teams/Exchange engineers,cloud,IT Operations; Cloud Services
Defense Enterprise Office Solutions,CSRA / Leidos (team),DoD & federal offices CONUS/OCONUS,"Public Trust, Secret, Top Secret",O365/Teams engineers; cloud architects; UC engineers; enterprise email support,O365/Teams engineers; cloud architects; UC engineers; enterprise email support,AI; cloud,Cloud Services; Program Management
Defense Health Agency Desktop to Datacenter,GDIT,San Antonio TX; NCR; Hawaii,Secret,Desktop support; help desk; sysadmin; endpoint engineers,Desktop support; help desk; sysadmin; endpoint engineers,,Data Analytics; IT Operations
Defense Health Agency Modernization / MHS GENESIS,Leidos,San Antonio TX; Falls Church VA,"Public Trust, Secret",Healthcare IT engineers; systems analysts; clinical/tech integration roles,Healthcare IT engineers; systems analysts; clinical/tech integration roles,,Systems Engineering
Defense Logistics Agency – J6 Enterprise Technology Services,Multiple (IDIQ pool),Secret (indicative),Secret,“DLA JETS”,“DLA JETS”,,IT Operations; Logistics
Defense Satellite Communications Modernization,CACI,Colorado Springs; Fort Meade,Secret,SATCOM RF engineers; network engineers,SATCOM RF engineers; network engineers,network,
DFAS Enterprise IT Support – Secondary Row,Peraton,DFAS nationwide,Public Trust,Financial IT; ERP modernization,Financial IT; ERP modernization,,
DFAS Enterprise Support,Peraton,DFAS sites,Public Trust,Financial systems IT; ERP support,Financial systems IT; ERP support,,
DGFS (RTX),Raytheon (RTX),Tucson AZ + other sites,Secret,Munitions engineers; missile specialists,Munitions engineers; missile specialists,,
DHS Cybersecurity Support Contract,Five Star Technology Solutions,DC Metro,Top Secret,Cybersecurity SMEs; program managers,Cybersecurity SMEs; program managers,cybersecurity,Cybersecurity
DHS Data Center 2,GDIT / Peraton (indicative),DC2 sites,"Public Trust, Secret",DC engineers; ops; cloud,DC engineers; ops; cloud,cloud,Data Analytics; Cloud Services
DHS Enterprise IT Services I,Leidos / SAIC (indicative),DHS HQ,"Public Trust, Secret",IT services; enterprise support,IT services; enterprise support,,
DIA Battlefield Information Networks / BICES-X,CACI,Offutt AFB NE; Stuttgart Germany,TS/SCI,Network engineers; sysadmins; cyber analysts,Network engineers; sysadmins; cyber analysts,network,Data Analytics; Cybersecurity
DIA EMERALD,Peraton (Perspecta heritage),TS/SCI,Secret,“Talent acquisition lead at Perspecta (now Peraton) for NGA’s EMERALD contract”,“Talent acquisition lead at Perspecta (now Peraton) for NGA’s EMERALD contract”,,
DIA Information Systems Engineering Office,Leidos,Reston VA; JBAB DC,TS/SCI,Sysadmin; help desk; desktop support,Sysadmin; help desk; desktop support,AI,Systems Engineering; IT Operations; Logistics
DIA Infrastructure Services Enterprise Ops,Leidos,JBAB DC; Reston VA,TS/SCI w/ Poly,Service desk; data center ops; mobile/IA teams,Service desk; data center ops; mobile/IA teams,,Data Analytics
DIA Infrastructure Services Ops,Leidos,DIA HQ (DC) + field sites,TS/SCI,Service desk; mobile support; IA & data center,Service desk; mobile support; IA & data center,,Data Analytics
DIA ISEO,Leidos,Washington DC (Bolling); remote sites,TS/SCI,IT support; help desk; desktop support,IT support; help desk; desktop support,,IT Operations
DIA ISEO (IT Sustainment for DIA),Leidos,Washington DC; Fort Meade MD,TS/SCI,Help desk; desktop; surge staffing,Help desk; desktop; surge staffing,AI,Data Analytics; IT Operations; Logistics
DIA IT Sustainment & Engineering Office,Leidos,Reston VA; JBAB DC,TS/SCI,Help desk; desktop; IT sustainment engineers,Help desk; desktop; IT sustainment engineers,AI,IT Operations; Logistics
DIA IT Sustainment & Enterprise Ops,Leidos,JBAB DC; DIA field sites,TS/SCI,Tier 1–3 help desk; VIP support; network operations,Tier 1–3 help desk; VIP support; network operations,AI; network,IT Operations; Logistics
DIA IT Sustainment & Enterprise Ops (Task Order),Leidos,JBAB DC; Reston VA,TS/SCI,Desktop/VIP support; service desk; network ops,Desktop/VIP support; service desk; network ops,AI; network,IT Operations; Logistics
DIA IT Sustainment (ISEO),Leidos,Reston VA; Bolling AFB; CO,TS/SCI,Desktop; help desk; TS-cleared techs,Desktop; help desk; TS-cleared techs,AI,IT Operations; Logistics
DIA SITE III,Leidos,Worldwide CONUS/OCONUS,TS/SCI w/ Poly,DevSecOps; cyber; AI/ML; big data,DevSecOps; cyber; AI/ML; big data,DevSecOps; AI; ML,Data Analytics; Cybersecurity
DIA SITE III IDIQ,"Leidos, CACI, others",National Harbor MD (conference note),TS/SCI,Cyber; IT infrastructure; systems engineering,Cyber; IT infrastructure; systems engineering,,Systems Engineering; Cybersecurity
DIA Solutions for the Information Technology Enterprise III,Multi-award primes,JBAB DC; DIA field sites,TS/SCI,Sys/Win/Linux Admin; Service Desk; SharePoint Admin,Sys/Win/Linux Admin; Service Desk; SharePoint Admin,SharePoint,
DIMS (Peraton),Peraton,Secret,Secret,Data analysts; IT sustainment; cloud/DB support,Data analysts; IT sustainment; cloud/DB support,AI; cloud,Data Analytics; Cloud Services; Logistics
DISA ENCORE III,20 large + 20 small primes,DoD-wide,Secret,IT modernization; software; cyber; net ops,IT modernization; software; cyber; net ops,network,Software Development; Cybersecurity
DISA ENCORE III Cyber Task Orders,CACI,Fort Meade MD; Scott AFB IL,TS/SCI,Boundary protection; DevSecOps; PKI; cyber engineering,Boundary protection; DevSecOps; PKI; cyber engineering,DevSecOps; PKI,Cybersecurity
DISA Enterprise IT Support / Cloud Support BPA,Multiple primes,Crystal City VA; Fort Meade MD,Top Secret,Cloud SMEs; security engineers; cloud ops,Cloud SMEs; security engineers; cloud ops,cloud,Cloud Services; Cybersecurity
DISA Global Service Mgmt – Ops II,Leidos,Scott AFB IL; Fort Meade MD; Montgomery AL; Lackland TX,"Secret, TS/SCI",Network admin; boundary security; NOC; ServiceNow devs,Network admin; boundary security; NOC; ServiceNow devs,ServiceNow; network,IT Operations; Cybersecurity
DISA GSM-O II,Leidos,Worldwide (DoDIN NOCs),TS/SCI,Network ops center techs; cyber analysts; NOC engineers; JRSS staff,Network ops center techs; cyber analysts; NOC engineers; JRSS staff,network,IT Operations; Cybersecurity
DISA GSM-O II (Surge Staffing Focus),Leidos,Scott AFB; Fort Meade,TS/SCI,NOC technicians; ServiceNow developers; cyber analysts,NOC technicians; ServiceNow developers; cyber analysts,ServiceNow,Cybersecurity
DISA JWCC – Joint Warfighting Cloud Capability,Amazon; Microsoft; Google; Oracle,Global DoD; Crystal City VA,TS/SCI,Cloud architects; cloud security engineers; multi-cloud administrators,Cloud architects; cloud security engineers; multi-cloud administrators,cloud,Data Analytics; Cloud Services; Cybersecurity
DISA Supply Chain Mgmt (GDIT),GDIT,Fort Meade MD,Secret,IT/cyber analysts; logistics IT support,IT/cyber analysts; logistics IT support,AI,Logistics; Cybersecurity
Distributed Common Ground System (AF),BAE; multiple,TS/SCI,Secret,“AF DCGS”,“AF DCGS”,,
DLA J6 Enterprise Tech Services,Multiple Awardees,DLA CONUS sites,Secret,Help desk; app support; network ops,Help desk; app support; network ops,network,IT Operations
DLA J6 Enterprise Technology Services,CACI; Deloitte; SAIC; GDIT,Fort Belvoir; Columbus OH; Philadelphia PA,"Public Trust, Secret",Sysadmin; help desk; cyber; engineering,Sysadmin; help desk; cyber; engineering,,IT Operations; Cybersecurity
DLA J6 Enterprise Technology Services 2.0,Leidos; GDIT; Booz Allen; CACI; Peraton,Fort Belvoir; Columbus OH; Scott AFB IL,"Secret, TS/SCI",Network engineer; cyber; cloud architect; sysadmin,Network engineer; cyber; cloud architect; sysadmin,cloud; network,Cloud Services; Cybersecurity
DLA JETS (DLA J6 Variant),Multiple primes,Richmond VA; Columbus OH; other CONUS sites,Secret,Network engineers; sysadmins; software dev; cyber,Network engineers; sysadmins; software dev; cyber,network,Software Development; Cybersecurity
DLA JETS 2.0 (Follow-On),CACI; GDIT,NCR; remote,Secret,IT; cyber; logistics analysts,IT; cyber; logistics analysts,,Logistics; Cybersecurity
DoD Health Modernization,Leidos; Cerner; Accenture,MTFs nationwide,"Public Trust, Secret",Health IT; clinical IT integration; systems analysts,Health IT; clinical IT integration; systems analysts,,Systems Engineering
DoD High Performance Computing Modernization Program – HITS / HITS-U Support,SAIC,DSRC sites: ERDC (Vicksburg MS); ARL (Aberdeen MD); AFRL (Wright-Patterson AFB OH),"Public Trust, Secret",HPC system administrators; network engineers; computational scientists; storage engineers; Linux cluster admins; petascale systems operators,HPC system administrators; network engineers; computational scientists; storage engineers; Linux cluster admins; petascale systems operators,AI; network,IT Operations
DoD IAC Multiple Award Contract,Multiple primes,DoD labs CONUS,Secret,R&D SMEs; scientists; analysts,R&D SMEs; scientists; analysts,,
DoD Information Analysis Center MAC,Multiple,CONUS R&D labs,Secret,Scientists; R&D engineers; prototype developers,Scientists; R&D engineers; prototype developers,,
DoD Joint Service Provider – Pentagon IT & ICAM,CACI (incumbent),Pentagon; NCR,"Secret, Top Secret",Helpdesk; deskside; VTC; ICAM,Helpdesk; deskside; VTC; ICAM,,
DoD JSP – Pentagon IT & ICAM (AFNCR/ICAM),Leidos,Pentagon; JB Andrews,"Secret, Top Secret",Desktop support; NetOps; ICAM engineers,Desktop support; NetOps; ICAM engineers,,IT Operations
DSS Support,Northrop (mention); others,NCR,Secret,Security IT; insider threat IT support,Security IT; insider threat IT support,,Cybersecurity
DTIC / IAC MAC,Multiple,DoD labs,Secret,R&D SMEs; scientific analysts,R&D SMEs; scientific analysts,,
DTRA IAC-MAC Research & Analysis,CACI,Fort Belvoir; Kirtland AFB,"Secret, Top Secret",Nuclear/Bio defense analysts; data scientists,Nuclear/Bio defense analysts; data scientists,,Data Analytics
DTRA Integrated IT Support Services,Leidos,Fort Belvoir; Kirtland AFB,"Secret, Top Secret",IT; cyber; ZTA specialists,IT; cyber; ZTA specialists,,Cybersecurity
DTRA Integrated IT Support Services,Leidos,Fort Belvoir VA; Kirtland AFB NM,"Secret, Top Secret",Network admin; systems engineer; cyber analyst,Network admin; systems engineer; cyber analyst,network,Cybersecurity
DTRA IT Modernization / Support Services,Leidos,Fort Belvoir; Kirtland AFB,"Secret, Top Secret",Service desk; network mgmt; Zero Trust engineers,Service desk; network mgmt; Zero Trust engineers,AI; Zero Trust; network,
DTRA IT Support Modernization,Leidos,Fort Belvoir; Kirtland AFB,"Secret, Top Secret",IT admins; service desk; network engineers,IT admins; service desk; network engineers,network,Cybersecurity
DTRA IT Support Services,Leidos,Fort Belvoir; Kirtland AFB,"Secret, Top Secret",Help desk; network eng; Zero Trust,Help desk; network eng; Zero Trust,Zero Trust; network,IT Operations
"EDIS – Engineering, Development, Integration & Sustainment",SAIC,Los Angeles AFB; Colorado Springs; Huntsville,"Secret, Top Secret",Systems/software engineers; cyber engineers; space-ground integration,Systems/software engineers; cyber engineers; space-ground integration,AI,Software Development; Systems Engineering; Logistics; Cybersecurity
EDIS / HADES (follow-on),SAIC / Army,LAAFB; CONUS ISR nodes,"Secret, Top Secret",SE&I; ISR analysts; systems engineering,SE&I; ISR analysts; systems engineering,,Systems Engineering
EITaaS (Pilot – USAF),CACI (pilot),Multiple bases,"Public Trust, Secret",Base IT; service desk; help desk; end-user services,Base IT; service desk; help desk; end-user services,,IT Operations
ENCORE III,20 large + 20 small primes,Global CONUS/OCONUS,Secret,IT modernization; cyber; enterprise IT,IT modernization; cyber; enterprise IT,,Cybersecurity
Engineering Development & Integration Support,SAIC (via Engility),Los Angeles AFB; Colorado Springs,"Secret, Top Secret",Systems engineers; SW testers; satellite ground engineers,Systems engineers; SW testers; satellite ground engineers,AI,Software Development; Systems Engineering
Enterprise Account Tracking & Automation Tool,Hunter Strategy LLC,Crystal City; Remote,TS/SCI,Software developers; cloud admins; PMs; identity automation,Software developers; cloud admins; PMs; identity automation,cloud,Software Development; Cloud Services
EUCOM / AFRICOM IT & Communications Support,CACI,Stuttgart DE; Italy; Djibouti; other OCONUS,"Secret, TS/SCI",Network ops; field comms; sysadmin; SATCOM support,Network ops; field comms; sysadmin; SATCOM support,network,IT Operations
EUCOM/AFRICOM Enterprise IT & Comms Support,CACI,Stuttgart DE + 60+ sites across Europe/Africa,"Secret, Top Secret",Help desk; network ops; field comms; cloud support,Help desk; network ops; field comms; cloud support,cloud; network,IT Operations; Cloud Services
EUCOM/AFRICOM IT & Comms,CACI,Stuttgart + 60 EUCOM/AFRICOM sites,TS/SCI,Field service techs; network ops; help desk; secure comms,Field service techs; network ops; help desk; secure comms,network,IT Operations
EUCOM/AFRICOM IT & Comms Support,CACI,Europe & Africa – 60+ sites,"Secret, Top Secret",Field comms; network ops; help desk,Field comms; network ops; help desk,network,IT Operations
F-35 Sustainment,Lockheed Martin,Global F-35 bases,Secret,Sustainment IT; engineering; logistics IT; ALIS/ODIN support,Sustainment IT; engineering; logistics IT; ALIS/ODIN support,AI,Logistics
Fort Eisenhower (Gordon) IT Support,SAIC,Augusta GA,Secret,Service desk; night-shift coverage; sysadmin; ServiceNow,Service desk; night-shift coverage; sysadmin; ServiceNow,ServiceNow,
Future Operationally Resilient Ground Evolution,Raytheon (Mission Data Apps); BAE (C2),Buckley SFB; Peterson SFB; Aurora CO,"Secret, TS/SCI",Agile SW; data scientists; systems integrators,Agile SW; data scientists; systems integrators,,Data Analytics; Systems Engineering
GBS (Global Broadcast Service),L3Harris (historical),Tampa FL (MacDill AFB); Hawaii; CONUS,TS/SCI,SATCOM engineers; RF tech; network admin,SATCOM engineers; RF tech; network admin,network,
GBSD Sentinel Missile Modernization,Northrop Grumman,Ogden UT; Hill AFB; Vandenberg SFB,TS/SCI,Cleared engineers; mission ops; comms; C2 engineering,Cleared engineers; mission ops; comms; C2 engineering,,
GENMOD / VMOD (Army Network/Voice Modernization),CACI,CONUS & Pacific posts,Secret,Network engineers; cabling; voice techs; modernization,Network engineers; cabling; voice techs; modernization,network,
GENMOD / VMOD (Network Modernization),CACI,Pacific + CONUS,Secret,Network installers; voice; cyber,Network installers; voice; cyber,network,Cybersecurity
GENMOD / VMOD 2 – Field Service Technicians,CACI,CONUS posts,Secret,Field service techs; voice/network modernization,Field service techs; voice/network modernization,network,
Global Broadcast Service,L3Harris,Tampa FL; Hawaii; CONUS,TS/SCI,SATCOM engineer; RF tech; network admin,SATCOM engineer; RF tech; network admin,network,
Global Command and Control System – Joint,Northrop Grumman,Fort Meade MD; Scott AFB IL,TS/SCI,C2 engineers; SW dev; network ops,C2 engineers; SW dev; network ops,network,IT Operations
Global Command and Control System – Joint (Variant),Leidos,Suffolk VA,Secret,SW dev; systems engineering,SW dev; systems engineering,,Systems Engineering
Global Network Operations (DISA GSM-O II),Leidos,Scott AFB IL; Ft Meade MD; OCONUS nodes,"Secret, TS/SCI",NOC ops; network engineers; cyber analysts; ServiceNow,NOC ops; network engineers; cyber analysts; ServiceNow,ServiceNow; network,Cybersecurity
Global Network Operations II (PTS Subcontract),Leidos,Scott AFB; Ft Meade; Hill AFB; Honolulu HI,Top Secret,NOC techs; cyber analysts; ServiceNow devs,NOC techs; cyber analysts; ServiceNow devs,ServiceNow; network,Cybersecurity
Global Service Management – Operations II,Leidos,Scott AFB; Ft Meade; OCONUS,TS/SCI,NOC tech; cyber ops; network engr; ServiceNow,NOC tech; cyber ops; network engr; ServiceNow,ServiceNow; network,Cybersecurity
Global Service Mgmt – Ops II (variant),Leidos,Scott AFB; Ft Meade; global,"Secret, TS/SCI",NOC; cyber ops; servicedesk; ServiceNow,NOC; cyber ops; servicedesk; ServiceNow,ServiceNow,Cybersecurity
Global Solutions Management – Operations II,Leidos,Scott AFB; Ft Meade; Hill AFB,"Secret, Top Secret",Network engineers; systems admins; helpdesk,Network engineers; systems admins; helpdesk,network,
GMD Weapon System (Ground C2),Northrop Grumman,Huntsville AL; Schriever SFB; Ft Greely AK,"Secret, Top Secret",SW sustainment; BMC3; test engineers,SW sustainment; BMC3; test engineers,AI,Logistics
GMD Weapon System Modernization,Northrop Grumman,Huntsville AL; Schriever SFB; Ft Greely AK; Vandenberg SFB,"Secret, TS/SCI",SW engineering; modeling & simulation; cyber; C2,SW engineering; modeling & simulation; cyber; C2,,Cybersecurity
GPS Next-Gen Operational Control System,Raytheon Intelligence & Space,Colorado Springs CO (Schriever SFB),"Secret, Top Secret",Software engineers; cyber analysts; helpdesk,Software engineers; cyber analysts; helpdesk,,Software Development; Cybersecurity
GPS Operational Control System (sustainment),Raytheon,Aurora CO; Schriever SFB,"Secret, Top Secret",SW dev/test; IA; cyber; sustainment,SW dev/test; IA; cyber; sustainment,AI,Logistics; Cybersecurity
GRASP (Raytheon/Peraton),Peraton,Secret,Secret,“GRASP”,“GRASP”,,
Ground Based Strategic Deterrent / Sentinel,Northrop Grumman,Hill AFB; Ogden UT; Roy UT; Colorado Springs; Promontory UT,"Secret, Top Secret",Systems engineers; MBSE; SW engineers; cyber; test; logistics,Systems engineers; MBSE; SW engineers; cyber; test; logistics,,Logistics; Cybersecurity
Ground-Based Interceptor,Boeing (lead),Vandenberg; Ft Greely,"Secret, Top Secret",Missile ops; missile engineers,Missile ops; missile engineers,,Data Analytics
Ground-Based Midcourse Defense,Boeing (prime); Northrop & Raytheon (NGI),Fort Greely; Vandenberg; Schriever,"Secret, Top Secret",Missile defense engineers; radar techs; C2 analysts,Missile defense engineers; radar techs; C2 analysts,,
Ground-Based Strategic Deterrent,Northrop Grumman,Roy UT; Hill AFB UT; Redondo Beach CA,"Secret, TS/SCI",Systems engineers; cybersecurity; SW dev; logistics engineers,Systems engineers; cybersecurity; SW dev; logistics engineers,cybersecurity,Logistics; Cybersecurity
Ground-Based Strategic Deterrent (Sentinel),Northrop Grumman,Hill AFB; Offutt AFB (nuclear C3 analysts),"Secret, TS/SCI",MBSE; Systems Eng; ISSO/ISSM; Configuration Mgmt,MBSE; Systems Eng; ISSO/ISSM; Configuration Mgmt,,Cybersecurity
GSA Alliant 2,40+ primes,Government-wide,Secret,IT solutions; dev; ops; cloud,IT solutions; dev; ops; cloud,cloud,Cloud Services
GSA Alliant 2 GWAC,~40 primes,Government-wide,Secret,IT developers; engineers; cloud engineers,IT developers; engineers; cloud engineers,cloud,Cloud Services
GSA Alliant 2/3 GWAC,Multiple primes,Federal agencies nationwide,"Public Trust, Secret, Top Secret",Enterprise IT; cloud; cyber; software,Enterprise IT; cloud; cyber; software,cloud,Software Development; Cloud Services; Cybersecurity
GSA ASTRO,Dozens of primes,DoD domains (Ops/R&D/Maintenance),Secret,Ops; R&D; maintenance; dev,Ops; R&D; maintenance; dev,AI,Logistics
GSA ASTRO (multiple pools),Multiple,CONUS/OCONUS,Secret,Ops; R&D; maintenance; unmanned systems,Ops; R&D; maintenance; unmanned systems,AI,Logistics
GSA ASTRO (pool-level entry),Multiple primes,CONUS/OCONUS,Top Secret,O&M techs; R&D engineers; robotics,O&M techs; R&D engineers; robotics,,
GSA Multiple Award Schedule – IT SIN 54151,Many schedule holders,Nationwide,"Public Trust, Secret",IT contractors; dev; cyber; staff aug,IT contractors; dev; cyber; staff aug,,Cybersecurity
GSA OASIS,100+ primes (Pools 1–6),Government-wide,Secret,A&AS; management; engineering,A&AS; management; engineering,,Data Analytics
GSA OASIS / OASIS+,Multiple pools,Gov-wide,Secret,A&AS; program support; engineering,A&AS; program support; engineering,,
HHS Advanced Secure Data Repository,GDIT / SAIC (indicative),NIH / HHS,Public Trust,Data engineering; cyber analysts; platform engineers,Data engineering; cyber analysts; platform engineers,,Data Analytics; Cybersecurity
Hope 2.0 (prototype),SAIC,TS,Secret,"“SAIC, Hope 2.0… early-stage targeting”",“SAIC; Hope 2.0… early-stage targeting”,AI,
Hypersonic & Ballistic Tracking Space Sensor,Northrop & L3Harris (co-primes),Orbit prototypes; SDA ground centers,TS/SCI,Space payload engineers; infrared flight SW; tracking algorithm developers,Space payload engineers; infrared flight SW; tracking algorithm developers,,
INDOPACOM C5ISR Support,Amentum,Camp HM Smith HI; Pacific sites,"Secret, TS/SCI",IT & cyber analysts; comms engineers; systems integrators,IT & cyber analysts; comms engineers; systems integrators,,Cybersecurity
Information Technology Sustainment for Enhanced Ops,Leidos,Washington DC; Reston VA,"Polygraph, TS/SCI, TS/SCI w/ Poly",IT sustainment; help desk; desktops; network ops,IT sustainment; help desk; desktops; network ops,AI; network,IT Operations; Logistics
INSCOM GILE Support,CACI,Fort Belvoir VA; NCR,TS/SCI,Intel analysts; systems integrators; cyber SMEs; linguist-enabled intel,Intel analysts; systems integrators; cyber SMEs; linguist-enabled intel,,Cybersecurity
INSCOM IT Support Services (current TO iteration),GDIT,Fort Liberty; Fort Meade; Fort Sam Houston; JBLM,TS/SCI,Helpdesk; sysadmin; storage admin; DevOps; network tech,Helpdesk; sysadmin; storage admin; DevOps; network tech,network,Software Development
INSCOM IT Support Services III,GDIT,Fort Belvoir; worldwide,TS/SCI,Enterprise IT; IA; apps; deployable comms,Enterprise IT; IA; apps; deployable comms,,
Integrated Air & Missile Defense,Raytheon,Huntsville AL,Secret,Systems engineers; radar analysts; MLU support,Systems engineers; radar analysts; MLU support,AI; ML,
Integrated Base Defense Security System,Leidos,Fort Meade; Aberdeen MD,Secret,Network security engineers; SOC analysts,Network security engineers; SOC analysts,network,Cybersecurity
Integrated Digital Engineering Environment,Northrop Grumman,Ogden UT,TS/SCI,MBSE engineers; SysML modelers; digital twin developers,MBSE engineers; SysML modelers; digital twin developers,ML,
Integrated Situational Awareness Environment,Northrop Grumman,Huntsville AL; Colorado Springs CO,"Secret, TS/SCI",RMF SMEs; STIG analysts; cyber analysts,RMF SMEs; STIG analysts; cyber analysts,,Cybersecurity
Integrated Situational Awareness Tool Environment,Northrop Grumman,Huntsville AL; Colorado Springs CO,TS/SCI,RMF SMEs; STIG analysts; cyber engineers,RMF SMEs; STIG analysts; cyber engineers,,Cybersecurity
Integrated Situational Awareness Tool Environment (Intel Cyber),Northrop Grumman,Huntsville AL; Colorado Springs CO,TS/SCI,RMF SMEs; STIG Analysts; Cyber Analysts; C5ISR cyber operators,RMF SMEs; STIG Analysts; Cyber Analysts; C5ISR cyber operators,,Cybersecurity
Integrated Strategic & Expeditionary Operations (DIA ISEO variant),Leidos,Washington DC; Quantico VA; Bolling AFB,TS/SCI,IT support; help desk; desktop support; enterprise sustainment,IT support; help desk; desktop support; enterprise sustainment,AI,IT Operations; Logistics
Intelligence Community Infrastructure Support,Jacobs,Fort Belvoir VA; Korea (possible),TS/SCI,IT support; cyber security; helpdesk; systems tech,IT support; cyber security; helpdesk; systems tech,,Cybersecurity
Intelligence Systems Enterprise Operations,Leidos,Reston VA; DIA HQ JBAB,TS/SCI,IT support; help desk; desktop; local/remote IT sustainment,IT support; help desk; desktop; local/remote IT sustainment,AI,IT Operations; Logistics
Intelligence Systems Infrastructure Tools & Enhancements,Northrop Grumman,Huntsville AL; Colorado Springs CO,"Secret, TS/SCI",RMF SMEs; STIG/Cyber Analysts,RMF SMEs; STIG/Cyber Analysts,,Cybersecurity
Interim MDC2 / ABMS,Multiple,AF bases,"Secret, Top Secret",C2 engineers; JADC2 integrators,C2 engineers; JADC2 integrators,,
IT CROP (Bowhead),Bowhead,Secret,Secret,“IT CROP Bowhead”,“IT CROP Bowhead”,,IT Operations
ITEMSS (IT Enterprise Mgmt Systems Solution),CACI,NCR; Guard HQs,Secret,Agile developers; cybersecurity; trainers; network support,Agile developers; cybersecurity; trainers; network support,AI; cybersecurity; network,Cybersecurity
ITES-3S,135 primes,Global,Secret,Enterprise IT services; cyber; network ops,Enterprise IT services; cyber; network ops,network,IT Operations; Cybersecurity
J6 Enterprise Technology Services (DLA JETS),Multiple (MA-IDIQ pool),Fort Belvoir; Columbus OH; Richmond VA,"Public Trust, Secret",Help desk; application support; network ops; admin,Help desk; application support; network ops; admin,network,IT Operations
J6 Enterprise Technology Services 2.0,Multiple (IDIQ MA pool),CONUS + OCONUS,"Secret, Top Secret",Network & telecom services; cyber security; PM; cloud hosting,Network & telecom services; cyber security; PM; cloud hosting,cloud; network,Cloud Services; Cybersecurity
JGLASS II – Shared Services,Peraton / SAIC (indicative),NCR,Public Trust,Enterprise shared services; IT admin,Enterprise shared services; IT admin,,
Joint Staff J7 Support,HII,Suffolk VA; Quantico VA; Ft Leavenworth,"Secret, TS/SCI",LVC integrators; red-cell analysts; M&S engineers; ISSO,LVC integrators; red-cell analysts; M&S engineers; ISSO,AI,Cybersecurity
Joint Tactical Ground Station Early Warning,Northrop (prime/sub),Colorado Springs; Germany; Redondo Beach,"Secret, TS/SCI",SW engineers; SIGINT analysts; logistics continuity,SW engineers; SIGINT analysts; logistics continuity,,Logistics
Joint Tactical Ground Stations,Northrop Grumman,Colorado Springs CO; Germany,TS/SCI,SW engineers; SIGINT SMEs,SW engineers; SIGINT SMEs,,
Joint Warfighting Cloud Capability,AWS; Microsoft; Google; Oracle,DoD/IC sites,"Secret, TS/SCI",Cloud migration; platform engineering; zero-trust integration,Cloud migration; platform engineering; zero-trust integration,cloud,Data Analytics; Systems Engineering; Cloud Services
JSP Enterprise IT,CACI,Pentagon / NCR,TS/SCI,Classified helpdesk; VTC; desktop support,Classified helpdesk; VTC; desktop support,,IT Operations
JSP ETM (Pentagon IT),CACI,Pentagon / NCR,"Secret, TS/SCI",Helpdesk; classified VTC; classified desktop support,Helpdesk; classified VTC; classified desktop support,,IT Operations
Justified (SAP Security),SAIC (inferred),Hanscom AFB; JBAB DC,TS/SCI,SAP admins; ISSO; SAP security leads,SAP admins; ISSO; SAP security leads,,Cybersecurity
Justified SAP Security Contract,needs-scrape,Hanscom AFB; JBAB DC,Top Secret,Program security; ISSO roles,Program security; ISSO roles,,Cybersecurity
Justified SAP Security Contract (Hanscom/Bolling),Booz Allen Hamilton,Hanscom AFB; JBAB DC,TS/SCI,SAP Security Engineer; ISSO; ISSM,SAP Security Engineer; ISSO; ISSM,,Cybersecurity
JWCC – ATAT Expansion Path,AWS; Microsoft; Google; Oracle,Global DoD; CCPO,TS/SCI,Cloud integration leads; policy enforcement; multi-cloud operations,Cloud integration leads; policy enforcement; multi-cloud operations,cloud,Systems Engineering; Cloud Services
Kennedy Space Center BOSS,Jacobs / Amentum (past),Kennedy Space Center FL,"Public Trust, Secret",Facility operations; IT ops,Facility operations; IT ops,,IT Operations
LANL/NNSA VTC Engineering Support,GDIT,Los Alamos NM,Top Secret,VTC engineers; AV technicians; unified comms,VTC engineers; AV technicians; unified comms,,
LANL/NNSA VTC Support,GDIT,Los Alamos NM,Top Secret,VTC engineer; unified comms; AV/telepresence,VTC engineer; unified comms; AV/telepresence,,
LATERALUS (IC Space ISR),Raytheon,CO / NoVA SCIFs,TS/SCI w/ Poly,Satellite ops engineers; intel analysts; O&M staff,Satellite ops engineers; intel analysts; O&M staff,,
LATERALUS (Space ISR),Raytheon,CO / NoVA,TS/SCI w/ Poly,O&M staff; sysadmins; intel exploitation analysts,O&M staff; sysadmins; intel exploitation analysts,,
LOGCAP V,KBR; V2X; Fluor; Amentum,Global theaters,"Public Trust, Secret",Base ops; supply; transportation; life support,Base ops; supply; transportation; life support,network,
Logistics Civil Augmentation Program V (duplicate entry),KBR; V2X; Fluor; Amentum,Global,"Public Trust, Secret",Base ops; supply; facilities,Base ops; supply; facilities,network,Logistics
LRAAM (Long Range AAM),Raytheon (indicative),Tucson AZ,Secret,AAM engineers; missile systems developers,AAM engineers; missile systems developers,,
Managed IT Services (USTRANSCOM),SAIC,Scott AFB IL,"Secret, Top Secret",Service desk; admins; cyber analysts,Service desk; admins; cyber analysts,,Cybersecurity
Marine Corps Enterprise Network,Leidos / GDIT,Marine bases,Secret,NetOps; cyber; enterprise IT technicians,NetOps; cyber; enterprise IT technicians,network,Cybersecurity
Mark 48 Heavyweight Torpedo,Raytheon (indicative),Middletown RI; Navy weapons centers,Secret,Systems/seeker engineering; test; manufacturing,Systems/seeker engineering; test; manufacturing,,
Mark-48 Torpedo (sub-program reference),Raytheon (indicative),NSWC Crane; NSWC Newport; Middletown RI,Secret,Torpedo assembly; electronics,Torpedo assembly; electronics,,
MDA Tactical Embedded Systems,Northrop Grumman,"Redstone Arsenal, Huntsville AL",Secret,Embedded SW engineers; C++; tactical missile SW,Embedded SW engineers; C++; tactical missile SW,AI; C++,
MHS GENESIS (DHMSM),Leidos,NCR; San Antonio; Remote,Secret,Clinical trainer; IT support; workflow analyst; EHR migration,Clinical trainer; IT support; workflow analyst; EHR migration,AI,Cloud Services
MHS GENESIS / Leidos Partnership for Defense Health,Leidos,MHS sites CONUS / OCONUS,"Public Trust, Secret",Clinical help desk; applications support; site support technicians,Clinical help desk; applications support; site support technicians,AI,IT Operations
Mission Partner Environment,GDIT,Global coalition sites,"Secret, TS/SCI",Coalition network engineers; CDS admins; field support teams,Coalition network engineers; CDS admins; field support teams,network,Data Analytics
Mission Partner Environment (Field Ops / MPCO),GDIT,Secret → TS/SCI,Secret,“Global coalition network mission (MPE)”,“Global coalition network mission (MPE)”,network,IT Operations
Mission Partner Environment (successor to BICES),GDIT,Global (coalition networks),"Secret, TS/SCI",Coalition network engineers; CDS administrators; field support teams,Coalition network engineers; CDS administrators; field support teams,network,Data Analytics
Modular Open Systems Approach,Multiple primes,National Harbor MD; US Army programs,Secret,Chief engineers; PMs; open-architecture developers,Chief engineers; PMs; open-architecture developers,,Systems Engineering
MOJAVE / ACADIA,CACI (indicative),Springfield VA; St. Louis MO,TS/SCI w/ Poly,Cloud engineer; data pipeline; GEOINT analyst,Cloud engineer; data pipeline; GEOINT analyst,cloud,Data Analytics; Cloud Services
MPCO VMOD (Voice Modernization),CACI (indicative),CONUS Army posts,Secret,Voice engineers; telecom modernization,Voice engineers; telecom modernization,,
MSS Smart Systems (Palantir contract),Palantir,Classified CONUS/OCONUS,TS/SCI,Data engineers; Palantir platform engineers; intel analysts; field support,Data engineers; Palantir platform engineers; intel analysts; field support,,Data Analytics
Multi-Mission Command & Control,Lockheed Martin / Raytheon,Aurora CO; Huntsville AL; Colorado Springs CO,"Secret, TS/SCI",C2 SW dev; embedded SW; Linux; systems engineering,C2 SW dev; embedded SW; Linux; systems engineering,,Software Development; Systems Engineering
NARSIL,Peraton (indicative),TS/SCI,Secret,“High-value IDIQ… Peraton NARSIL”,“High-value IDIQ… Peraton NARSIL”,,IT Operations
NARSIL – Advanced Research for System Intelligence & Learning,Peraton,NCR; Dayton OH (indicative),"Polygraph, TS/SCI, TS/SCI w/ Poly",Data scientists; SW engineers; ML/AI researchers; systems engineers,Data scientists; SW engineers; ML/AI researchers; systems engineers,AI; ML,Data Analytics
NASA Enterprise Service Support Technology,SAIC / Leidos (indicative),NASA centers,"Public Trust, Secret",EUS support; deskside; enterprise IT,EUS support; deskside; enterprise IT,,
NASA SENSE (Space Comms & Tracking),Peraton,Near-Earth network (TDRS),Secret,Network ops; RF; sustainment,Network ops; RF; sustainment,AI; network,IT Operations; Logistics
NASA SEWP,Multiple,Nationwide,"Public Trust, Secret",Hardware/software procurement; IT services; cloud,Hardware/software procurement; IT services; cloud,cloud,Software Development; Cloud Services
NASA Space Network Evolution,Peraton,NASA SCaN Global,Secret,Satellite comm engineers; network technicians,Satellite comm engineers; network technicians,network,
NASIC Radar Analysis Program,Ball Aerospace,Beavercreek OH,Top Secret,Radar engineers; data analysts,Radar engineers; data analysts,,Data Analytics
NAVAIR Flight Operations Support,Vertex Aerospace,Pax River MD,Secret,Flight ops analysts; schedulers; IT support,Flight ops analysts; schedulers; IT support,AI,
Navy Aegis Combat System Modernization,Lockheed Martin,Dahlgren VA; Moorestown NJ; shipyards,Secret,Systems engineers; combat system SW devs; integration & test,Systems engineers; combat system SW devs; integration & test,,Systems Engineering
Navy Enterprise Service Desk,Leidos,Norfolk VA; San Diego CA; distributed Navy NOCs,Secret,Tier 1–3 service desk; Navy help desk; desktop support,Tier 1–3 service desk; Navy help desk; desktop support,,IT Operations
Next Generation Interceptor,Northrop Grumman & Boeing,Huntsville AL; Promontory UT; test ranges,"Secret, TS/SCI",MBSE; Propulsion/Flight Eng; Missile Systems Eng; GNC,MBSE; Propulsion/Flight Eng; Missile Systems Eng; GNC,,Software Development
NextGen GEO (Network/Ops),Northrop Grumman,Boulder CO,"Secret, TS/SCI",Network Eng; SysAdmin; Field Tech,Network Eng; SysAdmin; Field Tech,network,
Next-Gen OPIR (Ground + Payload),Northrop Grumman,El Segundo CA; Colorado Springs CO,TS/SCI,Payload SW/SE; Ground Ops; Data Exploitation,Payload SW/SE; Ground Ops; Data Exploitation,,Data Analytics
Next-Generation Overhead Persistent Infrared,Northrop Grumman,SSC / Los Angeles; Colorado Springs,TS/SCI,Payload Eng; Ground Systems; Space Sensor Dev,Payload Eng; Ground Systems; Space Sensor Dev,,
NGA Enterprise Engineering,Peraton (Perspecta heritage),Springfield VA; St. Louis MO,TS/SCI,Cloud engineers; enterprise architects; GEOINT IT,Cloud engineers; enterprise architects; GEOINT IT,cloud,Cloud Services
NGA Enterprise IT Modernization – MOJAVE / ACADIA,CACI,Springfield VA; St. Louis MO,TS/SCI w/ Poly,Cloud engineers; data pipeline; GEOINT analysts,Cloud engineers; data pipeline; GEOINT analysts,cloud,Data Analytics; Cloud Services
NGEN-R — Enterprise Network Program,Leidos,Norfolk; San Diego; global Navy/USMC,Secret,Help desk; field tech; network admin,Help desk; field tech; network admin,network,IT Operations
"NGEN-R SMIT – Navy Next Generation Enterprise Network (Service Management, Integration & Transport)",Leidos,Norfolk VA; San Diego CA; Hawaii; global Navy/USMC bases (CONUS/OCONUS),"Public Trust, Secret, Top Secret",Tier 1–2 help desk; desktop support; field technicians; network/sys admins; NetOps; cyber support,Tier 1–2 help desk; desktop support; field technicians; network/sys admins; NetOps; cyber support,network,Systems Engineering; IT Operations; Cybersecurity
NGEN-R SMIT (Already normalized — link-only reference row),Leidos,Navy/USMC worldwide,Secret,Enterprise IT; help desk; NetOps; cyber,Enterprise IT; help desk; NetOps; cyber,,IT Operations; Cybersecurity
NGOPIR / NGG / NGOPIR (already normalized — link row),Northrop Grumman,SSC; Colorado Springs,TS/SCI,Space payloads; C2; missile-warning exploitation,Space payloads; C2; missile-warning exploitation,,
NORAD/NORTHCOM IT Infrastructure Support (NISSC II),Jacobs,Peterson SFB CO; Cheyenne Mountain CO; Offutt AFB NE; Vandenberg CA,TS/SCI w/ Poly,24×7 help desk; systems admins; ISSOs; network/security ops; missile-warning IT support,24×7 help desk; systems admins; ISSOs; network/security ops; missile-warning IT support,AI; network,Data Analytics; IT Operations; Cybersecurity
NRO Ground Systems DevOps (Seal Beach),Boeing,Seal Beach CA,TS/SCI w/ Poly,DevOps engineers; CI/CD & infra automation for NRO ground systems,DevOps engineers; CI/CD & infra automation for NRO ground systems,CI/CD,Software Development
NTT Applications & BPS Support,NTT DATA,Texas; remote CONUS,"Public Trust, Secret",Application engineers; business analysts; apps/BPS support,Application engineers; business analysts; apps/BPS support,,Data Analytics
NTT DATA Enterprise Architecture (BPS / Apps),NTT DATA,U.S. – Heredia CR; Atlanta GA; remote,"Public Trust, Secret","Enterprise architects; solution architects (BPS, applications)",Enterprise architects; solution architects (BPS; applications),,Data Analytics; Systems Engineering
OASIS+ Multi-Agency Services,Multi-award primes,Nationwide,"Public Trust, Secret, Top Secret",Eng services; PM; acquisition; R&D; analysis,Eng services; PM; acquisition; R&D; analysis,,
OASIS+ Services (Already normalized),multiples,Nationwide,"Public Trust, Top Secret",Eng/Prof services,Eng/Prof services,,
OUSD(A&S) Professional Support Services,LMI,Pentagon; Mark Center; Crystal City,"Public Trust, Secret",Admin assistants; analysts; PM support,Admin assistants; analysts; PM support,,
OUSD(P&R) PRISM (Consolidated),"11 primes (CTC, SAIC, Booz Allen, ManTech…)",Pentagon / NCR / CONUS,"Public Trust, Secret",Analysts; trainers; HR support; admin,Analysts; trainers; HR support; admin,AI,
PAC-3 (Consolidated),Lockheed Martin,Camden AR; Huntsville AL; Grand Prairie TX; WSMR,Secret,Missile engineering; assembly; test; RF engineering,Missile engineering; assembly; test; RF engineering,,
PAC-3 Missile Family (Consolidated),Lockheed Martin Missiles & Fire Control,Grand Prairie TX; Camden AR; Huntsville AL; WSMR; Orlando FL,"Secret, TS/SCI",Missile engineers; QA inspectors; assembly techs; RF/test eng; production planners; field service,Missile engineers; QA inspectors; assembly techs; RF/test eng; production planners; field service,,
PAC-3 Missile Segment Enhancement (Deep Detail Variant),Lockheed Martin,Camden AR; Grand Prairie TX; Huntsville AL,"Secret, TS/SCI",Manufacturing; missile eng; test; RF engineers; quality,Manufacturing; missile eng; test; RF engineers; quality,AI,
PAC-3 MSE (Deep Detail Variant; Consolidated),Lockheed Martin,Grand Prairie TX; Camden AR; Huntsville AL,"Secret, TS/SCI",QA inspectors; assembly; missile test; systems engineers; production planners; RF testers,QA inspectors; assembly; missile test; systems engineers; production planners; RF testers,AI,
Peraton ARCYBER Information Advantage Enterprise,Peraton,Fort Eisenhower GA; Fort Meade MD,TS/SCI w/ Poly,Cyber ops planners; IO/EW; mission support,Cyber ops planners; IO/EW; mission support,,Cybersecurity
Peraton NARSIL – Advanced System Intelligence,Peraton,Reston VA; Fort Meade MD,TS/SCI w/ Poly,Systems Eng; DevOps; Cyber Ops; ML/AI; Signals Processing,Systems Eng; DevOps; Cyber Ops; ML/AI; Signals Processing,AI; ML,Data Analytics; Software Development; Cybersecurity
Poland WISŁA – Patriot + IBCS Foreign Military Sales,Raytheon & Northrop Grumman,Poland; Huntsville AL labs,Secret,Fielding; integration; training; IBCS engineering,Fielding; integration; training; IBCS engineering,AI,Systems Engineering
PRISM Support Services (Consolidated),"11 MA-IDIQ primes (incl. CTC, SAIC, Booz Allen, ManTech)",Pentagon; NCR; CONUS,"Public Trust, Secret",Admin; Program Analysts; Training; HR; data analysts,Admin; Program Analysts; Training; HR; data analysts,AI,Data Analytics
Project Convergence (JADC2 Experiments),SAIC,Yuma Proving Ground; Austin TX; labs,Secret,Autonomy SW; AI/ML analysts; JADC2 integration staff,Autonomy SW; AI/ML analysts; JADC2 integration staff,AI; ML,Data Analytics; Software Development; Systems Engineering
Protected Satcom & Tactical Waveform Communications,L3Harris,Colorado Springs (indicative),Secret,RF Engineers; Crypto; SATCOM SMEs,RF Engineers; Crypto; SATCOM SMEs,,
Protected Tactical SatCom / Waveform,L3Harris,CO (indicative),Secret,RF engineers; crypto; SATCOM specialists,RF engineers; crypto; SATCOM specialists,,
RUSHMORE,Northrop Grumman,Aurora CO (Buckley SFB),TS/SCI,Principal Java SW Engineer; C2/SATOPS SW,Principal Java SW Engineer; C2/SATOPS SW,Java,
RUSHMORE (Already normalized),Northrop,Aurora CO,TS/SCI,SW engineering,SW engineering,,
SCITLS,GDIT,CONUS,Secret,Logistics IT technicians,Logistics IT technicians,,Logistics
SCITLS (Already normalized),GDIT,Secret,Secret,SCITLS,SCITLS,,Logistics
SCORPION (classified),CACI (context only),,TS/SCI,Intel/Cyber,Intel/Cyber,,Cybersecurity
SDA Tranche-0 Constellation Support,"Multiple primes (Lockheed, York, SpaceX, L3Harris)",SDA Ops Center (likely),TS/SCI,Satellite operators; network engineers; ground-system integrators,Satellite operators; network engineers; ground-system integrators,network,
SeaPort Next Generation,1023+ primes,Navy worldwide,Secret,Systems engineering; logistics; SW; cyber,Systems engineering; logistics; SW; cyber,,Systems Engineering; Logistics; Cybersecurity
Sentinel / GBSD,Northrop Grumman,Roy UT; Hill AFB; Ogden UT; SLC UT; CO Springs; Huntsville AL; Vandenberg; Redondo Beach CA; Brigham City UT,"Secret, TS/SCI",Systems Eng Mgr; Cyber Eng; C2 SW Dev; Missile Propulsion; Depot Planners; Nuclear Surety,Systems Eng Mgr; Cyber Eng; C2 SW Dev; Missile Propulsion; Depot Planners; Nuclear Surety,,Cybersecurity
Sentinel / GBSD,Northrop Grumman,Hill AFB; Roy UT; Ogden UT,TS/SCI,Systems Eng; ILS Lead; Missile Integration SME,Systems Eng; ILS Lead; Missile Integration SME,,Systems Engineering
Sentinel GBSD,Northrop Grumman,Ogden; Roy; Hill AFB,"Secret, Top Secret",Systems Eng; Cyber; Test; SW,Systems Eng; Cyber; Test; SW,,Cybersecurity
Sentinel GBSD,Northrop Grumman,Roy; Hill AFB; Ogden; Redondo Beach; CO Springs; Huntsville; El Segundo; Promontory; Elkton,"Secret, TS/SCI",MBSE; SE&I; cyber; embedded SW; test; propulsion; logistics; supply chain; EVMS/CAM; QA; modeling,MBSE; SE&I; cyber; embedded SW; test; propulsion; logistics; supply chain; EVMS/CAM; QA; modeling,AI,Logistics; Cybersecurity
Sentinel GBSD,Northrop Grumman,Roy; Hill; Ogden; Promontory; CO Springs,"Secret, TS/SCI",Systems Eng; SW; MBSE; Cyber,Systems Eng; SW; MBSE; Cyber,,Cybersecurity
Sentinel GBSD (AFNWC Hill AFB Variant),Northrop Grumman,Roy; Huntsville; Ogden; Hill AFB,"Secret, Top Secret",Systems Eng; SW Eng; Test Eng; PM,Systems Eng; SW Eng; Test Eng; PM,,
Sentinel GBSD (LGM-35A),Northrop Grumman,Roy; Hill; Ogden; Redondo Beach; El Segundo; CO Springs; Huntsville; Promontory; Elkton,"Secret, TS/SCI",MBSE; Systems Eng; Cyber ISSO/ISSM; C2 SW; Test; Supply Chain; Logistics/ILS; Propulsion,MBSE; Systems Eng; Cyber ISSO/ISSM; C2 SW; Test; Supply Chain; Logistics/ILS; Propulsion,AI,Logistics; Cybersecurity
Sentinel ICBM / GBSD,Northrop Grumman,Ogden; Hill; Promontory; Remote,TS/SCI,Network Eng; Cyber; SW; Sustainment,Network Eng; Cyber; SW; Sustainment,AI; network,Logistics; Cybersecurity
Sentinel Program Cybersecurity Core,Northrop Grumman,Ogden; Hill AFB,TS/SCI,Cybersecurity Engineers; ISSOs; RMF,Cybersecurity Engineers; ISSOs; RMF,AI; Zero Trust; cybersecurity,Cybersecurity
SITEC III – Enterprise Operations & Maintenance,Peraton,MacDill AFB; Component Commands; OCONUS deployment,TS/SCI,IT support; deployable techs; field comms; cyber/SOCs,IT support; deployable techs; field comms; cyber/SOCs,AI,Logistics; Cybersecurity
SOCOM Digital Applications Data Science Support,Iron Eagle X (now GDIT),Tampa FL (MacDill AFB),TS/SCI,Data scientists; data integrators; cloud/DevOps; AI/ML engineers,Data scientists; data integrators; cloud/DevOps; AI/ML engineers,AI; cloud; data science; ML,Data Analytics; Systems Engineering; Cloud Services; Cybersecurity; Software Development
SOCOM Enterprise IT Support,GDIT,Tampa FL; Remote,TS/SCI,Cyber; Network Ops; LVC Trainer,Cyber; Network Ops; LVC Trainer,AI; network,IT Operations; Cybersecurity
SOCOM Software Solutions IDIQ,Iron Eagle X (now GDIT),Tampa FL + SOF sites,TS/SCI,Software dev; cloud; DevSecOps; AI/ML; cyber,Software dev; cloud; DevSecOps; AI/ML; cyber,DevSecOps; cloud; AI; ML,Software Development; Cloud Services; Cybersecurity
SPICE (Space Payload Integration & Cyber Eng),SAIC / LinQuest (indicative),LA / Colorado,TS/SCI,Payload / cyber engineers,Payload / cyber engineers,,Systems Engineering; Cybersecurity
SSA IT Support Services Contract,Leidos / Accenture Federal (indicative),SSA HQ,Public Trust,"Service desk, ops",Service desk; ops,,
SSDS CSEA,—,NAVSEA,Secret,Systems engineering,Systems engineering,,Systems Engineering
STRATCOM Mission Readiness,needs-scrape,Colorado Springs CO; Offutt AFB NE,"Secret, TS/SCI",Sustainment engineers; ILS; RMF,Sustainment engineers; ILS; RMF,AI,Logistics
STRATCOM Mission Readiness Support,Northrop Grumman (assumed),Colorado Springs; Offutt AFB,"Secret, TS/SCI",Sustainment engineers; ILS; RMF cyber SMEs; ops continuity,Sustainment engineers; ILS; RMF cyber SMEs; ops continuity,AI,Logistics; Cybersecurity
STRATCOM SMORS,BAE Systems,Offutt AFB,TS/SCI,Intel analyst; systems engineer,Intel analyst; systems engineer,,Cybersecurity
SMORS – STRATCOM Mission Readiness Sustainment,Northrop Grumman,Colorado Springs CO; Offutt AFB NE,"Secret, TS/SCI",Sustainment engineers; RMF; ILS staff; mission readiness,Sustainment engineers; RMF; ILS staff; mission readiness,AI,Logistics
