Program Name,Acronym,Agency,Prime Contractor,Contract Number,Contract Value,Subaward Count,Subaward Total,Recipient UEI,Recipient Name,City,State
Advanced Medium-Range Air-to-Air Missile (AMRAAM) Production & Sustainment,AMRAAM,Air Force,Raytheon,W31P4Q15C0022,"$5,608,431,752.51",29981,"$14,053,592,412.80",XSV6AZJ6SDJ7,RAYTHEON COMPANY,ANDOVER,MASSACHUSETTS
Integrated Air & Missile Defense,IAMD,Army,Raytheon,W31P4Q15C0022,"$5,608,431,752.51",29981,"$14,053,592,412.80",XSV6AZJ6SDJ7,RAYTHEON COMPANY,ANDOVER,MASSACHUSETTS
Poland WISŁA – Patriot + IBCS Foreign Military Sales,WISŁA,Army,Raytheon & Northrop Grumman,W31P4Q15C0022,"$5,608,431,752.51",29981,"$14,053,592,412.80",XSV6AZJ6SDJ7,RAYTHEON COMPANY,ANDOVER,MASSACHUSETTS
Joint Tactical Ground Station Early Warning,JTAGS,Army,Northrop (prime/sub),N0001918C1037,"$8,447,894,780.67",13704,"$16,480,621,337.03",PK8PM2GNVMP8,NORTHROP GRUMMAN SYSTEMS CORPORATION,MELBOURNE,FLORIDA
Aegis Ballistic Missile Defense / Aegis Program,Aegis,Navy,Lockheed Martin,N0001917C0001,"$35,135,514,910.20",12781,"$19,006,059,279.59",G4KDGE4JFFK7,LOCKHEED MARTIN CORPORATION,FORT WORTH,TEXAS
Basic Ordering Agreement (Lockheed Martin),BOA,DoD,Lockheed Martin,N0001917C0001,"$35,135,514,910.20",12781,"$19,006,059,279.59",G4KDGE4JFFK7,LOCKHEED MARTIN CORPORATION,FORT WORTH,TEXAS
Common Open Operational Launch Range,COOLR,Space Force,Lockheed Martin (indicative),N0001917C0001,"$35,135,514,910.20",12781,"$19,006,059,279.59",G4KDGE4JFFK7,LOCKHEED MARTIN CORPORATION,FORT WORTH,TEXAS
Conventional Prompt Strike,CPS,Army,Lockheed Martin,N0001917C0001,"$35,135,514,910.20",12781,"$19,006,059,279.59",G4KDGE4JFFK7,LOCKHEED MARTIN CORPORATION,FORT WORTH,TEXAS
F-35 Sustainment,F-35 Sustainment,DoD,Lockheed Martin,N0001917C0001,"$35,135,514,910.20",12781,"$19,006,059,279.59",G4KDGE4JFFK7,LOCKHEED MARTIN CORPORATION,FORT WORTH,TEXAS
Navy Aegis Combat System Modernization,AEGIS,Navy,Lockheed Martin,N0001917C0001,"$35,135,514,910.20",12781,"$19,006,059,279.59",G4KDGE4JFFK7,LOCKHEED MARTIN CORPORATION,FORT WORTH,TEXAS
OUSD(A&S) Professional Support Services,OUSD(A&S) PSS,DoD,LMI,N0001917C0001,"$35,135,514,910.20",12781,"$19,006,059,279.59",G4KDGE4JFFK7,LOCKHEED MARTIN CORPORATION,FORT WORTH,TEXAS
Battlefield Info Collection & Exploitation System (BICES-X),BICES-X,DoD,GDIT (incumbent pre-MPE),19AQMM18C0185,"$1,495,085,754.52",5952,"$4,515,398,091.95",SMNWM6HN79X5,"GENERAL DYNAMICS INFORMATION TECHNOLOGY, INC.",SPRINGFIELD,VIRGINIA
Battlefield Information Collection & Exploitation System,BICES,DoD,GDIT,19AQMM18C0185,"$1,495,085,754.52",5952,"$4,515,398,091.95",SMNWM6HN79X5,"GENERAL DYNAMICS INFORMATION TECHNOLOGY, INC.",SPRINGFIELD,VIRGINIA
BICES-X / Mission Partner Environment,BICES-X / MPE,DoD,GDIT,19AQMM18C0185,"$1,495,085,754.52",5952,"$4,515,398,091.95",SMNWM6HN79X5,"GENERAL DYNAMICS INFORMATION TECHNOLOGY, INC.",SPRINGFIELD,VIRGINIA
CENTCOM Enterprise IT Modernization,,DoD,GDIT,19AQMM18C0185,"$1,495,085,754.52",5952,"$4,515,398,091.95",SMNWM6HN79X5,"GENERAL DYNAMICS INFORMATION TECHNOLOGY, INC.",SPRINGFIELD,VIRGINIA
Defense Health Agency Desktop to Datacenter,D2D,DoD,GDIT,19AQMM18C0185,"$1,495,085,754.52",5952,"$4,515,398,091.95",SMNWM6HN79X5,"GENERAL DYNAMICS INFORMATION TECHNOLOGY, INC.",SPRINGFIELD,VIRGINIA
DISA Supply Chain Mgmt (GDIT),DSCM-GDIT,DISA,GDIT,19AQMM18C0185,"$1,495,085,754.52",5952,"$4,515,398,091.95",SMNWM6HN79X5,"GENERAL DYNAMICS INFORMATION TECHNOLOGY, INC.",SPRINGFIELD,VIRGINIA
DLA JETS 2.0 (Follow-On),JETS 2.0,DoD,CACI; GDIT,19AQMM18C0185,"$1,495,085,754.52",5952,"$4,515,398,091.95",SMNWM6HN79X5,"GENERAL DYNAMICS INFORMATION TECHNOLOGY, INC.",SPRINGFIELD,VIRGINIA
HHS Advanced Secure Data Repository,ASDR,DoD,GDIT / SAIC (indicative),19AQMM18C0185,"$1,495,085,754.52",5952,"$4,515,398,091.95",SMNWM6HN79X5,"GENERAL DYNAMICS INFORMATION TECHNOLOGY, INC.",SPRINGFIELD,VIRGINIA
Joint Staff J7 Support,JS J7,DoD,HII,19AQMM18C0185,"$1,495,085,754.52",5952,"$4,515,398,091.95",SMNWM6HN79X5,"GENERAL DYNAMICS INFORMATION TECHNOLOGY, INC.",SPRINGFIELD,VIRGINIA
LANL/NNSA VTC Engineering Support,LANL VTC,NSA,GDIT,19AQMM18C0185,"$1,495,085,754.52",5952,"$4,515,398,091.95",SMNWM6HN79X5,"GENERAL DYNAMICS INFORMATION TECHNOLOGY, INC.",SPRINGFIELD,VIRGINIA
LANL/NNSA VTC Support,,NSA,GDIT,19AQMM18C0185,"$1,495,085,754.52",5952,"$4,515,398,091.95",SMNWM6HN79X5,"GENERAL DYNAMICS INFORMATION TECHNOLOGY, INC.",SPRINGFIELD,VIRGINIA
Marine Corps Enterprise Network,MCEN,Marines,Leidos / GDIT,19AQMM18C0185,"$1,495,085,754.52",5952,"$4,515,398,091.95",SMNWM6HN79X5,"GENERAL DYNAMICS INFORMATION TECHNOLOGY, INC.",SPRINGFIELD,VIRGINIA
Mission Partner Environment,MPE,DoD,GDIT,19AQMM18C0185,"$1,495,085,754.52",5952,"$4,515,398,091.95",SMNWM6HN79X5,"GENERAL DYNAMICS INFORMATION TECHNOLOGY, INC.",SPRINGFIELD,VIRGINIA
Mission Partner Environment (Field Ops / MPCO),MPE / MPCO,Air Force,GDIT,19AQMM18C0185,"$1,495,085,754.52",5952,"$4,515,398,091.95",SMNWM6HN79X5,"GENERAL DYNAMICS INFORMATION TECHNOLOGY, INC.",SPRINGFIELD,VIRGINIA
Mission Partner Environment (successor to BICES),MPE,DoD,GDIT,19AQMM18C0185,"$1,495,085,754.52",5952,"$4,515,398,091.95",SMNWM6HN79X5,"GENERAL DYNAMICS INFORMATION TECHNOLOGY, INC.",SPRINGFIELD,VIRGINIA
SCITLS,SCITLS,DoD,GDIT,19AQMM18C0185,"$1,495,085,754.52",5952,"$4,515,398,091.95",SMNWM6HN79X5,"GENERAL DYNAMICS INFORMATION TECHNOLOGY, INC.",SPRINGFIELD,VIRGINIA
SOCOM Digital Applications Data Science Support,—,CIA,Iron Eagle X (now GDIT),19AQMM18C0185,"$1,495,085,754.52",5952,"$4,515,398,091.95",SMNWM6HN79X5,"GENERAL DYNAMICS INFORMATION TECHNOLOGY, INC.",SPRINGFIELD,VIRGINIA
SOCOM Enterprise IT Support,—,SOCOM,GDIT,19AQMM18C0185,"$1,495,085,754.52",5952,"$4,515,398,091.95",SMNWM6HN79X5,"GENERAL DYNAMICS INFORMATION TECHNOLOGY, INC.",SPRINGFIELD,VIRGINIA
SOCOM Software Solutions IDIQ,—,SOCOM,Iron Eagle X (now GDIT),19AQMM18C0185,"$1,495,085,754.52",5952,"$4,515,398,091.95",SMNWM6HN79X5,"GENERAL DYNAMICS INFORMATION TECHNOLOGY, INC.",SPRINGFIELD,VIRGINIA
LOGCAP V,LOGCAP V,Army,KBR; V2X; Fluor; Amentum,W52P1J19F0394,"$2,188,230,584.34",5665,"$4,306,848,564.92",YSQMHRS4HSC5,"KELLOGG BROWN & ROOT SERVICES, INC.",,
Logistics Civil Augmentation Program V (duplicate entry),LOGCAP V,Army,KBR; V2X; Fluor; Amentum,W52P1J19F0394,"$2,188,230,584.34",5665,"$4,306,848,564.92",YSQMHRS4HSC5,"KELLOGG BROWN & ROOT SERVICES, INC.",,
"C2BMC (Command & Control, Battle Mgmt, Comms)",C2BMC,MDA,Lockheed Martin,W31P4Q20C0023,"$10,475,203,569.62",4183,"$5,133,266,343.94",XFJMYSYFJEK4,LOCKHEED MARTIN CORPORATION,GRAND PRAIRIE,TEXAS
"Command & Control, Battle Mgmt & Comms",C2BMC,MDA,Lockheed Martin,W31P4Q20C0023,"$10,475,203,569.62",4183,"$5,133,266,343.94",XFJMYSYFJEK4,LOCKHEED MARTIN CORPORATION,GRAND PRAIRIE,TEXAS
PAC-3 (Consolidated),PAC-3,Army,Lockheed Martin,W31P4Q20C0023,"$10,475,203,569.62",4183,"$5,133,266,343.94",XFJMYSYFJEK4,LOCKHEED MARTIN CORPORATION,GRAND PRAIRIE,TEXAS
PAC-3 Missile Family (Consolidated),PAC-3 / PAC-3 MSE,Army,Lockheed Martin Missiles & Fire Control,W31P4Q20C0023,"$10,475,203,569.62",4183,"$5,133,266,343.94",XFJMYSYFJEK4,LOCKHEED MARTIN CORPORATION,GRAND PRAIRIE,TEXAS
PAC-3 Missile Segment Enhancement (Deep Detail Variant),PAC-3 MSE,Army,Lockheed Martin,W31P4Q20C0023,"$10,475,203,569.62",4183,"$5,133,266,343.94",XFJMYSYFJEK4,LOCKHEED MARTIN CORPORATION,GRAND PRAIRIE,TEXAS
PAC-3 MSE (Deep Detail Variant; Consolidated),PAC-3 MSE,Army,Lockheed Martin,W31P4Q20C0023,"$10,475,203,569.62",4183,"$5,133,266,343.94",XFJMYSYFJEK4,LOCKHEED MARTIN CORPORATION,GRAND PRAIRIE,TEXAS
Basic Ordering Agreement – Surge Staffing,BOA,Air Force,Northrop Grumman,FA821920C0006,"$10,801,259,923.19",4019,"$27,743,434,931.93",D8QQPFNYJD63,NORTHROP GRUMMAN SYSTEMS CORP,ROY,UTAH
Basic Ordering Agreement (NG BOA),BOA,Other,Northrop Grumman,FA821920C0006,"$10,801,259,923.19",4019,"$27,743,434,931.93",D8QQPFNYJD63,NORTHROP GRUMMAN SYSTEMS CORP,ROY,UTAH
Basic Ordering Agreement (NG Staff Augmentation),BOA,Other,Northrop Grumman,FA821920C0006,"$10,801,259,923.19",4019,"$27,743,434,931.93",D8QQPFNYJD63,NORTHROP GRUMMAN SYSTEMS CORP,ROY,UTAH
Basic Ordering Agreement Support (Northrop Surge),BOA,Other,Northrop Grumman,FA821920C0006,"$10,801,259,923.19",4019,"$27,743,434,931.93",D8QQPFNYJD63,NORTHROP GRUMMAN SYSTEMS CORP,ROY,UTAH
BOA (General Staff Augmentation),BOA,Other,Northrop Grumman,FA821920C0006,"$10,801,259,923.19",4019,"$27,743,434,931.93",D8QQPFNYJD63,NORTHROP GRUMMAN SYSTEMS CORP,ROY,UTAH
BOA (Northrop Surge),BOA,Other,Northrop Grumman,FA821920C0006,"$10,801,259,923.19",4019,"$27,743,434,931.93",D8QQPFNYJD63,NORTHROP GRUMMAN SYSTEMS CORP,ROY,UTAH
Business Operations & Analytics,BOA,DoD,Northrop Grumman,FA821920C0006,"$10,801,259,923.19",4019,"$27,743,434,931.93",D8QQPFNYJD63,NORTHROP GRUMMAN SYSTEMS CORP,ROY,UTAH
DSS Support,DSS Support,DoD,Northrop (mention); others,FA821920C0006,"$10,801,259,923.19",4019,"$27,743,434,931.93",D8QQPFNYJD63,NORTHROP GRUMMAN SYSTEMS CORP,ROY,UTAH
GBSD Sentinel Missile Modernization,GBSD,Air Force,Northrop Grumman,FA821920C0006,"$10,801,259,923.19",4019,"$27,743,434,931.93",D8QQPFNYJD63,NORTHROP GRUMMAN SYSTEMS CORP,ROY,UTAH
Global Command and Control System – Joint,GCCS-J,DISA,Northrop Grumman,FA821920C0006,"$10,801,259,923.19",4019,"$27,743,434,931.93",D8QQPFNYJD63,NORTHROP GRUMMAN SYSTEMS CORP,ROY,UTAH
Ground Based Strategic Deterrent / Sentinel,GBSD / Sentinel,Air Force,Northrop Grumman,FA821920C0006,"$10,801,259,923.19",4019,"$27,743,434,931.93",D8QQPFNYJD63,NORTHROP GRUMMAN SYSTEMS CORP,ROY,UTAH
Ground-Based Strategic Deterrent,GBSD,Air Force,Northrop Grumman,FA821920C0006,"$10,801,259,923.19",4019,"$27,743,434,931.93",D8QQPFNYJD63,NORTHROP GRUMMAN SYSTEMS CORP,ROY,UTAH
Ground-Based Strategic Deterrent (Sentinel),GBSD (Sentinel),Air Force,Northrop Grumman,FA821920C0006,"$10,801,259,923.19",4019,"$27,743,434,931.93",D8QQPFNYJD63,NORTHROP GRUMMAN SYSTEMS CORP,ROY,UTAH
Integrated Digital Engineering Environment,IDEE,Air Force,Northrop Grumman,FA821920C0006,"$10,801,259,923.19",4019,"$27,743,434,931.93",D8QQPFNYJD63,NORTHROP GRUMMAN SYSTEMS CORP,ROY,UTAH
Integrated Situational Awareness Environment,inSITE,Army,Northrop Grumman,FA821920C0006,"$10,801,259,923.19",4019,"$27,743,434,931.93",D8QQPFNYJD63,NORTHROP GRUMMAN SYSTEMS CORP,ROY,UTAH
Integrated Situational Awareness Tool Environment,inSITE,DISA,Northrop Grumman,FA821920C0006,"$10,801,259,923.19",4019,"$27,743,434,931.93",D8QQPFNYJD63,NORTHROP GRUMMAN SYSTEMS CORP,ROY,UTAH
Integrated Situational Awareness Tool Environment (Intel Cyber),inSITE,DISA,Northrop Grumman,FA821920C0006,"$10,801,259,923.19",4019,"$27,743,434,931.93",D8QQPFNYJD63,NORTHROP GRUMMAN SYSTEMS CORP,ROY,UTAH
Intelligence Systems Infrastructure Tools & Enhancements,inSITE,DoD,Northrop Grumman,FA821920C0006,"$10,801,259,923.19",4019,"$27,743,434,931.93",D8QQPFNYJD63,NORTHROP GRUMMAN SYSTEMS CORP,ROY,UTAH
Joint Tactical Ground Stations,JTAGS,Space Force,Northrop Grumman,FA821920C0006,"$10,801,259,923.19",4019,"$27,743,434,931.93",D8QQPFNYJD63,NORTHROP GRUMMAN SYSTEMS CORP,ROY,UTAH
NGOPIR / NGG / NGOPIR (already normalized — link row),,Space Force,Northrop Grumman,FA821920C0006,"$10,801,259,923.19",4019,"$27,743,434,931.93",D8QQPFNYJD63,NORTHROP GRUMMAN SYSTEMS CORP,ROY,UTAH
NRO Ground Systems DevOps (Seal Beach),,NRO,Boeing,FA821920C0006,"$10,801,259,923.19",4019,"$27,743,434,931.93",D8QQPFNYJD63,NORTHROP GRUMMAN SYSTEMS CORP,ROY,UTAH
RUSHMORE,RUSHMORE,Space Force,Northrop Grumman,FA821920C0006,"$10,801,259,923.19",4019,"$27,743,434,931.93",D8QQPFNYJD63,NORTHROP GRUMMAN SYSTEMS CORP,ROY,UTAH
RUSHMORE (Already normalized),RUSHMORE,Space Force,Northrop,FA821920C0006,"$10,801,259,923.19",4019,"$27,743,434,931.93",D8QQPFNYJD63,NORTHROP GRUMMAN SYSTEMS CORP,ROY,UTAH
Sentinel / GBSD,GBSD,Air Force,Northrop Grumman,FA821920C0006,"$10,801,259,923.19",4019,"$27,743,434,931.93",D8QQPFNYJD63,NORTHROP GRUMMAN SYSTEMS CORP,ROY,UTAH
Sentinel / GBSD,GBSD,Air Force,Northrop Grumman,FA821920C0006,"$10,801,259,923.19",4019,"$27,743,434,931.93",D8QQPFNYJD63,NORTHROP GRUMMAN SYSTEMS CORP,ROY,UTAH
Sentinel GBSD,GBSD,Air Force,Northrop Grumman,FA821920C0006,"$10,801,259,923.19",4019,"$27,743,434,931.93",D8QQPFNYJD63,NORTHROP GRUMMAN SYSTEMS CORP,ROY,UTAH
Sentinel GBSD,GBSD,Air Force,Northrop Grumman,FA821920C0006,"$10,801,259,923.19",4019,"$27,743,434,931.93",D8QQPFNYJD63,NORTHROP GRUMMAN SYSTEMS CORP,ROY,UTAH
Sentinel GBSD,GBSD / Sentinel,Air Force,Northrop Grumman,FA821920C0006,"$10,801,259,923.19",4019,"$27,743,434,931.93",D8QQPFNYJD63,NORTHROP GRUMMAN SYSTEMS CORP,ROY,UTAH
Sentinel GBSD (AFNWC Hill AFB Variant),GBSD / Sentinel,Air Force,Northrop Grumman,FA821920C0006,"$10,801,259,923.19",4019,"$27,743,434,931.93",D8QQPFNYJD63,NORTHROP GRUMMAN SYSTEMS CORP,ROY,UTAH
Sentinel GBSD (LGM-35A),GBSD / Sentinel,Air Force,Northrop Grumman,FA821920C0006,"$10,801,259,923.19",4019,"$27,743,434,931.93",D8QQPFNYJD63,NORTHROP GRUMMAN SYSTEMS CORP,ROY,UTAH
Sentinel ICBM / GBSD,GBSD,Air Force,Northrop Grumman,FA821920C0006,"$10,801,259,923.19",4019,"$27,743,434,931.93",D8QQPFNYJD63,NORTHROP GRUMMAN SYSTEMS CORP,ROY,UTAH
Sentinel Program Cybersecurity Core,Sentinel Cyber,Air Force,Northrop Grumman,FA821920C0006,"$10,801,259,923.19",4019,"$27,743,434,931.93",D8QQPFNYJD63,NORTHROP GRUMMAN SYSTEMS CORP,ROY,UTAH
STRATCOM Mission Readiness Support,SMORS,IC,Northrop Grumman (assumed),FA821920C0006,"$10,801,259,923.19",4019,"$27,743,434,931.93",D8QQPFNYJD63,NORTHROP GRUMMAN SYSTEMS CORP,ROY,UTAH
DISA Global Service Mgmt – Ops II,GSM-O II,DISA,Leidos,89243318CFE000003,"$960,260,804.00",2244,"$2,744,055,450.08",MYKLJHTX3MM7,"LEIDOS, INC.",MORGANTOWN,WEST VIRGINIA
Global Service Management – Operations II,GSM-O II,DISA,Leidos,89243318CFE000003,"$960,260,804.00",2244,"$2,744,055,450.08",MYKLJHTX3MM7,"LEIDOS, INC.",MORGANTOWN,WEST VIRGINIA
Global Service Mgmt – Ops II (variant),GSM-O II,DISA,Leidos,89243318CFE000003,"$960,260,804.00",2244,"$2,744,055,450.08",MYKLJHTX3MM7,"LEIDOS, INC.",MORGANTOWN,WEST VIRGINIA
Navy Enterprise Service Desk,NESD,Navy,Leidos,89243318CFE000003,"$960,260,804.00",2244,"$2,744,055,450.08",MYKLJHTX3MM7,"LEIDOS, INC.",MORGANTOWN,WEST VIRGINIA
"NGEN-R SMIT – Navy Next Generation Enterprise Network (Service Management, Integration & Transport)",NGEN-R SMIT,Navy,Leidos,89243318CFE000003,"$960,260,804.00",2244,"$2,744,055,450.08",MYKLJHTX3MM7,"LEIDOS, INC.",MORGANTOWN,WEST VIRGINIA
DIA ISEO,ISEO,DIA,Leidos,NSFDACS1219442,"$3,081,207,083.64",2094,"$1,083,585,676.04",NTWCWULE48A8,LOCKHEED MARTIN CORPORATION,,
DIA IT Sustainment & Enterprise Ops,ISEO,DIA,Leidos,NSFDACS1219442,"$3,081,207,083.64",2094,"$1,083,585,676.04",NTWCWULE48A8,LOCKHEED MARTIN CORPORATION,,
DIA IT Sustainment (ISEO),ISEO,DIA,Leidos,NSFDACS1219442,"$3,081,207,083.64",2094,"$1,083,585,676.04",NTWCWULE48A8,LOCKHEED MARTIN CORPORATION,,
DIA SITE III,SITE III,DIA,Leidos,NSFDACS1219442,"$3,081,207,083.64",2094,"$1,083,585,676.04",NTWCWULE48A8,LOCKHEED MARTIN CORPORATION,,
Distributed Common Ground System (AF),DCGS,Air Force,BAE; multiple,FA821413C0001,"$2,118,906,843.81",1634,"$1,197,559,266.92",LX3BSV6NNW58,BAE SYSTEMS TECHNOLOGY SOLUTIONS & SERVICES INC.,ROCKVILLE,MARYLAND
DIA EMERALD,EMERALD,NGA,Peraton (Perspecta heritage),80GSFC19C0063,"$1,414,704,681.90",1514,"$637,927,785.30",ZBPQEJVECCT4,PERATON INC.,HERNDON,VIRGINIA
GRASP (Raytheon/Peraton),GRASP,DoD,Peraton,80GSFC19C0063,"$1,414,704,681.90",1514,"$637,927,785.30",ZBPQEJVECCT4,PERATON INC.,HERNDON,VIRGINIA
NARSIL – Advanced Research for System Intelligence & Learning,NARSIL,IC,Peraton,80GSFC19C0063,"$1,414,704,681.90",1514,"$637,927,785.30",ZBPQEJVECCT4,PERATON INC.,HERNDON,VIRGINIA
NASA SENSE (Space Comms & Tracking),SENSE,NASA,Peraton,80GSFC19C0063,"$1,414,704,681.90",1514,"$637,927,785.30",ZBPQEJVECCT4,PERATON INC.,HERNDON,VIRGINIA
NASA Space Network Evolution,SENSE,NASA,Peraton,80GSFC19C0063,"$1,414,704,681.90",1514,"$637,927,785.30",ZBPQEJVECCT4,PERATON INC.,HERNDON,VIRGINIA
NGA Enterprise Engineering,NEE,NGA,Peraton (Perspecta heritage),80GSFC19C0063,"$1,414,704,681.90",1514,"$637,927,785.30",ZBPQEJVECCT4,PERATON INC.,HERNDON,VIRGINIA
Peraton NARSIL – Advanced System Intelligence,NARSIL,IC,Peraton,80GSFC19C0063,"$1,414,704,681.90",1514,"$637,927,785.30",ZBPQEJVECCT4,PERATON INC.,HERNDON,VIRGINIA
DLA J6 Enterprise Technology Services 2.0,DLA JETS 2.0,DoD,Leidos; GDIT; Booz Allen; CACI; Peraton,47QFCA21F0018,"$1,379,603,153.12",1460,"$993,273,679.54",JCBMLGPE6Z71,BOOZ ALLEN HAMILTON INC,WASHINGTON,DISTRICT OF COLUMBIA
Justified SAP Security Contract (Hanscom/Bolling),needs-scrape,Air Force,Booz Allen Hamilton,47QFCA21F0018,"$1,379,603,153.12",1460,"$993,273,679.54",JCBMLGPE6Z71,BOOZ ALLEN HAMILTON INC,WASHINGTON,DISTRICT OF COLUMBIA
OUSD(P&R) PRISM (Consolidated),PRISM,DoD,"11 primes (CTC, SAIC, Booz Allen, ManTech…)",47QFCA21F0018,"$1,379,603,153.12",1460,"$993,273,679.54",JCBMLGPE6Z71,BOOZ ALLEN HAMILTON INC,WASHINGTON,DISTRICT OF COLUMBIA
PRISM Support Services (Consolidated),PRISM,DoD,"11 MA-IDIQ primes (incl. CTC, SAIC, Booz Allen, ManTech)",47QFCA21F0018,"$1,379,603,153.12",1460,"$993,273,679.54",JCBMLGPE6Z71,BOOZ ALLEN HAMILTON INC,WASHINGTON,DISTRICT OF COLUMBIA
Kennedy Space Center BOSS,KSC BOSS,NASA,Jacobs / Amentum (past),NNK13MA14C,"$2,099,373,524.58",1368,"$12,336,512,181.96",H2RGSKWXKHQ5,"AMENTUM TECHNOLOGY, INC.",ORLANDO,FLORIDA
NAVAIR Flight Operations Support,NAVAIR Flight Ops,Navy,Vertex Aerospace,NNK13MA14C,"$2,099,373,524.58",1368,"$12,336,512,181.96",H2RGSKWXKHQ5,"AMENTUM TECHNOLOGY, INC.",ORLANDO,FLORIDA
NORAD/NORTHCOM IT Infrastructure Support (NISSC II),NISSC II,Air Force,Jacobs,NNK13MA14C,"$2,099,373,524.58",1368,"$12,336,512,181.96",H2RGSKWXKHQ5,"AMENTUM TECHNOLOGY, INC.",ORLANDO,FLORIDA
Mark 48 Heavyweight Torpedo,Mk-48,Navy,Raytheon (indicative),N0002422C5500,"$3,265,910,249.19",857,"$1,431,067,054.28",YD6LTFVUZNG1,RAYTHEON COMPANY,ANDOVER,MASSACHUSETTS
Mark-48 Torpedo (sub-program reference),Mark-48,Navy,Raytheon (indicative),N0002422C5500,"$3,265,910,249.19",857,"$1,431,067,054.28",YD6LTFVUZNG1,RAYTHEON COMPANY,ANDOVER,MASSACHUSETTS
DIA Battlefield Information Networks / BICES-X,BICES-X,DIA,CACI,47QFRA24F0005,"$681,999,277.86",752,"$1,008,209,906.52",N3PBJAVNKF61,"CACI, INC. - FEDERAL",ARLINGTON,VIRGINIA
DIA SITE III IDIQ,SITE III,DIA,"Leidos, CACI, others",47QFRA24F0005,"$681,999,277.86",752,"$1,008,209,906.52",N3PBJAVNKF61,"CACI, INC. - FEDERAL",ARLINGTON,VIRGINIA
NextGen GEO (Network/Ops),NGG,Space Force,Northrop Grumman,FA881018C0006,"$3,084,107,116.60",595,"$1,492,840,257.26",VSBAFMDKTWL4,NORTHROP GRUMMAN SYSTEMS CORPORATION,REDONDO BEACH,CALIFORNIA
Next-Gen OPIR (Ground + Payload),Next-Gen OPIR,Space Force,Northrop Grumman,FA881018C0006,"$3,084,107,116.60",595,"$1,492,840,257.26",VSBAFMDKTWL4,NORTHROP GRUMMAN SYSTEMS CORPORATION,REDONDO BEACH,CALIFORNIA
Next-Generation Overhead Persistent Infrared,NG OPIR (classified),Space Force,Northrop Grumman,FA881018C0006,"$3,084,107,116.60",595,"$1,492,840,257.26",VSBAFMDKTWL4,NORTHROP GRUMMAN SYSTEMS CORPORATION,REDONDO BEACH,CALIFORNIA
INSCOM IT Support Services (current TO iteration),IT2S4 / I2TS,Army,GDIT,W56HZV19C0036,"$1,359,959,159.89",471,"$299,385,530.49",HAWKSQF848W7,GENERAL DYNAMICS LAND SYSTEMS INC.,STERLING HEIGHTS,MICHIGAN
INSCOM IT Support Services III,I2TS-III,Army,GDIT,W56HZV19C0036,"$1,359,959,159.89",471,"$299,385,530.49",HAWKSQF848W7,GENERAL DYNAMICS LAND SYSTEMS INC.,STERLING HEIGHTS,MICHIGAN
CBP Enterprise IT Support,CBP-Peraton,DHS,Peraton,GST0011AJ0025,"$609,128,623.96",315,"$535,137,651.00",JER6HDF9APP1,NORTHROP GRUMMAN INFORMATION TECHNOLOGY INC,MC LEAN,VIRGINIA
Data Center & Cloud Optimization,DCCO,DHS,Peraton / Leidos (indicative),GST0011AJ0025,"$609,128,623.96",315,"$535,137,651.00",JER6HDF9APP1,NORTHROP GRUMMAN INFORMATION TECHNOLOGY INC,MC LEAN,VIRGINIA
DHS Data Center 2,DC2,DHS,GDIT / Peraton (indicative),GST0011AJ0025,"$609,128,623.96",315,"$535,137,651.00",JER6HDF9APP1,NORTHROP GRUMMAN INFORMATION TECHNOLOGY INC,MC LEAN,VIRGINIA
JGLASS II – Shared Services,JGLASS II,DHS,Peraton / SAIC (indicative),GST0011AJ0025,"$609,128,623.96",315,"$535,137,651.00",JER6HDF9APP1,NORTHROP GRUMMAN INFORMATION TECHNOLOGY INC,MC LEAN,VIRGINIA
Army Integrated Battle Command System,IBCS,Army,Northrop Grumman,HQ085621C0003,"$2,395,436,919.18",234,"$1,607,946,416.57",F9PAEKAAXGB6,NORTHROP GRUMMAN SYSTEMS CORPORATION,CHANDLER,ARIZONA
"Command & Control, Battle Mgmt & Comms (MDA) – Secondary Row",C2BMC,MDA,Northrop Grumman,HQ085621C0003,"$2,395,436,919.18",234,"$1,607,946,416.57",F9PAEKAAXGB6,NORTHROP GRUMMAN SYSTEMS CORPORATION,CHANDLER,ARIZONA
"Command and Control, Battle Management & Communications (MDA)",C2BMC,MDA,Northrop Grumman,HQ085621C0003,"$2,395,436,919.18",234,"$1,607,946,416.57",F9PAEKAAXGB6,NORTHROP GRUMMAN SYSTEMS CORPORATION,CHANDLER,ARIZONA
GMD Weapon System (Ground C2),GWS (GMD),MDA,Northrop Grumman,HQ085621C0003,"$2,395,436,919.18",234,"$1,607,946,416.57",F9PAEKAAXGB6,NORTHROP GRUMMAN SYSTEMS CORPORATION,CHANDLER,ARIZONA
GMD Weapon System Modernization,GWS (GMD),MDA,Northrop Grumman,HQ085621C0003,"$2,395,436,919.18",234,"$1,607,946,416.57",F9PAEKAAXGB6,NORTHROP GRUMMAN SYSTEMS CORPORATION,CHANDLER,ARIZONA
Ground-Based Interceptor,GBI,MDA,Boeing (lead),HQ085621C0003,"$2,395,436,919.18",234,"$1,607,946,416.57",F9PAEKAAXGB6,NORTHROP GRUMMAN SYSTEMS CORPORATION,CHANDLER,ARIZONA
Ground-Based Midcourse Defense,GMD,MDA,Boeing (prime); Northrop & Raytheon (NGI),HQ085621C0003,"$2,395,436,919.18",234,"$1,607,946,416.57",F9PAEKAAXGB6,NORTHROP GRUMMAN SYSTEMS CORPORATION,CHANDLER,ARIZONA
Hypersonic & Ballistic Tracking Space Sensor,HBTSS,MDA,Northrop & L3Harris (co-primes),HQ085621C0003,"$2,395,436,919.18",234,"$1,607,946,416.57",F9PAEKAAXGB6,NORTHROP GRUMMAN SYSTEMS CORPORATION,CHANDLER,ARIZONA
MDA Tactical Embedded Systems,,MDA,Northrop Grumman,HQ085621C0003,"$2,395,436,919.18",234,"$1,607,946,416.57",F9PAEKAAXGB6,NORTHROP GRUMMAN SYSTEMS CORPORATION,CHANDLER,ARIZONA
Next Generation Interceptor,NGI,MDA,Northrop Grumman & Boeing,HQ085621C0003,"$2,395,436,919.18",234,"$1,607,946,416.57",F9PAEKAAXGB6,NORTHROP GRUMMAN SYSTEMS CORPORATION,CHANDLER,ARIZONA
DTRA Integrated IT Support Services,I3TS,DoD,Leidos,70T04019C9DAP3006,"$862,620,736.01",222,"$556,879,966.00",UE9QJD4KK1L6,"LEIDOS, INC.",RESTON,VIRGINIA
DTRA Integrated IT Support Services,DTRA I3TS,DoD,Leidos,70T04019C9DAP3006,"$862,620,736.01",222,"$556,879,966.00",UE9QJD4KK1L6,"LEIDOS, INC.",RESTON,VIRGINIA
DTRA IT Support Modernization,I3TS,DoD,Leidos,70T04019C9DAP3006,"$862,620,736.01",222,"$556,879,966.00",UE9QJD4KK1L6,"LEIDOS, INC.",RESTON,VIRGINIA
Integrated Base Defense Security System,IBDS,Army,Leidos,70T04019C9DAP3006,"$862,620,736.01",222,"$556,879,966.00",UE9QJD4KK1L6,"LEIDOS, INC.",RESTON,VIRGINIA
Integrated Strategic & Expeditionary Operations (DIA ISEO variant),ISEO (ISE Ops),DIA,Leidos,70T04019C9DAP3006,"$862,620,736.01",222,"$556,879,966.00",UE9QJD4KK1L6,"LEIDOS, INC.",RESTON,VIRGINIA
GBS (Global Broadcast Service),GBS,DISA,L3Harris (historical),N0003022C2001,"$421,512,821.00",172,"$39,158,009,924,318.03",JYAPS9B2MKE9,L3HARRIS INTERSTATE ELECTRONICS CORPORATION,ANAHEIM,CALIFORNIA
Global Broadcast Service,GBS,DISA,L3Harris,N0003022C2001,"$421,512,821.00",172,"$39,158,009,924,318.03",JYAPS9B2MKE9,L3HARRIS INTERSTATE ELECTRONICS CORPORATION,ANAHEIM,CALIFORNIA
16th Air Force Mission IT Support,16AF Mission IT,Air Force,ManTech,FA807519FA029,"$316,952,144.94",144,"$82,967,626.84",V9KKND8S1KJ3,MANTECH TSG-2 JOINT VENTURE,QUANTICO,VIRGINIA
CMS Enterprise Cloud Infrastructure Services,ECIS,DoD,Peraton / SAIC (indicative),47QFCA20F0015,"$600,708,181.07",138,"$271,638,793.42",MBSRAWAQ9559,PERATON ENTERPRISE SOLUTIONS LLC,HERNDON,VIRGINIA
DFAS Enterprise IT Support – Secondary Row,DFAS-Peraton,DoD,Peraton,47QFCA20F0015,"$600,708,181.07",138,"$271,638,793.42",MBSRAWAQ9559,PERATON ENTERPRISE SOLUTIONS LLC,HERNDON,VIRGINIA
DFAS Enterprise Support,DFAS-Peraton,DoD,Peraton,47QFCA20F0015,"$600,708,181.07",138,"$271,638,793.42",MBSRAWAQ9559,PERATON ENTERPRISE SOLUTIONS LLC,HERNDON,VIRGINIA
DIMS (Peraton),DIMS,Air Force,Peraton,47QFCA20F0015,"$600,708,181.07",138,"$271,638,793.42",MBSRAWAQ9559,PERATON ENTERPRISE SOLUTIONS LLC,HERNDON,VIRGINIA
CENTCOM Comms Tech Support V,CTSS V,DoD,GovCIO (Salient CRGT),36C10B22N10030034,"$308,757,507.34",114,"$322,311,557.38",D84JK2RNL7V4,"GOVCIO, LLC",COLUMBIA,MARYLAND
Comms Technical Support V,CTSS V,DoD,GovCIO (Salient CRGT),36C10B22N10030034,"$308,757,507.34",114,"$322,311,557.38",D84JK2RNL7V4,"GOVCIO, LLC",COLUMBIA,MARYLAND
CTSS V (Expanded Listing),CTSS V,DoD,GovCIO,36C10B22N10030034,"$308,757,507.34",114,"$322,311,557.38",D84JK2RNL7V4,"GOVCIO, LLC",COLUMBIA,MARYLAND
ARCYBER Information Advantage / Mission Support (general),ARCYBER,Army,Peraton / others (Peraton lead on ARCYBER Information Advantage Enterprise line; additional primes on related work),47QFCA19F0033,"$487,767,432.14",100,"$712,544,395.30",CJ38H41QMGA1,PERATON TECHNOLOGY SERVICES INC.,FORT GEORGE G MEADE,MARYLAND
CAAC (Peraton),CAAC,DoD,Peraton,47QFCA19F0033,"$487,767,432.14",100,"$712,544,395.30",CJ38H41QMGA1,PERATON TECHNOLOGY SERVICES INC.,FORT GEORGE G MEADE,MARYLAND
DC3 – Defense Cyber Crime Center,DC3,DoD,Peraton,47QFCA19F0033,"$487,767,432.14",100,"$712,544,395.30",CJ38H41QMGA1,PERATON TECHNOLOGY SERVICES INC.,FORT GEORGE G MEADE,MARYLAND
DC3 Cyber Crime Center – Secondary Row,DC3,DoD,Peraton,47QFCA19F0033,"$487,767,432.14",100,"$712,544,395.30",CJ38H41QMGA1,PERATON TECHNOLOGY SERVICES INC.,FORT GEORGE G MEADE,MARYLAND
Defense Cyber Crime Center,DC3,DoD,Peraton,47QFCA19F0033,"$487,767,432.14",100,"$712,544,395.30",CJ38H41QMGA1,PERATON TECHNOLOGY SERVICES INC.,FORT GEORGE G MEADE,MARYLAND
NARSIL,NARSIL,DoD,Peraton (indicative),47QFCA19F0033,"$487,767,432.14",100,"$712,544,395.30",CJ38H41QMGA1,PERATON TECHNOLOGY SERVICES INC.,FORT GEORGE G MEADE,MARYLAND
Peraton ARCYBER Information Advantage Enterprise,IAE,Army,Peraton,47QFCA19F0033,"$487,767,432.14",100,"$712,544,395.30",CJ38H41QMGA1,PERATON TECHNOLOGY SERVICES INC.,FORT GEORGE G MEADE,MARYLAND
Air Force Advanced Battle Management System,ABMS,Air Force,"Multiple: SAIC, Leidos, Booz Allen Hamilton",36C10B21N10150056,"$1,139,008,033.13",94,"$202,413,792.65",GLGMWJ8EVMR9,LIBERTY IT SOLUTIONS LLC,HERNDON,VIRGINIA
DTRA IAC-MAC Research & Analysis,IAC-MAC,DoD,CACI,GSQ0017AJ0006,"$960,038,373.03",92,"$214,206,282.90",N3PBJAVNKF61,"CACI, INC. - FEDERAL",RESTON,VIRGINIA
EUCOM/AFRICOM IT & Comms,,DoD,CACI,GSQ0017AJ0006,"$960,038,373.03",92,"$214,206,282.90",N3PBJAVNKF61,"CACI, INC. - FEDERAL",RESTON,VIRGINIA
JSP ETM (Pentagon IT),JSP ETM,DoD,CACI,GSQ0017AJ0006,"$960,038,373.03",92,"$214,206,282.90",N3PBJAVNKF61,"CACI, INC. - FEDERAL",RESTON,VIRGINIA
SCORPION (classified),SCORPION,DoD,CACI (context only),GSQ0017AJ0006,"$960,038,373.03",92,"$214,206,282.90",N3PBJAVNKF61,"CACI, INC. - FEDERAL",RESTON,VIRGINIA
SSA IT Support Services Contract,ITSSC,CIA,Leidos / Accenture Federal (indicative),28321322FDS030130,"$1,062,905,628.31",85,"$276,743,216.28",MYKLJHTX3MM7,"LEIDOS, INC.",BALTIMORE,MARYLAND
DISA JWCC – Joint Warfighting Cloud Capability,JWCC,DISA,Amazon; Microsoft; Google; Oracle,W91CRB20F0448,"$290,537,976.81",83,"$44,444,302.06",H2RGSKWXKHQ5,"AMENTUM TECHNOLOGY, INC.",ABERDEEN PROVING GROUND,MARYLAND
Joint Warfighting Cloud Capability,JWCC,DoD,AWS; Microsoft; Google; Oracle,W91CRB20F0448,"$290,537,976.81",83,"$44,444,302.06",H2RGSKWXKHQ5,"AMENTUM TECHNOLOGY, INC.",ABERDEEN PROVING GROUND,MARYLAND
JWCC – ATAT Expansion Path,JWCC,DISA,AWS; Microsoft; Google; Oracle,W91CRB20F0448,"$290,537,976.81",83,"$44,444,302.06",H2RGSKWXKHQ5,"AMENTUM TECHNOLOGY, INC.",ABERDEEN PROVING GROUND,MARYLAND
MOJAVE / ACADIA,,NGA,CACI (indicative),47QFCA20F0010,"$824,303,222.05",80,"$517,776,274.72",N3PBJAVNKF61,"CACI, INC. - FEDERAL",CHANTILLY,VIRGINIA
SITEC III – Enterprise Operations & Maintenance,SITEC III,SOCOM,Peraton,47QFCA24F0002,"$621,308,462.00",78,"$2,048,969,727.40",ZBPQEJVECCT4,PERATON INC.,TAMPA,FLORIDA
AFCENT SCORPION Cyber Task (ISSO/ISSM Support),SCORPION,Air Force,CACI,FA882316C0004,"$600,725,818.08",68,"$11,638,145.36",L2TTR2QRV8H9,"CACI NSS, LLC",COLORADO SPRINGS,COLORADO
Air Force Cyber Operations / Platform One + Cyber/DevSecOps Portfolio,Platform One / Cyber Portfolio,Air Force,SAIC; Leidos; CACI; Booz Allen Hamilton (aggregate DevSecOps/Cyber vendors supporting CSO & P1),FA882316C0004,"$600,725,818.08",68,"$11,638,145.36",L2TTR2QRV8H9,"CACI NSS, LLC",COLORADO SPRINGS,COLORADO
CAMMO (AF Satellite Control Network O&M),CAMMO,Space Force,CACI,FA882316C0004,"$600,725,818.08",68,"$11,638,145.36",L2TTR2QRV8H9,"CACI NSS, LLC",COLORADO SPRINGS,COLORADO
Consolidated AFSCN Mod & Ops,CAMMO,Space Force,CACI (via L-3 NSS acquisition),FA882316C0004,"$600,725,818.08",68,"$11,638,145.36",L2TTR2QRV8H9,"CACI NSS, LLC",COLORADO SPRINGS,COLORADO
Consolidated AFSCN Mod & Ops – Secondary Row,CAMMO,Space Force,CACI,FA882316C0004,"$600,725,818.08",68,"$11,638,145.36",L2TTR2QRV8H9,"CACI NSS, LLC",COLORADO SPRINGS,COLORADO
EITaaS (Pilot – USAF),EITaaS,Air Force,CACI (pilot),FA882316C0004,"$600,725,818.08",68,"$11,638,145.36",L2TTR2QRV8H9,"CACI NSS, LLC",COLORADO SPRINGS,COLORADO
EUCOM / AFRICOM IT & Communications Support,EUCOM/AFRICOM IT,Air Force,CACI,FA882316C0004,"$600,725,818.08",68,"$11,638,145.36",L2TTR2QRV8H9,"CACI NSS, LLC",COLORADO SPRINGS,COLORADO
EUCOM/AFRICOM IT & Comms Support,,Air Force,CACI,FA882316C0004,"$600,725,818.08",68,"$11,638,145.36",L2TTR2QRV8H9,"CACI NSS, LLC",COLORADO SPRINGS,COLORADO
DGFS (RTX),DGFS,DoD,Raytheon (RTX),N0001918C1021,"$8,688,654,906.89",53,"$239,545,634.04",QN1BCFY7JDJ5,RTX CORPORATION,EAST HARTFORD,CONNECTICUT
Future Operationally Resilient Ground Evolution,FORGE,Space Force,Raytheon (Mission Data Apps); BAE (C2),N0001918C1021,"$8,688,654,906.89",53,"$239,545,634.04",QN1BCFY7JDJ5,RTX CORPORATION,EAST HARTFORD,CONNECTICUT
LATERALUS (IC Space ISR),LATERALUS,NSA,Raytheon,N0001918C1021,"$8,688,654,906.89",53,"$239,545,634.04",QN1BCFY7JDJ5,RTX CORPORATION,EAST HARTFORD,CONNECTICUT
LATERALUS (Space ISR),LATERALUS,NSA,Raytheon,N0001918C1021,"$8,688,654,906.89",53,"$239,545,634.04",QN1BCFY7JDJ5,RTX CORPORATION,EAST HARTFORD,CONNECTICUT
CBP Traveler Processing & Vetting / BISS,TPVS / BISS,DHS,ManTech (TPVS/BISS); CACI (BISS follow-on),70B04C20F00001357,"$251,830,777.48",32,"$267,764,307.75",JY2BDT2K58Z6,"MANTECH ADVANCED SYSTEMS INTERNATIONAL, INC.",HERNDON,VIRGINIA
Army Backbone Infrastructure Modernization – Task Order 2,BIM TO2,Army,CACI,W15QKN15C0049,"$733,720,754.55",16,"$35,755,164.88",EPPXR2P9KYU6,"CACI-ISS, LLC",CHANTILLY,VIRGINIA
Army Backbone Infrastructure Modernization – Task Order 3,BIM TO3,Army,CACI,W15QKN15C0049,"$733,720,754.55",16,"$35,755,164.88",EPPXR2P9KYU6,"CACI-ISS, LLC",CHANTILLY,VIRGINIA
Army Integrated Battle Command System Support,IBCS,Army,Northrop Grumman (prime); CACI (support),W15QKN15C0049,"$733,720,754.55",16,"$35,755,164.88",EPPXR2P9KYU6,"CACI-ISS, LLC",CHANTILLY,VIRGINIA
GENMOD / VMOD (Army Network/Voice Modernization),GENMOD/VMOD,Army,CACI,W15QKN15C0049,"$733,720,754.55",16,"$35,755,164.88",EPPXR2P9KYU6,"CACI-ISS, LLC",CHANTILLY,VIRGINIA
GENMOD / VMOD (Network Modernization),GENMOD,Army,CACI,W15QKN15C0049,"$733,720,754.55",16,"$35,755,164.88",EPPXR2P9KYU6,"CACI-ISS, LLC",CHANTILLY,VIRGINIA
GENMOD / VMOD 2 – Field Service Technicians,VMOD 2,Army,CACI,W15QKN15C0049,"$733,720,754.55",16,"$35,755,164.88",EPPXR2P9KYU6,"CACI-ISS, LLC",CHANTILLY,VIRGINIA
INSCOM GILE Support,GILE,Army,CACI,W15QKN15C0049,"$733,720,754.55",16,"$35,755,164.88",EPPXR2P9KYU6,"CACI-ISS, LLC",CHANTILLY,VIRGINIA
Intelligence Community Infrastructure Support,I2TS-Next,Army,Jacobs,140R4024C0013,"$263,095,350.76",16,"$249,531,897.96",WEBHVDKSC4T5,JACOBS PROJECT MANAGEMENT CO.,FARMINGTON,NEW MEXICO
ITEMSS (IT Enterprise Mgmt Systems Solution),ITEMSS,Army,CACI,W15QKN15C0049,"$733,720,754.55",16,"$35,755,164.88",EPPXR2P9KYU6,"CACI-ISS, LLC",CHANTILLY,VIRGINIA
MPCO VMOD (Voice Modernization),VMOD,Army,CACI (indicative),W15QKN15C0049,"$733,720,754.55",16,"$35,755,164.88",EPPXR2P9KYU6,"CACI-ISS, LLC",CHANTILLY,VIRGINIA
Defense Enterprise Office 365 Migration / DoD365,DOD365,DISA,Microsoft,47QFCA22F0047,"$998,940,122.69",4,"$8,680,894.64",JCBMLGPE6Z71,BOOZ ALLEN HAMILTON INC,MCLEAN,VIRGINIA
Army IT Enterprise Mgmt Systems Solution,ITEMSS,Army,CACI,47QFRA19F0011,"$708,253,079.87",2,"$10,015,496.00",N3PBJAVNKF61,"CACI, INC. - FEDERAL",ARLINGTON,VIRGINIA
CISA Enterprise Support (CACI),CISA-CACI,DHS,CACI,47QFRA19F0011,"$708,253,079.87",2,"$10,015,496.00",N3PBJAVNKF61,"CACI, INC. - FEDERAL",ARLINGTON,VIRGINIA
Defense Satellite Communications Modernization,DSCM (Satellite),Space Force,CACI,47QFRA19F0011,"$708,253,079.87",2,"$10,015,496.00",N3PBJAVNKF61,"CACI, INC. - FEDERAL",ARLINGTON,VIRGINIA
DISA ENCORE III Cyber Task Orders,ENCORE III Cyber,DISA,CACI,47QFRA19F0011,"$708,253,079.87",2,"$10,015,496.00",N3PBJAVNKF61,"CACI, INC. - FEDERAL",ARLINGTON,VIRGINIA
DoD Joint Service Provider – Pentagon IT & ICAM,JSP,DoD,CACI (incumbent),47QFRA19F0011,"$708,253,079.87",2,"$10,015,496.00",N3PBJAVNKF61,"CACI, INC. - FEDERAL",ARLINGTON,VIRGINIA
EUCOM/AFRICOM Enterprise IT & Comms Support,DCWAS (ref name),DoD,CACI,47QFRA19F0011,"$708,253,079.87",2,"$10,015,496.00",N3PBJAVNKF61,"CACI, INC. - FEDERAL",ARLINGTON,VIRGINIA
JSP Enterprise IT,JSP,DoD,CACI,47QFRA19F0011,"$708,253,079.87",2,"$10,015,496.00",N3PBJAVNKF61,"CACI, INC. - FEDERAL",ARLINGTON,VIRGINIA
NGA Enterprise IT Modernization – MOJAVE / ACADIA,MOJAVE / ACADIA,NGA,CACI,47QFRA19F0011,"$708,253,079.87",2,"$10,015,496.00",N3PBJAVNKF61,"CACI, INC. - FEDERAL",ARLINGTON,VIRGINIA
