Program Name,Acronym,Agency Owner,BD Priority,Clearance Requirements,Confidence Level,Contract Value,Contract Vehicle,Key Locations,Keywords/Signals,Known Subcontractors,PTS Involvement,Period of Performance,Prime Contractor Name,Program Type,Recompete Date,Source Evidence,Typical Roles,Contract Number,Acronym_contract,Match Confidence,Match Score,Tech Stack (Basic),Functional Areas,Job Titles,Contract Signed Date (FPDS),Contract Effective Date (FPDS),Current Completion Date (FPDS),Ultimate Completion Date (FPDS),Base Contract Value (FPDS),Base + Options Value (FPDS),Performance Location (FPDS),FPDS NAICS Code,FPDS PSC Code,NAICS Description,PSC Description,Labor Rate Min,Labor Rate Max,Labor Rate Average,Education Requirement,Experience Requirement,Annual Salary Range,CALC API Status
16th Air Force Mission IT Support,16AF Mission IT,Air Force,nan,"Secret, TS/SCI",High,$261M,nan,Lackland TX; Eglin/Tyndall FL; Nellis NV; Hill UT,Multi-base coverage,Specialty subs (EW/cyber),nan,nan,ManTech,Cyber,nan,"‚Äú$261M‚Ä¶ multiple AF bases (Lackland, Nellis, Hill‚Ä¶)‚Äù","Mission help desk, Software support techs, Cyber ops, EW techs",FA807519FA029,16AF Mission IT,Medium,1,,,,,,,,,,,,,,,,,,,,,Not Queried
53rd Air Wing IT/EW Support,53rd Air Wing,Air Force,Medium,"Secret, TS/SCI",Medium,nan,nan,"Eglin AFB FL; Nellis AFB NV; Hill AFB UT (53rd EW Group, Test & Evaluation)","‚ÄúAF EW/cyber‚Äù, ‚Äú53rd Wing‚Äù, ‚ÄúIT/EW support‚Äù, ‚Äútest & evaluation‚Äù, ‚ÄúEglin/Nellis/Hill‚Äù, ‚Äúweapon system EW‚Äù, ‚Äúoperational test‚Äù, ‚Äúcyber test infrastructure‚Äù",nan,Target,nan,"SAIC / Leidos (indicative, not confirmed)",Cyber,nan,No explicit listing in files; derived from 53rd Wing (EW/cyber test) mission set + your field inputs,Cybersecurity engineers; EW engineers; Spectrum operations; Software test engineers; Range IT/mission support techs; Data analysts; Systems engineers (EW/cyber test); Network engineers,FA877319FA023,53rd Air Wing,Medium,2,,,,,,,,,,,,,,,,,,,,,Not Queried
Advanced Battle Management System,ABMS,Air Force,Medium,"Secret, Top Secret",Medium,nan,MULTIPLE CONTRACTS,"Eglin AFB, FL; Hanscom AFB, MA",FVL / LRPF / AMD / NGCV / Network / Soldier,"CACI, Raytheon",nan,nan,Multi (SAIC supports parts),Professional Services,nan,"Multiple primes (Lockheed, Raytheon, Northrop, BAE, GD, etc. depending on portfolio)",AUSA Modernization Portfolios (aggregate),FA251822F0034,ABMS,Medium,2,,,,,,,,,,,,,,,,,,,,,Not Queried
Advanced Medium-Range Air-to-Air Missile (AMRAAM) Production & Sustainment,AMRAAM,Air Force,nan,"Secret, Top Secret",High,Multi-$B,nan,Tucson AZ (Raytheon missile facilities); additional supplier sites across U.S. and allied nations,‚ÄúAMRAAM‚Äù; ‚ÄúMulti-$B‚Äù; ‚ÄúProduction‚Äù; Raytheon; USAF/USN missile engineering,nan,nan,nan,Raytheon,Weapon Systems,nan,"User line identifying Raytheon, AMRAAM, multi-$B, production; detailed contract IDs and lot breakdown not present ‚Üí specific financials/vehicles remain high-level",Missile engineers; systems engineers; guidance and control engineers; hardware/electronics engineers; test engineers; production engineering staff; configuration and quality engineers,W31P4Q15C0022,AMRAAM,Medium,2,,,,,,,,,,,,,,,,,,,,,Not Queried
Aegis Ballistic Missile Defense / Aegis Program,Aegis,Navy,nan,"Secret, TS/SCI",Medium,nan,nan,"Aegis ashore and afloat sites; e.g., Aurora CO; Huntsville AL; shipyards",ABMS,nan,nan,nan,Lockheed Martin,Professional Services,nan,Multiple (SAIC supports parts as SE&I / integration),Advanced Battle Management System,N0001917C0001,Aegis,Medium,1,,,,,,,,,,,,,,,,,,,,,Not Queried
AF National Capital Region IT Support (AFNCR),AFNCR IT,Air Force,nan,Secret,Medium,$450M,nan,Pentagon; Joint Base Andrews (JBA),"‚ÄúAFNCR IT‚Äù, ‚ÄúPentagon/JBA‚Äù, ‚Äúdesktop/net ops‚Äù, ‚Äú844th CG‚Äù",nan,nan,nan,Leidos (historical incumbent),nan,nan,Derived from AFNCR/844th CG Leidos support notes in your files,Desktop support; network operations; service desk; infrastructure techs; VIP support,HHSN261200800001E,AFNCR IT,Low,0,,,,,,,,,,,,,,,,,,,,,Not Queried
AFCENT SCORPION Cyber Task (ISSO/ISSM Support),SCORPION,Air Force,nan,"Secret, TS/SCI",Medium,nan,nan,nan,‚ÄúISSO/ISSM ‚Äì SCORPION‚Ä¶ interviews (10/23‚Äì10/24)‚Äù; AFCENT cyber task; RMF/ISSO/ISSM focus; SCORPION program codename,nan,nan,nan,CACI,Cyber,nan,nan,Information System Security Officers (ISSO); Information System Security Managers (ISSM); Cyber manager/lead; potential supporting cyber analysts and RMF documentation staff,FA882316C0004,SCORPION,Medium,2,,,,,,,,,,,,,,,,,,,,,Not Queried
Air Force Advanced Battle Management System,ABMS,Air Force,nan,"Secret, Top Secret",Medium,nan,nan,"Eglin AFB, FL; Hanscom AFB, MA","Various (e.g., AFA Events)","CACI, Raytheon",nan,nan,"Multiple: SAIC, Leidos, Booz Allen Hamilton",Space,nan,"Multiple (Leidos, SAIC, Northrop, etc. as exhibitors/sponsors)",Air & Space Cyber Conference Programs,36C10B21N10150056,ABMS,Medium,1,,,,,,,,,,,,,,,,,,,,,Not Queried
Air Force Cyber Operations / Platform One + Cyber/DevSecOps Portfolio,Platform One / Cyber Portfolio,Air Force,nan,"Secret, TS/SCI",Medium,$1B,nan,San Antonio TX; Colorado Springs CO; remote DevSecOps hubs,"‚ÄúPlatform One,‚Äù ‚ÄúCloud One,‚Äù ‚ÄúZero Trust,‚Äù ‚ÄúDevSecOps,‚Äù ‚ÄúAgile Software Factory‚Äù",nan,nan,nan,SAIC; Leidos; CACI; Booz Allen Hamilton (aggregate DevSecOps/Cyber vendors supporting CSO & P1),Cyber,nan,Prime TS BD Intelligence Automation doc (L140‚ÄìL160),DevSecOps engineers; software developers; cloud engineers; Zero Trust engineers; Agile software factory personnel,FA882316C0004,Platform One / Cyber Portfolio,High,5,,,,,,,,,,,,,,,,,,,,,Not Queried
Air Force GIS Program (Lockheed Martin),AFGIS (LM),Air Force,nan,Secret,Medium,nan,nan,AFLCMC (multiple program offices),‚ÄúGeospatial systems‚Äù; ‚ÄúAFGIS (LM)‚Äù,nan,nan,nan,Lockheed Martin,Intel,nan,Appears in BD automation sources,GIS engineers; geospatial analysts; systems integrators,N0001902C3002,AFGIS (LM),Medium,2,,,,,,,,,,,,,,,,,,,,,Not Queried
Air Force Platform One / DevSecOps Initiative,Platform One,Air Force,Medium,"Secret, Top Secret",Medium,nan,AGILE SOFTWARE / CLOUD / DEVSECOPS,San Antonio TX; Colorado Springs CO,"‚ÄúPlatform One,‚Äù ‚ÄúZero Trust,‚Äù ‚ÄúDevSecOps‚Äù",Kessel Run; SAIC; Deloitte,Target,nan,USAF (Internal),Cyber,nan,Included heavily in BD automation datasets,DevSecOps engineers; cloud engineers; CI/CD architects,nan,nan,nan,nan,,,,,,,,,,,,,,,,,,,,,Not Queried
ARCYBER Information Advantage / Mission Support (general),ARCYBER,Army,üü† High,"Polygraph, Secret, TS/SCI, TS/SCI w/ Poly, Top Secret",High,$889M,Services,"Fort Eisenhower GA (ARCYBER HQ); additional locations including Fort Meade MD, Pentagon/NCR, and distributed cyber units as required by task orders",‚ÄúARCYBER‚Äù; ‚ÄúInformation Advantage Enterprise‚Äù; $889M services; cyber/EW/IO mission support,nan,Target,nan,Peraton / others (Peraton lead on ARCYBER Information Advantage Enterprise line; additional primes on related work),Cyber,nan,nan,Cyber operators; hunt/defend teams; EW and IO planners; cyber intel analysts; mission planners; developers/engineers for cyber tools; strategy/policy analysts; training and exercise support; project/program managers,47QFCA19F0033,ARCYBER,High,9,,,,,,,,,,,,,,,,,,,,,Not Queried
Army ‚ÄúProject Convergence‚Äù,nan,Army,nan,Top Secret,Medium,nan,nan,Secret,R&D,nan,nan,nan,SAIC,Professional Services,nan,Medium,‚ÄúAI/automation experimentation‚Äù; ‚ÄúJADC2 exercises‚Äù,W15QKN19F1290,nan,Medium,1,,,,,,,,,,,,,,,,,,,,,Not Queried
Army AESD Enterprise Service Desk,AESD,Army,nan,Secret,High,$757M,nan,Fort Liberty NC; Fort Sam Houston TX,‚ÄúSAIC‚Äôs AESD hiring lead‚Äù; ‚ÄúPTS leveraged mutual contacts‚Äù,PTS (warm contact),nan,nan,SAIC,nan,nan,‚ÄúArmy AESD ‚Äì $757M global helpdesk contract (Prime: SAIC)‚Äù,Helpdesk agents; desktop techs; Tier 1‚Äì2 enterprise IT support,FA877319FA023,AESD,Medium,1,,,,,,,,,,,,,,,,,,,,,Not Queried
Army ALTESS Cloud Hosting,ALTESS,Army,nan,Secret,Medium,nan,nan,Radford VA; Fort Belvoir VA,‚ÄúArmy ERP hosting‚Äù; ‚ÄúALTESS Cloud‚Äù,nan,nan,nan,Leidos,nan,nan,Repeated ALTESS references in staffing history,Cloud/ERP admins; system administrators; cybersecurity staff,HHSN261200800001E,ALTESS,Low,0,,,,,,,,,,,,,,,,,,,,,Not Queried
Army AvMC Enterprise IT Support,EITSS,Army,nan,Secret,High,$404M,nan,Redstone Arsenal AL,"‚ÄúHelp desk, sys admins, net ops‚Äù; ‚ÄúIPTA scaling up 100+ positions at Redstone‚Äù","Larger firms as needed (SAIC, Leidos, etc., for surge)",nan,nan,IPTA (SDVOSB),nan,nan,IPTA AvMC EITSS description,Help desk; sysadmins; network operations; user support; IT ops,nan,nan,nan,nan,,,,,,,,,,,,,,,,,,,,,Not Queried
Army AvMC Enterprise IT Support Services,EITSS,Army,nan,Secret,High,$404M,nan,Redstone Arsenal / Huntsville AL,‚ÄúIPTA AvMC EITSS‚Ä¶ hiring‚Ä¶ Huntsville‚Äù; ‚ÄúInsight Global posting IT Support Tech‚Äù,SAIC / Leidos (minor); local SBs,nan,nan,IPTA (SDVOSB),nan,nan,IPTA award reference,Help desk; systems & network admin; cyber analyst; asset management,nan,nan,nan,nan,,,,,,,,,,,,,,,,,,,,,Not Queried
Army Backbone Infrastructure Modernization ‚Äì Task Order 2,BIM TO2,Army,nan,Secret,Medium,$3M,nan,Secret ‚Üí TS/SCI,C5ISR / IT Ops,nan,nan,nan,CACI,Professional Services,nan,Medium,‚ÄúCACI BIM TO2 Wireless Network Engineer ‚Äì OCONUS‚Äù,W15QKN15C0049,BIM TO2,Medium,2,,,,,,,,,,,,,,,,,,,,,Not Queried
Army Backbone Infrastructure Modernization ‚Äì Task Order 3,BIM TO3,Army,nan,Secret,Medium,$3M,nan,TS/SCI,C5ISR / IT Ops,nan,nan,nan,CACI,Professional Services,nan,Medium,‚ÄúCACI BIM TO3 ‚Äì Network Operations Engineer TS/SCI‚Äù,W15QKN15C0049,BIM TO3,Medium,2,,,,,,,,,,,,,,,,,,,,,Not Queried
Army Enterprise Service Desk,AESD,Army,nan,"Public Trust, Secret",High,$757M,nan,24√ó7 CONUS call centers; virtual & global remote support,‚ÄúGlobal service desk 24√ó7‚Äù; ‚Äúhundreds of Tier 1‚Äì2 agents‚Äù,"Large recruiting firms (Insight Global, TEKsystems, etc.)",nan,nan,SAIC,nan,nan,SAIC AESD references (Top 20 Programs),Tier 1‚Äì2 support; ITSM/ServiceNow; sysadmin overflow; identity/account support,FA877319FA023,AESD,Medium,1,,,,,,,,,,,,,,,,,,,,,Not Queried
Army Enterprise Service Management Framework,AESMF,Army,nan,Secret,Medium,nan,nan,Secret / TS,IT Ops,nan,nan,nan,SAIC,Professional Services,nan,Medium,"‚ÄúAESMF, ITIL, Army, Adelphi/Aberdeen, 24√ó7‚Äù",W15QKN19F1290,AESMF,Medium,2,,,,,,,,,,,,,,,,,,,,,Not Queried
Army Futures Command ‚Äì Project Convergence,nan,Army,nan,Top Secret,Medium,nan,nan,Secret,R&D / C5ISR,nan,nan,nan,SAIC (major integrator; autonomy & AI work),Data,nan,Medium,‚ÄúAI/autonomy experiments‚Äù; ‚ÄúProject Convergence‚Äù,W15QKN19F1290,nan,Medium,1,,,,,,,,,,,,,,,,,,,,,Not Queried
Army Integrated Battle Command System,IBCS,Army,nan,"Secret, Top Secret",High,$2.7B,nan,Huntsville AL; Fort Sill OK; distributed test ranges,"‚ÄúIBCS,‚Äù ‚ÄúMissile Defense,‚Äù ‚ÄúNorthrop,‚Äù ‚ÄúCommand and Control‚Äù",Lockheed Martin; Raytheon (sensors/missiles); others,nan,nan,Northrop Grumman,nan,nan,Top 20 DoD Programs,Systems engineers; radar engineers; C2 software developers; missile integration engineers,HQ085621C0003,IBCS,Medium,2,,,,,,,,,,,,,,,,,,,,,Not Queried
Army Integrated Battle Command System Support,IBCS,Army,nan,"Secret, Top Secret",Medium,Multi-$B,nan,Huntsville AL; White Sands NM; Fort Bliss TX,‚ÄúArmy IBCS‚Ä¶ CACI hiring Systems Integration Engineers in Huntsville‚Äù,SAIC; Raytheon; Torch; Dynetics,nan,nan,Northrop Grumman (prime); CACI (support),nan,nan,nan,Systems Integration; Test; SW Eng,W15QKN15C0049,IBCS,High,3,,,,,,,,,,,,,,,,,,,,,Not Queried
Army IT Enterprise Mgmt Systems Solution,ITEMSS,Army,nan,"Public Trust, Secret",High,$880M,nan,Arlington VA; Springfield VA; National Guard sites nationwide,"‚ÄúCACI Agile Solution Factory‚Ä¶ software, cyber, network support, distance learning‚Ä¶ modernizing legacy systems‚Äù",MetroStar; Octo; other Agile Dev partners,nan,nan,CACI,Cyber,nan,ITEMSS award and capability description,Agile software developers; cybersecurity engineers; trainers; distance-learning and ERP support,47QFRA19F0011,ITEMSS,High,3,,,,,,,,,,,,,,,,,,,,,Not Queried
Army IT Enterprise Solutions ‚Äì 3 Services,ITES-3S,Army,nan,Secret,High,$12.1B,nan,Army / DoD enterprise-wide,‚ÄúITES-3S‚Ä¶ $12.1B‚Ä¶ 135 awardees‚Ä¶ sub-heavy work‚Äù,Numerous (large & small),nan,nan,135 awardees,Cyber,nan,IDIQ listing in program universe,NetOps; cyber; software engineering; help desk; IT support; cloud & modernization services,nan,nan,nan,nan,,,,,,,,,,,,,,,,,,,,,Not Queried
Army ITES-3S,ITES-3S,Army,High,Secret,High,$12.1B,IDIQ,Army-wide,‚ÄúArmy ITES-3S‚Ä¶ primary Army IT services vehicle‚Äù,Extensive teaming (large & small),nan,"January 1, 2018 ‚Üí January 1, 2027",135 primes,IT Ops,nan,Same as above (expanded row),Help desk; network ops; cyber analysts; field IT technicians,nan,nan,nan,nan,,,,,,,,,,,,,,,,,,,,,Not Queried
Army Missile & Space R&D Support (Huntsville),nan,Army,nan,Secret,Medium,nan,nan,Huntsville AL,‚ÄúArmy Missile & Space R&D‚Ä¶ multiple postings (Secret)‚Äù,nan,nan,nan,Dynetics; Northrop teams,nan,nan,Multiple Huntsville postings referencing Army missile & space roles,SW engineers; electrical engineers; full-stack developers; test engineers,F4261098C0001,nan,Medium,2,,,,,,,,,,,,,,,,,,,,,Not Queried
Army Next-Gen C2 Prototype,NGC2,Army,nan,Secret,Medium,$100M,nan,Fort Irwin test sites,‚ÄúC2 prototype‚Äù; data mesh; edge compute,Palantir; Striveworks; Govini; Microsoft; RII,nan,nan,Anduril,nan,nan,Prototype description in user sheet,Data mesh engineers; edge app developers; AI/ML integration engineers,FA882024FB003,NGC2,Medium,1,,,,,,,,,,,,,,,,,,,,,Not Queried
Army Research Lab / Adelphi Labs,ARL,Army,nan,Secret,Medium,nan,nan,Secret,IT Ops / R&D,TEKsystems; Insight Global,nan,nan,SAIC,Professional Services,nan,High,‚ÄúAdelphi desk ops‚Ä¶ backfill gaps‚Ä¶ 24√ó7‚Ä¶ Tier-2/3‚Ä¶ ServiceNow‚Äù,W15QKN19F1290,ARL,High,3,,,,,,,,,,,,,,,,,,,,,Not Queried
Army Responsive Strategic Sourcing for Services,RS3,Army,nan,Secret,High,$37.4B,nan,CONUS/OCONUS,‚ÄúRS3‚Ä¶ 37.4B‚Ä¶ 261 primes‚Äù,Many subs,nan,nan,261 primes,Professional Services,nan,RS3 reference repeats,C4ISR engineering; IT; logistics,nan,nan,nan,nan,,,,,,,,,,,,,,,,,,,,,Not Queried
Army RS3 (Expanded PEO EIS Listing),RS3,Army,Medium,Secret,Medium,$37B,IDIQ,U.S. Army CONUS/OCONUS,‚ÄúRS3 Army Contract Vehicle‚Äù; ‚ÄúBelcan contract in Blueprint‚Äù,Prime Technical Services (sub),Current,"January 1, 2018 ‚Üí January 1, 2028","Multiple (Belcan, SAIC, many)",IT Ops,nan,Vehicle entry in RS3 listing,Engineering services; IT; logistics; training; program support,W15QKN19F1290,RS3,Medium,1,,,,,,,,,,,,,,,,,,,,,Not Queried
Army RS3 (Primary Listing),RS3,Army,nan,Secret,High,$37.4B,nan,Army & DoD (CONUS/OCONUS),‚ÄúRS3‚Ä¶ $37.4B‚Ä¶ 261 primes‚Ä¶ broad C4ISR support‚Ä¶ teaming heavy‚Äù,Broad teaming across primes/subs,nan,nan,"261 primes (65 large, 196 small)",Professional Services,nan,RS3 entry in Top 20 Programs,C4ISR engineers; analysts; IT support; program staff,nan,nan,nan,nan,,,,,,,,,,,,,,,,,,,,,Not Queried
Army Test & Evaluation Command,ATEC,Army,nan,Secret,Medium,nan,nan,APG / Yuma / other ranges,‚ÄúATEC test‚Äù; T&E mission,Multiple,nan,nan,Multiple,R&D,nan,listed in sheet,Test engineers; instrumentation support; analysts,nan,nan,nan,nan,,,,,,,,,,,,,,,,,,,,,Not Queried
ARNG G-2 Intelligence IT Support,nan,Army,Medium,TS/SCI,Medium,nan,Services,"Guard intel sites (e.g., Fort Belvoir)",IAE,nan,nan,nan,SAIC,Cyber,nan,Peraton,ARCYBER Information Advantage Enterprise,W15QKN19F1290,nan,Medium,1,,,,,,,,,,,,,,,,,,,,,Not Queried
AUSA Modernization Portfolios (aggregate),FVL / LRPF / AMD / NGCV / Network / Soldier,Army,Medium,"Secret, Top Secret",Medium,nan,PORTFOLIO,Redstone AL; Fort Sill OK; Detroit Arsenal MI; APG MD; Fort Benning GA,CITRA,Multiple,Target,nan,Multiple primes (see rows),Logistics,nan,nan,ASA(ALT) CITRA Enterprise IT Program,nan,nan,nan,nan,,,,,,,,,,,,,,,,,,,,,Not Queried
AvMC Enterprise IT Support Services,EITSS,Army,nan,Secret,Medium,nan,nan,Secret (assumed),IT Ops,nan,nan,nan,IPTA,Professional Services,nan,Medium,‚ÄúPTS placed cleared admins at Redstone‚Äù,nan,nan,nan,nan,,,,,,,,,,,,,,,,,,,,,Not Queried
Basic Ordering Agreement ‚Äì Surge Staffing,BOA,Air Force,nan,Secret,Medium,nan,nan,Roy UT; Colorado Springs CO; Hill AFB UT,‚ÄúGeneral surge & staff augmentation‚Äù,Prime Technical Services,nan,nan,Northrop Grumman,nan,nan,NG BOA supported programs list,ISSOs; DevOps engineers; testers; logistics staff,FA821920C0006,BOA,Medium,1,,,,,,,,,,,,,,,,,,,,,Not Queried
Basic Ordering Agreement (Lockheed Martin),BOA,DoD,nan,Secret,Medium,nan,nan,Various locations,BOA,Multiple,nan,nan,Lockheed Martin,Professional Services,nan,nan,Varies,N0001917C0001,BOA,Low,0,,,,,,,,,,,,,,,,,,,,,Not Queried
Basic Ordering Agreement (NG BOA),BOA,Other,nan,Secret,Medium,nan,nan,"Roy, UT; Hill AFB; Colorado Springs, CO","Surge Support, Staff Augmentation",Prime Technical Services (sub),nan,nan,Northrop Grumman,nan,nan,Northrop programs supported by Prime TS,"ISSOs, Testers, DevOps, Logistics",FA821920C0006,BOA,Low,0,,,,,,,,,,,,,,,,,,,,,Not Queried
Basic Ordering Agreement (NG Staff Augmentation),BOA,Other,nan,"Secret, Top Secret",Medium,nan,nan,Roy UT; Colorado Springs CO; Hill AFB UT,‚ÄúGeneral surge & staff augmentation‚Äù; ‚ÄúBOA‚Äù,Prime Technical Services,nan,nan,Northrop Grumman,nan,nan,"‚ÄúBOA ‚Äì General surge & staff augmentation ‚Äì ISSOs, Testers, DevOps, Logistics ‚Äì Roy, UT / COS / Hill AFB‚Äù",ISSOs; testers; DevOps engineers; logistics support staff,FA821920C0006,BOA,Low,0,,,,,,,,,,,,,,,,,,,,,Not Queried
Basic Ordering Agreement Support (Northrop Surge),BOA,Other,Medium,"Secret, Top Secret",Medium,nan,BOA,Roy UT; Colorado Springs CO; Hill AFB UT,"‚ÄúSurge Support, ISSO, Logistics‚Äù",Prime TS,nan,nan,Northrop Grumman,IT Ops,nan,‚ÄúBOA ‚Äì general surge and staff augmentation‚Äù,ISSOs; testers; DevOps engineers,FA821920C0006,BOA,Low,0,,,,,,,,,,,,,,,,,,,,,Not Queried
Battlefield Info Collection & Exploitation System (BICES-X),BICES-X,DoD,nan,"Secret, TS/SCI",High,$5B,nan,Worldwide coalition networks,‚ÄúBICES ‚Üí MPE transition; Capgemini team‚Äù,Capgemini; various coalition-support subs,nan,nan,GDIT (incumbent pre-MPE),nan,nan,‚ÄúMPE contract replacing BICES‚Ä¶ Capgemini involvement‚Äù,Multilingual service desk; cross-domain IT; coalition network support,19AQMM18C0185,BICES-X,Low,0,,,,,,,,,,,,,,,,,,,,,Not Queried
Battlefield Information Collection & Exploitation System,BICES,DoD,nan,TS/SCI,High,nan,nan,Norfolk VA; Tampa FL; Doral FL; EU sites,‚ÄúCoalition intel networks; TS/SCI network engineers‚Äù,Insight Global; Apex Systems; TEKsystems,nan,nan,GDIT,nan,nan,‚ÄúBICES ‚Äì PTS filled Senior Network Engineers (Norfolk/Tampa/Doral)‚Äù,Senior network engineers; Linux admins; ServiceNow architects,19AQMM18C0185,BICES,Low,0,,,,,,,,,,,,,,,,,,,,,Not Queried
BICES Defense Intelligence Agency Variant,BICES,DIA,nan,TS/SCI,Medium,$500M,nan,Offutt AFB; RAF Molesworth,‚ÄúUSSTRATCOM; BICES; coalition networks‚Äù,nan,nan,nan,CACI + Leidos + Peraton + SAIC (various subs),Intel,nan,Prime TS BD Automation Playbook (L200‚ÄìL220),Network engineers; sysadmins; cyber analysts,FA251822F0034,BICES,Medium,2,,,,,,,,,,,,,,,,,,,,,Not Queried
BICES-X / Mission Partner Environment,BICES-X / MPE,DoD,nan,"Secret, TS/SCI",High,$881M,nan,EUCOM / CENTCOM / PACOM nodes,‚ÄúCoalition IT O&M; CDS‚Äù,Leidos; Capgemini,nan,nan,GDIT,nan,nan,Program lineage notes,Coalition IT O&M; CDS support,19AQMM18C0185,BICES-X / MPE,Low,0,,,,,,,,,,,,,,,,,,,,,Not Queried
BOA (General Staff Augmentation),BOA,Other,High,Secret,High,nan,BOA,Roy UT; Colorado Springs CO; Hill AFB,‚ÄúGeneral surge & staff augmentation‚Äù,nan,nan,nan,Northrop Grumman,IT Ops,nan,BOA operations reference,ISSOs; testers; DevOps; logistics,FA821920C0006,BOA,Low,0,,,,,,,,,,,,,,,,,,,,,Not Queried
BOA (Northrop Surge),BOA,Other,nan,"Secret, Top Secret",Medium,nan,nan,Roy UT; Colorado Springs CO; Hill AFB,‚ÄúGeneral surge & staff augmentation‚Äù,nan,nan,nan,Northrop Grumman,nan,nan,BOA support description,ISSOs; testers; DevOps engineers; logistics,FA821920C0006,BOA,Low,0,,,,,,,,,,,,,,,,,,,,,Not Queried
Business Operations & Analytics,BOA,DoD,Medium,"Secret, Top Secret",Medium,Multi-$M,Services,Roy UT; Hill AFB UT; Colorado Springs CO,‚ÄúStaff augmentation; BOA‚Äù,Insight Global; Apex Systems,Target,nan,Northrop Grumman,IT Ops,nan,‚ÄúNorthrop programs supported by Prime TS‚Äù,ISSOs; DevOps; testers; logistics analysts,FA821920C0006,BOA,Low,0,,,,,,,,,,,,,,,,,,,,,Not Queried
"C2BMC (Command & Control, Battle Mgmt, Comms)",C2BMC,MDA,nan,TS/SCI,High,$5B,nan,Colorado Springs; Huntsville AL,‚ÄúMDA; C2BMC; BMC3; missile defense‚Äù,SAIC; Northrop,nan,nan,Lockheed Martin,nan,nan,Multiple BD docs referencing C2BMC,Software engineers; missile defense integrators; C2 / BMC3 engineers,W31P4Q20C0023,C2BMC,Medium,1,,,,,,,,,,,,,,,,,,,,,Not Queried
CAAC (Peraton),CAAC,DoD,üü° Medium,Secret,Medium,nan,Program,Secret,IT Ops,nan,nan,nan,Peraton,Professional Services,nan,Medium,‚ÄúCAAC-PERATON‚Äù,47QFCA19F0033,CAAC,Medium,1,,,,,,,,,,,,,,,,,,,,,Not Queried
CAMMO (AF Satellite Control Network O&M),CAMMO,Space Force,nan,"Secret, TS/SCI",Medium,$446M,nan,Worldwide SATCOM tracking stations,‚ÄúSATCOM O&M‚Äù,L3Harris; LinQuest (indicative),nan,nan,CACI,nan,nan,Program line in sheet,RF techs; schedulers; network ops; SATCOM operators,FA882316C0004,CAMMO,High,7,,,,,,,,,,,,,,,,,,,,,Not Queried
CBP Enterprise IT Support,CBP-Peraton,DHS,Medium,"Public Trust, Secret",Medium,nan,Services,CBP sites nationwide,‚ÄúBorder IT‚Äù,nan,nan,nan,Peraton,IT Ops,nan,Program line,IT/cyber support staff; network engineers; help desk,GST0011AJ0025,CBP-Peraton,Medium,2,,,,,,,,,,,,,,,,,,,,,Not Queried
CBP Traveler Processing & Vetting / BISS,TPVS / BISS,DHS,Medium,"TS/SCI, Top Secret",Medium,nan,~2020‚Äì2026,TS (some SCI),IT Ops / Analytics,nan,nan,nan,ManTech (TPVS/BISS); CACI (BISS follow-on),Professional Services,nan,Medium,‚ÄúManTech Data Scientist SME‚Ä¶ TPVS/BISS‚Ä¶ Ashburn‚Äù,70B04C20F00001357,TPVS / BISS,High,3,,,,,,,,,,,,,,,,,,,,,Not Queried
CDAO Advanced AI Tools (Scale AI OTA),Donovan,DoD,nan,TS/SCI,Medium,$100M,nan,DoD secure enclaves,‚ÄúAdvanced AI Tools OTA‚Ä¶ deployable to TS/SCI enclaves‚Äù,DoD labs; integrators,nan,nan,Scale AI,R&D,nan,Program description,ML engineers; data labeling teams; AI DevOps,W911QX24F0053,Donovan,Low,0,,,,,,,,,,,,,,,,,,,,,Not Queried
CENTCOM Comms Tech Support V,CTSS V,DoD,nan,"Secret, Top Secret",High,$865M,nan,20 countries (SW Asia AOR),‚ÄúCTSS V‚Ä¶ 20 countries‚Ä¶ high-turnover‚Ä¶ AVI-SPL sub usage‚Äù,AVI-SPL,nan,nan,GovCIO (Salient CRGT),nan,nan,CTSS V entry in Top-20,Deployable comms techs; RF engineers; SATCOM; network admins,36C10B22N10030034,CTSS V,Medium,1,,,,,,,,,,,,,,,,,,,,,Not Queried
CENTCOM Enterprise IT Modernization,nan,DoD,nan,"Secret, Top Secret",High,$922M,nan,MacDill AFB; CENTCOM sites OCONUS,‚ÄúCENTCOM EITM‚Ä¶ GDIT‚Ä¶ AVI-SPL subs‚Ä¶ enterprise modernization‚Äù,AVI-SPL; IT staffing partners,nan,nan,GDIT,nan,nan,Program description,Cloud architects; cyber engineers; legacy IT sustainment,19AQMM18C0185,nan,Medium,1,,,,,,,,,,,,,,,,,,,,,Not Queried
CISA Enterprise Support (CACI),CISA-CACI,DHS,nan,Secret,Medium,nan,nan,NCR,‚ÄúCISA support‚Äù,nan,nan,nan,CACI,Cyber,nan,Program line,Cybersecurity; IT ops support,47QFRA19F0011,CISA-CACI,Medium,1,,,,,,,,,,,,,,,,,,,,,Not Queried
Cloud One,Cloud One,Air Force,nan,Secret,High,$727M,nan,Hanscom AFB; remote,‚ÄúAF Cloud migration; Azure/AWS‚Äù,nan,nan,nan,SAIC,nan,nan,Cloud One value from program intel,Cloud engineers; DevSecOps; cyber,FA877319FA023,Cloud One,Medium,1,,,,,,,,,,,,,,,,,,,,,Not Queried
Cloud One (USAF Cloud Program),Cloud One,Air Force,nan,Secret,High,$727M,nan,Hanscom AFB; remote,‚ÄúUSAF common multi-cloud environment‚Äù,Unnamed subcontractors,nan,nan,SAIC,nan,nan,Cloud One description,Cloud engineers; DevSecOps,FA877319FA023,Cloud One,Medium,1,,,,,,,,,,,,,,,,,,,,,Not Queried
CMMARS (Navy Rapid C5ISR),CMMARS,Navy,Medium,Secret,Medium,nan,IDIQ,NAVWAR,‚ÄúNavy rapid C5ISR‚Äù,Multiple subs,nan,nan,Multiple,C5ISR,nan,NAVWAR program entry,Rapid C5ISR engineering; prototyping; integration,nan,nan,nan,nan,,,,,,,,,,,,,,,,,,,,,Not Queried
CMS Enterprise Cloud Infrastructure Services,ECIS,DoD,nan,Public Trust,Medium,nan,nan,CMS,‚ÄúCMS cloud‚Äù,nan,nan,nan,Peraton / SAIC (indicative),nan,nan,Row entry,Cloud engineers; cloud ops,47QFCA20F0015,ECIS,Medium,2,,,,,,,,,,,,,,,,,,,,,Not Queried
"Command & Control, Battle Mgmt & Comms (MDA) ‚Äì Secondary Row",C2BMC,MDA,nan,"Secret, TS/SCI",Medium,nan,nan,Colorado Springs; Huntsville,‚ÄúC2BMC‚Ä¶ software/network-centric‚Äù,Parsons; Tetra Tech,nan,nan,Northrop Grumman,nan,nan,Same dataset as earlier rows,SW engineers; network engineers; cyber engineers,HQ085621C0003,C2BMC,Medium,2,,,,,,,,,,,,,,,,,,,,,Not Queried
"Command & Control, Battle Mgmt & Comms",C2BMC,MDA,nan,"Secret, TS/SCI",Medium,Multi-$B,nan,Huntsville / Schriever,Global missile defense C2,"Northrop, Raytheon subs",nan,nan,Lockheed Martin,nan,nan,nan,"C2 SW, integration",W31P4Q20C0023,C2BMC,Medium,1,,,,,,,,,,,,,,,,,,,,,Not Queried
"Command and Control, Battle Management & Communications (MDA)",C2BMC,MDA,Medium,"Secret, TS/SCI",Medium,nan,R&D,Colorado Springs CO; Huntsville AL,‚ÄúMDA C2BMC heavily software/network-centric; small biz partners sought‚Äù,Parsons; Tetra Tech (support contracts cited),Target,nan,Northrop Grumman,C5ISR,nan,‚ÄúC2BMC program may seek small biz partners; PTS cyber/network relevant‚Äù,Software engineers; network engineers; cyber engineers,HQ085621C0003,C2BMC,Medium,2,,,,,,,,,,,,,,,,,,,,,Not Queried
"Command and Control, Battle Management, Communications",C2BMC,MDA,nan,"Secret, TS/SCI",Medium,nan,nan,Colorado Springs CO; Huntsville AL (indicative),‚ÄúC2BMC‚Äù,nan,nan,nan,Lockheed Martin,nan,nan,‚ÄúC2BMC‚Äù,Systems engineers; software development/test; network engineers,DEAC0494AL85000,C2BMC,Medium,1,,,,,,,,,,,,,,,,,,,,,Not Queried
Common Open Operational Launch Range,COOLR,Space Force,nan,Secret,Medium,nan,nan,Ranges (test ranges),‚ÄúLaunch range C2‚Äù,nan,nan,nan,Lockheed Martin (indicative),nan,nan,nan,C2 / Range software engineers,N0001917C0001,COOLR,Low,0,,,,,,,,,,,,,,,,,,,,,Not Queried
Comms Technical Support V,CTSS V,DoD,nan,"Secret, Top Secret",High,$865M,nan,SW Asia AOR + MacDill AFB reach-back,‚ÄúOCONUS rotations‚Äù; ‚Äú$865M‚Ä¶ OCONUS support‚Äù,Prior incumbent GDIT; AVI-SPL (A/V),nan,nan,GovCIO (Salient CRGT),nan,nan,Provided CTSS V details,Deployed comms techs; network eng; IT O&M technicians,36C10B22N10030034,CTSS V,Medium,1,,,,,,,,,,,,,,,,,,,,,Not Queried
Consolidated AFSCN Mod & Ops,CAMMO,Space Force,nan,"Secret, Top Secret",High,$446M,nan,"Schriever SFB CO; worldwide tracking stations (HI, DG, UK)",‚ÄúAFSCN Operations‚Ä¶ merged three contracts‚Ä¶ L3Harris principal subcontractor‚Äù,L3Harris; KBR/FTI; LinQuest,nan,nan,CACI (via L-3 NSS acquisition),nan,nan,CAMMO description as provided,Satellite tracking ops; RF techs; network engineers,FA882316C0004,CAMMO,High,8,,,,,,,,,,,,,,,,,,,,,Not Queried
Consolidated AFSCN Mod & Ops ‚Äì Secondary Row,CAMMO,Space Force,nan,"Secret, Top Secret",High,$446M,nan,Schriever SFB; worldwide tracking,‚ÄúAFSCN O&M‚Ä¶ merged contracts‚Ä¶ CACI prime‚Äù,L3Harris; KBR; LinQuest,nan,nan,CACI,nan,nan,CAMMO reference,Satellite controllers; RF techs; network ops,FA882316C0004,CAMMO,High,7,,,,,,,,,,,,,,,,,,,,,Not Queried
Conventional Prompt Strike,CPS,Army,nan,"Secret, Top Secret",Medium,Multi-$B,nan,Fleet & Army strategic sites,‚ÄúHypersonic missiles‚Äù,Northrop; others,nan,nan,Lockheed Martin,Weapon Systems,nan,nan,Hypersonic engineers; test engineers; flight test support,N0001917C0001,CPS,Medium,1,,,,,,,,,,,,,,,,,,,,,Not Queried
CTSS V (Expanded Listing),CTSS V,DoD,nan,"Secret, Top Secret",High,$865M,nan,Qatar; Kuwait; Bahrain; Iraq; etc.,‚ÄúComprehensive comms & IT O&M across CENTCOM AOR‚Äù,AVI-SPL; Trace Systems (likely),nan,nan,GovCIO,nan,nan,CTSS V narrative,Comms techs; RF; SATCOM; network administrators,36C10B22N10030034,CTSS V,Low,0,,,,,,,,,,,,,,,,,,,,,Not Queried
Data Center & Cloud Optimization,DCCO,DHS,nan,"Public Trust, Secret",Medium,nan,nan,NCR,‚ÄúDHS cloud/DC‚Äù,Multiple,nan,nan,Peraton / Leidos (indicative),nan,nan,Row text,Cloud ops; DC ops,GST0011AJ0025,DCCO,Medium,2,,,,,,,,,,,,,,,,,,,,,Not Queried
DC3 ‚Äì Defense Cyber Crime Center,DC3,DoD,nan,TS/SCI,Medium,nan,nan,Linthicum MD,‚ÄúDC3‚Äù,nan,nan,nan,Peraton,Cyber,nan,nan,Forensics; malware; cyber intel,47QFCA19F0033,DC3,Medium,1,,,,,,,,,,,,,,,,,,,,,Not Queried
DC3 Cyber Crime Center ‚Äì Secondary Row,DC3,DoD,nan,Secret,Medium,nan,nan,TS/SCI,Cyber,nan,nan,nan,Peraton,Cyber,nan,Medium,‚ÄúDC3 forensics‚Äù,47QFCA19F0033,DC3,Medium,1,,,,,,,,,,,,,,,,,,,,,Not Queried
Defense Cyber Crime Center,DC3,DoD,nan,TS/SCI,Medium,nan,nan,Linthicum MD,‚ÄúDC3‚Äù,nan,nan,nan,Peraton,Cyber,nan,Row text,Digital forensics; malware analysis; cyber investigators,47QFCA19F0033,DC3,Medium,1,,,,,,,,,,,,,,,,,,,,,Not Queried
Defense Enclave Services,DES,DoD,nan,Secret,High,$11.5B,nan,Fort Belvoir VA (HQ),‚ÄúPTS is already on DES (Fort Belvoir placements)‚Äù,PTS (subcontractor),nan,nan,Leidos,nan,nan,BD evidence,Systems engineers; IT support; service desk; NOC staff,HHSN261200800001E,DES,Low,0,,,,,,,,,,,,,,,,,,,,,Not Queried
Defense Enclave Services ‚Äì Fourth Estate IT Consolidation,DES,DISA,nan,Secret,High,$11.5B,nan,Fort Meade MD; Fort Belvoir VA; Columbus OH; Philadelphia PA,‚ÄúDES‚Ä¶ Leidos‚Ä¶ large IT consolidation; subs incl. NOVA-Din√©‚Äù,NOVA-Din√©; Accenture Federal; AT&T; Thundercat; various SBs,nan,nan,Leidos,nan,nan,Provided row text,Migration engineers; service desk; deskside support; floor-walkers; NOC/enterprise support,HHSN261200800001E,DES,Low,0,,,,,,,,,,,,,,,,,,,,,Not Queried
Defense Enclave Services (DoDNet),DES (DoDNet),DISA,High,"Secret, Top Secret",High,$11.5B,IDIQ,Fort Belvoir; multiple 4th Estate bases,‚ÄúConsolidating 4th Estate networks‚Ä¶ PTS placed desktop support at Belvoir‚Äù,NOVA-Din√©; other tribal small businesses; cleared IT subs,Current,nan,Leidos,IT Ops,nan,DES intel lines,Help desk; sysadmin; network/security ops,HHSN261200800001E,DES (DoDNet),Low,0,,,,,,,,,,,,,,,,,,,,,Not Queried
Defense Enterprise Office 365 Migration / DoD365,DOD365,DISA,nan,Secret,High,nan,nan,Crystal City VA; remote,‚ÄúDOD365; Microsoft 365; Flank Speed; cloud migration‚Äù,Five Star Technology Solutions,nan,nan,Microsoft,Cyber,nan,CVR/CCPO support references,O365 admins; migration leads; help desk; Teams/Exchange engineers,47QFCA22F0047,DOD365,High,4,,,,,,,,,,,,,,,,,,,,,Not Queried
Defense Enterprise Office Solutions,DEOS,DISA,nan,"Public Trust, Secret, Top Secret",Low,nan,nan,DoD & federal offices CONUS/OCONUS,‚ÄúDEOS PMO referenced in DISA Hosting & Compute context‚Äù,nan,nan,nan,CSRA / Leidos (team),nan,nan,Provided notes,O365/Teams engineers; cloud architects; UC engineers; enterprise email support,HHSN261200800001E,DEOS,Low,0,,,,,,,,,,,,,,,,,,,,,Not Queried
Defense Health Agency Desktop to Datacenter,D2D,DoD,nan,Secret,Medium,$4.3B,nan,San Antonio TX; NCR; Hawaii,"‚ÄúDHA, D2D, Desktop to Datacenter, GDIT‚Äù",Leidos; Perspecta; DHA IT partners,nan,nan,GDIT,nan,nan,‚ÄúTop 20 DoD Programs‚Äù,Desktop support; help desk; sysadmin; endpoint engineers,19AQMM18C0185,D2D,Medium,1,,,,,,,,,,,,,,,,,,,,,Not Queried
Defense Health Agency Modernization / MHS GENESIS,MHS GENESIS,DoD,nan,"Public Trust, Secret",Medium,$4.3B,nan,San Antonio TX; Falls Church VA,‚ÄúDHA; MHS GENESIS; Leidos; Healthcare IT‚Äù,Cerner;; Booz Allen Hamilton,nan,nan,Leidos,nan,nan,BD cross-reference,Healthcare IT engineers; systems analysts; clinical/tech integration roles,HHSN261200800001E,MHS GENESIS,Low,0,,,,,,,,,,,,,,,,,,,,,Not Queried
Defense Logistics Agency ‚Äì J6 Enterprise Technology Services,DLA JETS,DoD,Medium,Secret,Medium,nan,Multi-Year,Secret (indicative),IT Ops,nan,nan,nan,Multiple (IDIQ pool),Professional Services,nan,Medium,‚ÄúDLA JETS‚Äù,nan,nan,nan,nan,,,,,,,,,,,,,,,,,,,,,Not Queried
Defense Satellite Communications Modernization,DSCM (Satellite),Space Force,nan,Secret,Medium,nan,nan,Colorado Springs; Fort Meade,‚ÄúDSCM Satellite‚Äù,nan,nan,nan,CACI,nan,nan,Row text,SATCOM RF engineers; network engineers,47QFRA19F0011,DSCM (Satellite),Medium,1,,,,,,,,,,,,,,,,,,,,,Not Queried
DFAS Enterprise IT Support ‚Äì Secondary Row,DFAS-Peraton,DoD,nan,Public Trust,Medium,nan,nan,DFAS nationwide,‚ÄúFinance IT support‚Äù,nan,nan,nan,Peraton,nan,nan,Row listing,Financial IT; ERP modernization,47QFCA20F0015,DFAS-Peraton,Medium,1,,,,,,,,,,,,,,,,,,,,,Not Queried
DFAS Enterprise Support,DFAS-Peraton,DoD,Medium,Public Trust,Medium,nan,Services,DFAS sites,‚ÄúFinance IT‚Äù,nan,nan,nan,Peraton,IT Ops,nan,nan,Financial systems IT; ERP support,47QFCA20F0015,DFAS-Peraton,Medium,1,,,,,,,,,,,,,,,,,,,,,Not Queried
DGFS (RTX),DGFS,DoD,nan,Secret,Medium,nan,nan,Tucson AZ + other sites,‚ÄúDGFS RTX‚Äù,nan,nan,nan,Raytheon (RTX),Weapon Systems,nan,nan,Munitions engineers; missile specialists,N0001918C1021,DGFS,Low,0,,,,,,,,,,,,,,,,,,,,,Not Queried
DHS Cybersecurity Support Contract,nan,DHS,nan,Top Secret,Low,nan,nan,DC Metro,‚ÄúHe runs 100 people on a DHS DISA I think project‚Äù,nan,nan,nan,Five Star Technology Solutions,Cyber,nan,Provided context,Cybersecurity SMEs; program managers,nan,nan,nan,nan,,,,,,,,,,,,,,,,,,,,,Not Queried
DHS Data Center 2,DC2,DHS,nan,"Public Trust, Secret",Medium,nan,nan,DC2 sites,‚ÄúDHS DC2‚Äù,Multiple,nan,nan,GDIT / Peraton (indicative),nan,nan,nan,DC engineers; ops; cloud,GST0011AJ0025,DC2,Medium,2,,,,,,,,,,,,,,,,,,,,,Not Queried
DHS Enterprise IT Services I,EITS I,DHS,nan,"Public Trust, Secret",Medium,nan,nan,DHS HQ,‚ÄúDHS HQ IT‚Äù,Multiple subs,nan,nan,Leidos / SAIC (indicative),nan,nan,nan,IT services; enterprise support,FA877319FA023,EITS I,Medium,1,,,,,,,,,,,,,,,,,,,,,Not Queried
DIA Battlefield Information Networks / BICES-X,BICES-X,DIA,nan,TS/SCI,High,nan,nan,Offutt AFB NE; Stuttgart Germany,"‚ÄúBICES-X,‚Äù ‚ÄúDIA,‚Äù ‚ÄúOffutt,‚Äù ‚ÄúTS/SCI‚Äù",Peraton; GDIT,nan,nan,CACI,C5ISR,nan,DIA mapping examples,Network engineers; sysadmins; cyber analysts,47QFRA24F0005,BICES-X,Medium,2,,,,,,,,,,,,,,,,,,,,,Not Queried
DIA EMERALD,EMERALD,NGA,nan,Secret,Medium,nan,nan,TS/SCI,Intel,nan,nan,nan,Peraton (Perspecta heritage),Professional Services,nan,Medium,‚ÄúTalent acquisition lead at Perspecta (now Peraton) for NGA‚Äôs EMERALD contract‚Äù,80GSFC19C0063,EMERALD,Medium,1,,,,,,,,,,,,,,,,,,,,,Not Queried
DIA Information Systems Engineering Office,ISEO,DIA,nan,TS/SCI,High,$400M,nan,Reston VA; JBAB DC,‚ÄúDIA IT Sustainment‚Äù,Insight Global; TEKsystems,nan,nan,Leidos,nan,nan,AI-Generated playbook,Sysadmin; help desk; desktop support,HHSN261200800001E,ISEO,Medium,1,,,,,,,,,,,,,,,,,,,,,Not Queried
DIA Infrastructure Services Enterprise Ops,ISEO,DIA,nan,TS/SCI w/ Poly,High,$401M,nan,JBAB DC; Reston VA,‚ÄúLeidos secures $401M‚Ä¶ manage DIA IT operations‚Äù,SHINE Systems + others,nan,nan,Leidos,Intel,nan,Contract award notes,Service desk; data center ops; mobile/IA teams,HHSN261200800001E,ISEO,Medium,1,,,,,,,,,,,,,,,,,,,,,Not Queried
DIA Infrastructure Services Ops,ISEO,DIA,nan,TS/SCI,High,$401M,nan,DIA HQ (DC) + field sites,‚ÄúDIA ISEO‚Ä¶ modernization & O&M‚Ä¶ small biz‚Äù,SHINE Systems (SB),nan,nan,Leidos,nan,nan,Award description,Service desk; mobile support; IA & data center,HHSN261200800001E,ISEO,Medium,1,,,,,,,,,,,,,,,,,,,,,Not Queried
DIA ISEO,ISEO,DIA,nan,TS/SCI,High,$400M,nan,Washington DC (Bolling); remote sites,‚ÄúDIA ISEO ‚Äì Leidos ‚Äì TS/SCI IT workforce‚Äù,nan,nan,nan,Leidos,nan,nan,Line from BD artifacts,IT support; help desk; desktop support,NSFDACS1219442,ISEO,Medium,2,,,,,,,,,,,,,,,,,,,,,Not Queried
DIA ISEO (IT Sustainment for DIA),ISEO,DIA,nan,TS/SCI,High,$400M,nan,Washington DC; Fort Meade MD,‚ÄúStaffing surge‚Ä¶ clearance delays‚Ä¶ BICES similarities‚Äù,Smaller cleared firms (unnamed),nan,nan,Leidos,Intel,nan,Notes in program extraction,Help desk; desktop; surge staffing,HHSN261200800001E,ISEO,Medium,1,,,,,,,,,,,,,,,,,,,,,Not Queried
DIA IT Sustainment & Engineering Office,ISEO,DIA,High,TS/SCI,High,$400M,COST-PLUS / SUSTAINMENT,Reston VA; JBAB DC,"‚ÄúDIA ISEO,‚Äù ‚ÄúHelp Desk,‚Äù ‚ÄúPTS angle‚Äù",Apex Systems; Insight Global,Target,nan,Leidos,Intel,nan,BD Playbook examples,Help desk; desktop; IT sustainment engineers,HHSN261200800001E,ISEO,Medium,1,,,,,,,,,,,,,,,,,,,,,Not Queried
DIA IT Sustainment & Enterprise Ops,ISEO,DIA,nan,TS/SCI,High,$400M,nan,JBAB DC; DIA field sites,‚Äú$400M‚Ä¶ large TS/SCI help desk & network ops‚Äù,SHINE Systems (SB) + others,nan,nan,Leidos,Intel,nan,Program line,Tier 1‚Äì3 help desk; VIP support; network operations,NSFDACS1219442,ISEO,Medium,2,,,,,,,,,,,,,,,,,,,,,Not Queried
DIA IT Sustainment & Enterprise Ops (Task Order),ISEO,DIA,High,TS/SCI,High,$400M,IDIQ,JBAB DC; Reston VA,‚ÄúBackbone enterprise IT‚Ä¶ small cleared firms fill routine support‚Äù,SHINE Systems + small SBs,Target,nan,Leidos,Intel,nan,Provided BD notes,Desktop/VIP support; service desk; network ops,HHSN261200800001E,ISEO,Medium,1,,,,,,,,,,,,,,,,,,,,,Not Queried
DIA IT Sustainment (ISEO),ISEO,DIA,nan,TS/SCI,High,$400M,nan,Reston VA; Bolling AFB; CO,‚ÄúISEO‚Ä¶ staffing gaps‚Ä¶ surge TS/SCI support‚Äù,Small firms (surge IT),nan,nan,Leidos,Sustainment,nan,BD notes,Desktop; help desk; TS-cleared techs,NSFDACS1219442,ISEO,Medium,2,,,,,,,,,,,,,,,,,,,,,Not Queried
DIA SITE III,SITE III,DIA,nan,TS/SCI w/ Poly,Medium,$12.6B,nan,Worldwide CONUS/OCONUS,‚ÄúDIA; Multi-Int; Big Data‚Äù,Booz Allen; SAIC,nan,nan,Leidos,Intel,nan,Site III ecosystem notes,DevSecOps; cyber; AI/ML; big data,NSFDACS1219442,SITE III,Medium,2,,,,,,,,,,,,,,,,,,,,,Not Queried
DIA SITE III IDIQ,SITE III,DIA,nan,TS/SCI,High,nan,nan,National Harbor MD (conference note),‚ÄúPTS could position for subcontracting‚Äù,PTS (prospective sub),nan,nan,"Leidos, CACI, others",Intel,nan,Program notes,Cyber; IT infrastructure; systems engineering,47QFRA24F0005,SITE III,Medium,2,,,,,,,,,,,,,,,,,,,,,Not Queried
DIA Solutions for the Information Technology Enterprise III,SITE III,DIA,High,TS/SCI,High,$12.6B,IDIQ,JBAB DC; DIA field sites,‚ÄúHigh TO velocity‚Ä¶ large TS/SCI cleared workforce‚Äù,SHINE Systems (cleared SB),Target,"January 1, 2021 ‚Üí January 1, 2031",Multi-award primes,Intel,nan,SITE III documentation,Sys/Win/Linux Admin; Service Desk; SharePoint Admin,nan,nan,nan,nan,,,,,,,,,,,,,,,,,,,,,Not Queried
DIMS (Peraton),DIMS,Air Force,nan,Secret,Medium,nan,nan,Secret,‚ÄúDIMS Peraton‚Äù,nan,nan,nan,Peraton,Data,nan,Program list reference,Data analysts; IT sustainment; cloud/DB support,47QFCA20F0015,DIMS,Medium,1,,,,,,,,,,,,,,,,,,,,,Not Queried
DISA ENCORE III,ENCORE III,DISA,nan,Secret,Medium,$17.5B,nan,DoD-wide,‚Äú19 performance areas‚Ä¶ network support‚Ä¶ cyber‚Äù,Numerous small SB subs,nan,nan,20 large + 20 small primes,Professional Services,nan,IDIQ description,IT modernization; software; cyber; net ops,nan,nan,nan,nan,,,,,,,,,,,,,,,,,,,,,Not Queried
DISA ENCORE III Cyber Task Orders,ENCORE III Cyber,DISA,nan,TS/SCI,Medium,$17.5B,nan,Fort Meade MD; Scott AFB IL,‚ÄúCACI ENCORE III Cyber TOs‚Ä¶ 15+ reqs‚Äù,SB partners,nan,nan,CACI,Cyber,nan,Program references,Boundary protection; DevSecOps; PKI; cyber engineering,47QFRA19F0011,ENCORE III Cyber,Medium,1,,,,,,,,,,,,,,,,,,,,,Not Queried
DISA Enterprise IT Support / Cloud Support BPA,nan,DISA,nan,Top Secret,Low,nan,nan,Crystal City VA; Fort Meade MD,‚ÄúDISA‚Äôs Cloud Support BPA‚Äù,nan,nan,nan,Multiple primes,nan,nan,BPA notes,Cloud SMEs; security engineers; cloud ops,nan,nan,nan,nan,,,,,,,,,,,,,,,,,,,,,Not Queried
DISA Global Service Mgmt ‚Äì Ops II,GSM-O II,DISA,nan,"Secret, TS/SCI",High,$6.52B,nan,Scott AFB IL; Fort Meade MD; Montgomery AL; Lackland TX,‚ÄúGSM-O II JRSS/Network Ops‚Ä¶ 30+ openings‚Äù,GD; AT&T/Verizon; Parsons; staffing partners,nan,nan,Leidos,nan,nan,Provided text,Network admin; boundary security; NOC; ServiceNow devs,89243318CFE000003,GSM-O II,Medium,1,,,,,,,,,,,,,,,,,,,,,Not Queried
DISA GSM-O II,GSM-O II,DISA,nan,TS/SCI,High,$6.52B,nan,Worldwide (DoDIN NOCs),‚ÄúGlobal network ops & cyber‚Ä¶ 24√ó7 NOC‚Ä¶ Leidos uses staffing firms for surge support‚Äù,Various staffing firms for NOC/cyber (Insight Global; Apex Systems etc.),nan,nan,Leidos,Cyber,nan,GSM-O II program description,Network ops center techs; cyber analysts; NOC engineers; JRSS staff,HHSN261200800001E,GSM-O II,Low,0,,,,,,,,,,,,,,,,,,,,,Not Queried
DISA GSM-O II (Surge Staffing Focus),GSM-O II,DISA,High,TS/SCI,High,$6.5B,IDIQ,Scott AFB; Fort Meade,‚ÄúPTS placement at Scott AFB‚Äù; ‚ÄúLeidos uses subs for surge‚Äù,Insight Global; Apex Systems,Target,nan,Leidos,Cyber,nan,BD mapping notes,NOC technicians; ServiceNow developers; cyber analysts,HHSN261200800001E,GSM-O II,Low,0,,,,,,,,,,,,,,,,,,,,,Not Queried
DISA JWCC ‚Äì Joint Warfighting Cloud Capability,JWCC,DISA,nan,TS/SCI,Medium,$9B,nan,Global DoD; Crystal City VA,‚ÄúJWCC multi-cloud accounts‚Ä¶ CCPO initiatives‚Äù,nan,nan,nan,Amazon; Microsoft; Google; Oracle,Cyber,nan,JWCC passage in BD text,Cloud architects; cloud security engineers; multi-cloud administrators,W91CRB20F0448,JWCC,High,5,,,,,,,,,,,,,,,,,,,,,Not Queried
DISA Supply Chain Mgmt (GDIT),DSCM-GDIT,DISA,Medium,Secret,Medium,nan,Program,Fort Meade MD,‚ÄúDSCM‚Äù,nan,nan,nan,GDIT,IT Ops,nan,Row text,IT/cyber analysts; logistics IT support,19AQMM18C0185,DSCM-GDIT,High,3,,,,,,,,,,,,,,,,,,,,,Not Queried
Distributed Common Ground System (AF),DCGS,Air Force,Medium,Secret,Medium,nan,Ongoing,TS/SCI,Intel / C5ISR,nan,Target,nan,BAE; multiple,Professional Services,nan,Medium,‚ÄúAF DCGS‚Äù,FA821413C0001,DCGS,Medium,1,,,,,,,,,,,,,,,,,,,,,Not Queried
DLA J6 Enterprise Tech Services,JETS,DoD,nan,Secret,High,$6B,nan,DLA CONUS sites,‚ÄúPerspecta used Apex Systems in 17 states‚Äù,Many small/large IT subs,nan,nan,Multiple Awardees,nan,nan,DLA JETS reference text,Help desk; app support; network ops,nan,nan,nan,nan,,,,,,,,,,,,,,,,,,,,,Not Queried
DLA J6 Enterprise Technology Services,DLA JETS,DoD,nan,"Public Trust, Secret",High,$6B,nan,Fort Belvoir; Columbus OH; Philadelphia PA,"‚ÄúJ6‚Äù, ‚ÄúIDIQ‚Äù, ‚ÄúEnterprise Tech Services‚Äù",Agile Defense; Capstone; others (needs-scrape),nan,nan,CACI; Deloitte; SAIC; GDIT,nan,nan,DoD Program List.xlsx (L2‚ÄìL10),Sysadmin; help desk; cyber; engineering,SAQMMA12C0130,DLA JETS,Medium,2,,,,,,,,,,,,,,,,,,,,,Not Queried
DLA J6 Enterprise Technology Services 2.0,DLA JETS 2.0,DoD,nan,"Secret, TS/SCI",High,$6B,nan,Fort Belvoir; Columbus OH; Scott AFB IL,‚ÄúJETS 2.0‚Äù; ‚ÄúLeidos‚Äù; ‚ÄúScott AFB‚Äù,Insight Global; Bowhead; SAIC,nan,nan,Leidos; GDIT; Booz Allen; CACI; Peraton,Cyber,nan,BD target ranking notes,Network engineer; cyber; cloud architect; sysadmin,47QFCA21F0018,DLA JETS 2.0,Medium,1,,,,,,,,,,,,,,,,,,,,,Not Queried
DLA JETS (DLA J6 Variant),JETS,DoD,nan,Secret,Medium,nan,nan,Richmond VA; Columbus OH; other CONUS sites,‚ÄúLarge MA-IDIQ with constant TO churn‚Äù,nan,nan,nan,Multiple primes,nan,nan,Row text,Network engineers; sysadmins; software dev; cyber,nan,nan,nan,nan,,,,,,,,,,,,,,,,,,,,,Not Queried
DLA JETS 2.0 (Follow-On),JETS 2.0,DoD,nan,Secret,High,$11.9B,nan,NCR; remote,‚Äú$11.9B ‚Äì GDIT & CACI‚Äù,nan,nan,nan,CACI; GDIT,nan,nan,Row text,IT; cyber; logistics analysts,19AQMM18C0185,JETS 2.0,Medium,1,,,,,,,,,,,,,,,,,,,,,Not Queried
DoD Health Modernization,DHMSM (MHS GENESIS),DoD,nan,"Public Trust, Secret",Medium,Multi-$B,nan,MTFs nationwide,‚ÄúJoint EHR‚Äù,Many,nan,nan,Leidos; Cerner; Accenture,Health IT,nan,Row text,Health IT; clinical IT integration; systems analysts,HHSN261200800001E,DHMSM (MHS GENESIS),Low,0,,,,,,,,,,,,,,,,,,,,,Not Queried
DoD High Performance Computing Modernization Program ‚Äì HITS / HITS-U Support,HITS / HITS-U,DoD,nan,"Public Trust, Secret",High,$586M,nan,DSRC sites: ERDC (Vicksburg MS); ARL (Aberdeen MD); AFRL (Wright-Patterson AFB OH),‚ÄúHITS-U‚Ä¶ DoD High Performance Computing‚Ä¶ DSRC‚Ä¶ HPCMP‚Ä¶ SAIC‚Ä¶ ERDC/ARL/AFRL‚Äù,Analytical Services Inc. (past); other HPC small-business partners (needs-scrape),nan,nan,SAIC,nan,nan,Derived from SAIC HPCMP/HITS program details in your files,HPC system administrators; network engineers; computational scientists; storage engineers; Linux cluster admins; petascale systems operators,FA877319FA023,HITS / HITS-U,Low,0,,,,,,,,,,,,,,,,,,,,,Not Queried
DoD IAC Multiple Award Contract,IAC-MAC,DoD,nan,Secret,Medium,$28B,nan,DoD labs CONUS,‚ÄúIAC‚Äù,Universities; labs; niche contractors,nan,nan,Multiple primes,R&D,nan,Provided row,R&D SMEs; scientists; analysts,nan,nan,nan,nan,,,,,,,,,,,,,,,,,,,,,Not Queried
DoD Information Analysis Center MAC,IAC-MAC,DoD,Medium,Secret,Medium,$28B,IDIQ,CONUS R&D labs,‚Äú22 technical focus areas‚Ä¶ prototype projects‚Äù,Universities; labs; niche firms,nan,"January 1, 2018 ‚Üí January 1, 2027",Multiple,R&D,nan,Provided,Scientists; R&D engineers; prototype developers,nan,nan,nan,nan,,,,,,,,,,,,,,,,,,,,,Not Queried
DoD Joint Service Provider ‚Äì Pentagon IT & ICAM,JSP,DoD,nan,"Secret, Top Secret",Medium,$190M,nan,Pentagon; NCR,‚ÄúDoD JSP‚Ä¶ enterprise IT services‚Äù,SB partners,nan,nan,CACI (incumbent),nan,nan,Provided data,Helpdesk; deskside; VTC; ICAM,47QFRA19F0011,JSP,Medium,1,,,,,,,,,,,,,,,,,,,,,Not Queried
DoD JSP ‚Äì Pentagon IT & ICAM (AFNCR/ICAM),AFNCR / ICAM,Air Force,Medium,"Secret, Top Secret",Medium,$450M,Services,Pentagon; JB Andrews,‚ÄúLeidos‚Ä¶ AFNCR communications‚Ä¶ Pentagon‚Äù,nan,Target,nan,Leidos,IT Ops,nan,Provided text,Desktop support; NetOps; ICAM engineers,HHSN261200800001E,AFNCR / ICAM,Low,0,,,,,,,,,,,,,,,,,,,,,Not Queried
DSS Support,DSS Support,DoD,Medium,Secret,Medium,nan,Services,NCR,‚ÄúDSS/DCSA‚Äù,nan,nan,nan,Northrop (mention); others,IT Ops,nan,Row text,Security IT; insider threat IT support,FA821920C0006,DSS Support,Low,0,,,,,,,,,,,,,,,,,,,,,Not Queried
DTIC / IAC MAC,IAC-MAC,DoD,nan,Secret,Medium,$28B,nan,DoD labs,‚ÄúIAC‚Äù,Multiple,nan,nan,Multiple,R&D,nan,IAC MAC references,R&D SMEs; scientific analysts,nan,nan,nan,nan,,,,,,,,,,,,,,,,,,,,,Not Queried
DTRA IAC-MAC Research & Analysis,IAC-MAC,DoD,nan,"Secret, Top Secret",Medium,$28B,nan,Fort Belvoir; Kirtland AFB,‚Äú10+ openings‚Ä¶ research analysts‚Äù,Universities; labs; niche R&D firms,nan,nan,CACI,Intel,nan,Row text,Nuclear/Bio defense analysts; data scientists,GSQ0017AJ0006,IAC-MAC,Low,0,,,,,,,,,,,,,,,,,,,,,Not Queried
DTRA Integrated IT Support Services,I3TS,DoD,nan,"Secret, Top Secret",High,$205M,nan,Fort Belvoir; Kirtland AFB,‚ÄúDTRA IT modernization‚Äù,TekSynap,nan,nan,Leidos,nan,nan,Row text,IT; cyber; ZTA specialists,70T04019C9DAP3006,I3TS,Medium,1,,,,,,,,,,,,,,,,,,,,,Not Queried
DTRA Integrated IT Support Services,I3TS,DoD,nan,"Secret, Top Secret",High,$205M,nan,Fort Belvoir; Kirtland AFB,‚ÄúDTRA IT modernization‚Äù,TekSynap,nan,nan,Leidos,nan,nan,Row text,IT; cyber; ZTA specialists,70T04019C9DAP3006,DTRA I3TS,Medium,1,,,,,,,,,,,,,,,,,,,,,Not Queried
DTRA Integrated IT Support Services,DTRA I3TS,DoD,nan,"Secret, Top Secret",High,$205M,nan,Fort Belvoir VA; Kirtland AFB NM,"‚ÄúLeidos hiring‚Ä¶ DTRA I3TS‚Ä¶ Fort Belvoir, Kirtland‚Äù",TekSynap; SB partners,nan,nan,Leidos,nan,nan,Provided,Network admin; systems engineer; cyber analyst,70T04019C9DAP3006,I3TS,Medium,1,,,,,,,,,,,,,,,,,,,,,Not Queried
DTRA Integrated IT Support Services,DTRA I3TS,DoD,nan,"Secret, Top Secret",High,$205M,nan,Fort Belvoir VA; Kirtland AFB NM,"‚ÄúLeidos hiring‚Ä¶ DTRA I3TS‚Ä¶ Fort Belvoir, Kirtland‚Äù",TekSynap; SB partners,nan,nan,Leidos,nan,nan,Provided,Network admin; systems engineer; cyber analyst,70T04019C9DAP3006,DTRA I3TS,Medium,1,,,,,,,,,,,,,,,,,,,,,Not Queried
DTRA IT Modernization / Support Services,I3TS (ITSS),DoD,nan,"Secret, Top Secret",High,$205M,nan,Fort Belvoir; Kirtland AFB,‚ÄúZero Trust‚Ä¶ AI automation focus‚Äù,TekSynap,nan,nan,Leidos,Cyber,nan,‚ÄúDTRA I3TS ‚Äì $205M‚Ä¶‚Äù,Service desk; network mgmt; Zero Trust engineers,HHSN261200800001E,I3TS (ITSS),Low,0,,,,,,,,,,,,,,,,,,,,,Not Queried
DTRA IT Support Modernization,I3TS,DoD,nan,"Secret, Top Secret",High,$205M,nan,Fort Belvoir; Kirtland AFB,‚ÄúPTS placed techs at DTRA HQ and AF Security reps at Kirtland‚Äù,TekSynap,nan,nan,Leidos,nan,nan,BD notes,IT admins; service desk; network engineers,70T04019C9DAP3006,I3TS,Medium,1,,,,,,,,,,,,,,,,,,,,,Not Queried
DTRA IT Support Services,I3TS,DoD,nan,"Secret, Top Secret",High,$205M,nan,Fort Belvoir; Kirtland AFB,‚ÄúLeidos took over from SB‚Ä¶ attrition backfill‚Äù,TekSynap,nan,nan,Leidos,Cyber,nan,Row text,Help desk; network eng; Zero Trust,HHSN261200800001E,I3TS,Low,0,,,,,,,,,,,,,,,,,,,,,Not Queried
"EDIS ‚Äì Engineering, Development, Integration & Sustainment",EDIS,Space Force,nan,"Secret, Top Secret",Medium,$655M,nan,Los Angeles AFB; Colorado Springs; Huntsville,‚ÄúSpace ground integration‚Äù,nan,nan,nan,SAIC,nan,nan,Row text,Systems/software engineers; cyber engineers; space-ground integration,FA251822F0034,EDIS,Medium,1,,,,,,,,,,,,,,,,,,,,,Not Queried
EDIS / HADES (follow-on),EDIS/HADES,Space Force,nan,"Secret, Top Secret",Medium,nan,nan,LAAFB; CONUS ISR nodes,‚ÄúEDIS/HADES‚Äù,nan,nan,nan,SAIC / Army,Intel,nan,Row text,SE&I; ISR analysts; systems engineering,FA877319FA023,EDIS/HADES,Low,0,,,,,,,,,,,,,,,,,,,,,Not Queried
EITaaS (Pilot ‚Äì USAF),EITaaS,Air Force,nan,"Public Trust, Secret",Medium,$50M,nan,Multiple bases,‚ÄúOutsourced base IT (pilot)‚Äù,AT&T; Microsoft,nan,nan,CACI (pilot),nan,nan,Program notes,Base IT; service desk; help desk; end-user services,FA882316C0004,EITaaS,Medium,2,,,,,,,,,,,,,,,,,,,,,Not Queried
ENCORE III,ENCORE III,DISA,nan,Secret,Medium,$17.5B,nan,Global CONUS/OCONUS,‚ÄúDoD IT vehicle‚Äù,Numerous,nan,nan,20 large + 20 small primes,nan,nan,ENCORE III description,IT modernization; cyber; enterprise IT,nan,nan,nan,nan,,,,,,,,,,,,,,,,,,,,,Not Queried
Engineering Development & Integration Support,EDIS,Space Force,nan,"Secret, Top Secret",High,$655M,nan,Los Angeles AFB; Colorado Springs,‚ÄúSatellite ground systems support‚Ä¶ Ground System Enterprise‚Ä¶ sustain legacy + integrate new sites‚Äù,SES (SW partner),nan,nan,SAIC (via Engility),nan,nan,Provided,Systems engineers; SW testers; satellite ground engineers,FA251822F0034,EDIS,High,3,,,,,,,,,,,,,,,,,,,,,Not Queried
Enterprise Account Tracking & Automation Tool,ATAT,DISA,nan,TS/SCI,High,$21M,nan,Crystal City; Remote,‚ÄúATAT‚Ä¶ cloud account management system‚Ä¶ DISA CCPO‚Äù,Five Star Tech Solutions,nan,nan,Hunter Strategy LLC,Professional Services,nan,Provided,Software developers; cloud admins; PMs; identity automation,nan,nan,nan,nan,,,,,,,,,,,,,,,,,,,,,Not Queried
EUCOM / AFRICOM IT & Communications Support,EUCOM/AFRICOM IT,Air Force,nan,"Secret, TS/SCI",Medium,$1.3B,nan,Stuttgart DE; Italy; Djibouti; other OCONUS,‚ÄúCACI‚Ä¶ EUCOM/AFRICOM‚Ä¶ OCONUS reqs‚Äù,Local national partners; small business subs,nan,nan,CACI,nan,nan,Provided row,Network ops; field comms; sysadmin; SATCOM support,FA882316C0004,EUCOM/AFRICOM IT,Medium,2,,,,,,,,,,,,,,,,,,,,,Not Queried
EUCOM/AFRICOM Enterprise IT & Comms Support,DCWAS (ref name),DoD,nan,"Secret, Top Secret",High,$1.3B,nan,Stuttgart DE + 60+ sites across Europe/Africa,‚ÄúForward-deployed IT services across 20+ overseas sites‚Äù,Local nationals + small-business onsite partners,nan,nan,CACI,C5ISR,nan,‚ÄúCACI to deliver IT expertise‚Ä¶ PTS placed UC SME Stuttgart‚Äù,Help desk; network ops; field comms; cloud support,47QFRA19F0011,DCWAS (ref name),Medium,1,,,,,,,,,,,,,,,,,,,,,Not Queried
EUCOM/AFRICOM IT & Comms,nan,DoD,nan,TS/SCI,High,$1.3B,nan,Stuttgart + 60 EUCOM/AFRICOM sites,"‚ÄúOCONUS IT support, 60 sites‚Äù",Local partners in Germany & Italy,nan,nan,CACI,nan,nan,Provided text,Field service techs; network ops; help desk; secure comms,GSQ0017AJ0006,nan,Low,0,,,,,,,,,,,,,,,,,,,,,Not Queried
EUCOM/AFRICOM IT & Comms Support,nan,Air Force,nan,"Secret, Top Secret",High,$1.3B,nan,Europe & Africa ‚Äì 60+ sites,‚ÄúIT services for EUCOM/AFRICOM‚Ä¶ 60+ overseas sites‚Äù,Multiple subs (incl. local staffing),nan,nan,CACI,C5ISR,nan,Provided row text,Field comms; network ops; help desk,FA882316C0004,nan,Medium,2,,,,,,,,,,,,,,,,,,,,,Not Queried
F-35 Sustainment,F-35 Sustainment,DoD,nan,Secret,Medium,Multi-$B,nan,Global F-35 bases,‚ÄúF-35 sustainment‚Äù,RTX; BAE; Northrop,nan,nan,Lockheed Martin,IT Ops,nan,Provided,Sustainment IT; engineering; logistics IT; ALIS/ODIN support,N0001917C0001,F-35 Sustainment,Low,0,,,,,,,,,,,,,,,,,,,,,Not Queried
Fort Eisenhower (Gordon) IT Support,nan,Army,nan,Secret,Medium,nan,nan,Augusta GA,‚ÄúAESD Fort Eisenhower Augusta TEKsystems‚Äù,TEKsystems,nan,nan,SAIC,IT Ops,nan,Provided,Service desk; night-shift coverage; sysadmin; ServiceNow,W15QKN19F1290,nan,Medium,1,,,,,,,,,,,,,,,,,,,,,Not Queried
Future Operationally Resilient Ground Evolution,FORGE,Space Force,nan,"Secret, TS/SCI",High,$600M,nan,Buckley SFB; Peterson SFB; Aurora CO,‚ÄúFORGE‚Ä¶ Raytheon $197M; BAE $151M; modernized OPIR ground architecture‚Äù,Infinity Systems; LinQuest; SciTec,nan,nan,Raytheon (Mission Data Apps); BAE (C2),C5ISR,nan,Provided,Agile SW; data scientists; systems integrators,N0001918C1021,FORGE,Low,0,,,,,,,,,,,,,,,,,,,,,Not Queried
GBS (Global Broadcast Service),GBS,DISA,Low,TS/SCI,Low,nan,SATCOM / BROADCAST PROGRAM,Tampa FL (MacDill AFB); Hawaii; CONUS,"‚ÄúSATCOM, DISA, GBS, MacDill‚Äù",unknown (needs-scrape),nan,nan,L3Harris (historical),C5ISR,nan,‚ÄúClearance overview & site priorities‚Äù,SATCOM engineers; RF tech; network admin,N0003022C2001,GBS,Medium,1,,,,,,,,,,,,,,,,,,,,,Not Queried
GBSD Sentinel Missile Modernization,GBSD,Air Force,nan,TS/SCI,High,nan,nan,Ogden UT; Hill AFB; Vandenberg SFB,‚ÄúNuclear missile modernization‚Äù; ‚ÄúSentinel‚Äù; ‚ÄúC3 modularity‚Äù,Leidos; CACI; other large integrators,nan,nan,Northrop Grumman,Weapon Systems,nan,GBSD/Sentinel program reference,Cleared engineers; mission ops; comms; C2 engineering,FA821920C0006,GBSD,High,6,,,,,,,,,,,,,,,,,,,,,Not Queried
GENMOD / VMOD (Army Network/Voice Modernization),GENMOD/VMOD,Army,nan,Secret,High,$526M,nan,CONUS & Pacific posts,‚ÄúCACI secures $526M Network Modernization‚Äù,Cisco/HPE; Corning; CommScope; Black Box,nan,nan,CACI,IT Ops,nan,Provided,Network engineers; cabling; voice techs; modernization,W15QKN15C0049,GENMOD/VMOD,Medium,2,,,,,,,,,,,,,,,,,,,,,Not Queried
GENMOD / VMOD (Network Modernization),GENMOD,Army,nan,Secret,High,$526M,nan,Pacific + CONUS,‚ÄúBase network modernization‚Äù,Cisco/HPE; CommScope; Black Box,nan,nan,CACI,IT Ops,nan,Provided,Network installers; voice; cyber,W15QKN15C0049,GENMOD,Medium,2,,,,,,,,,,,,,,,,,,,,,Not Queried
GENMOD / VMOD 2 ‚Äì Field Service Technicians,VMOD 2,Army,nan,Secret,Medium,nan,nan,CONUS posts,‚ÄúCACI ‚Äì VMOD 2 ‚Äì Field Service Tech‚Äù,nan,nan,nan,CACI,IT Ops,nan,Provided,Field service techs; voice/network modernization,W15QKN15C0049,VMOD 2,Medium,2,,,,,,,,,,,,,,,,,,,,,Not Queried
Global Broadcast Service,GBS,DISA,nan,TS/SCI,Low,nan,nan,Tampa FL; Hawaii; CONUS,‚ÄúSATCOM; GBS; MacDill‚Äù,unknown (needs-scrape),nan,nan,L3Harris,C5ISR,nan,Site priorities doc,SATCOM engineer; RF tech; network admin,N0003022C2001,GBS,Medium,1,,,,,,,,,,,,,,,,,,,,,Not Queried
Global Command and Control System ‚Äì Joint,GCCS-J,DISA,nan,TS/SCI,Medium,nan,nan,Fort Meade MD; Scott AFB IL,‚ÄúDISA; legacy C2 modernization‚Äù,GDIT; SAIC; Raytheon (likely subs),nan,nan,Northrop Grumman,C5ISR,nan,BD tracker reference,C2 engineers; SW dev; network ops,FA821920C0006,GCCS-J,Low,0,,,,,,,,,,,,,,,,,,,,,Not Queried
Global Command and Control System ‚Äì Joint (Variant),GCCS-J,DISA,Medium,Secret,Medium,$400M,IDIQ,Suffolk VA,‚ÄúC2; Command & Control‚Äù,GDIT; SAIC,nan,"January 1, 2019 ‚Üí January 1, 2027",Leidos,C5ISR,nan,Apex Systems DISA support,SW dev; systems engineering,HHSN261200800001E,GCCS-J,Low,0,,,,,,,,,,,,,,,,,,,,,Not Queried
Global Network Operations (DISA GSM-O II),GSM-O II,DISA,nan,"Secret, TS/SCI",High,$6.5B,nan,Scott AFB IL; Ft Meade MD; OCONUS nodes,‚Äú24√ó7 NOC; JRSS; OCONUS ops‚Äù,Insight Global; Apex Systems,nan,nan,Leidos,Cyber,nan,‚ÄúProvided NOC techs‚Ä¶ subs for surge‚Äù,NOC ops; network engineers; cyber analysts; ServiceNow,NNJ09HD46C,GSM-O II,Medium,1,,,,,,,,,,,,,,,,,,,,,Not Queried
Global Network Operations II (PTS Subcontract),GSM-O II,DISA,nan,Top Secret,High,$6.5B,nan,Scott AFB; Ft Meade; Hill AFB; Honolulu HI,‚ÄúPTS placed NOC Manager at Scott AFB‚Äù,PTS,nan,nan,Leidos,IT Ops,nan,Row text,NOC techs; cyber analysts; ServiceNow devs,NNJ09HD46C,GSM-O II,Medium,1,,,,,,,,,,,,,,,,,,,,,Not Queried
Global Service Management ‚Äì Operations II,GSM-O II,DISA,nan,TS/SCI,High,$6.52B,nan,Scott AFB; Ft Meade; OCONUS,‚Äú24√ó7 DoDIN cyber ops‚Äù,Insight Global; Apex Systems,nan,nan,Leidos,Cyber,nan,Provided quote,NOC tech; cyber ops; network engr; ServiceNow,89243318CFE000003,GSM-O II,Medium,1,,,,,,,,,,,,,,,,,,,,,Not Queried
Global Service Mgmt ‚Äì Ops II (variant),GSM-O II,DISA,Medium,"Secret, TS/SCI",Medium,$6.5B,IDIQ,Scott AFB; Ft Meade; global,‚ÄúDoDIN operations‚Äù,AT&T; Verizon; Parsons; staff aug vendors,Current,"January 1, 2018 ‚Üí January 1, 2028",Leidos,IT Ops,nan,Provided,NOC; cyber ops; servicedesk; ServiceNow,89243318CFE000003,GSM-O II,Medium,1,,,,,,,,,,,,,,,,,,,,,Not Queried
Global Solutions Management ‚Äì Operations II,GSMO II,DISA,nan,"Secret, Top Secret",Medium,nan,nan,Scott AFB; Ft Meade; Hill AFB,‚ÄúDISA; GSMO; Leidos‚Äù,CACI; SAIC; small SB partners,nan,nan,Leidos,C5ISR,nan,Provided,Network engineers; systems admins; helpdesk,NNJ09HD46C,GSMO II,Medium,1,,,,,,,,,,,,,,,,,,,,,Not Queried
GMD Weapon System (Ground C2),GWS (GMD),MDA,üü† High,"Secret, Top Secret",High,$3.3B,IDIQ,Huntsville AL; Schriever SFB; Ft Greely AK,‚ÄúGMD Weapon System‚Ä¶ $3.3B‚Ä¶ weapon system integrator‚Äù,Raytheon; GD; Bechtel; others,Target,"January 1, 2022 ‚Üí January 1, 2027",Northrop Grumman,C5ISR,nan,Provided,SW sustainment; BMC3; test engineers,HQ085621C0003,GWS (GMD),Medium,2,,,,,,,,,,,,,,,,,,,,,Not Queried
GMD Weapon System Modernization,GWS (GMD),MDA,nan,"Secret, TS/SCI",High,$3.3B,nan,Huntsville AL; Schriever SFB; Ft Greely AK; Vandenberg SFB,Homeland missile defense,"Raytheon (BMC3), GD, Bechtel",nan,nan,Northrop Grumman,C5ISR,nan,Provided row text,SW engineering; modeling & simulation; cyber; C2,HQ085621C0003,GWS (GMD),High,4,,,,,,,,,,,,,,,,,,,,,Not Queried
GPS Next-Gen Operational Control System,GPS OCX,Space Force,nan,"Secret, Top Secret",High,$7.6B,nan,Colorado Springs CO (Schriever SFB),‚ÄúGPS OCX‚Ä¶ cost overruns‚Ä¶ provisional acceptance 2023‚Äù,Insight Global; Apex Systems (staff aug),nan,nan,Raytheon Intelligence & Space,IT Ops,nan,Row text,Software engineers; cyber analysts; helpdesk,FA880710C0001,GPS OCX,High,6,,,,,,,,,,,,,,,,,,,,,Not Queried
GPS Operational Control System (sustainment),GPS OCX,Space Force,nan,"Secret, Top Secret",High,$7.7B,nan,Aurora CO; Schriever SFB,‚ÄúGPS ground control‚Äù,GDIT; Infinity; Braxton (historical); IBM tools,nan,nan,Raytheon,IT Ops,nan,Provided,SW dev/test; IA; cyber; sustainment,FA880710C0001,GPS OCX,High,3,,,,,,,,,,,,,,,,,,,,,Not Queried
GRASP (Raytheon/Peraton),GRASP,DoD,nan,Secret,Medium,nan,nan,Secret,C5ISR,nan,nan,nan,Peraton,Professional Services,nan,Medium,‚ÄúGRASP‚Äù,80GSFC19C0063,GRASP,Low,0,,,,,,,,,,,,,,,,,,,,,Not Queried
Ground Based Strategic Deterrent / Sentinel,GBSD / Sentinel,Air Force,High,"Secret, Top Secret",High,$13.3B,IDIQ,Hill AFB; Ogden UT; Roy UT; Colorado Springs; Promontory UT,‚ÄúSentinel ICBM modernization‚Äù,Apex Systems; Insight Global; TEKsystems; Belcan; Iron Eagle X; Prime TS,Target,"January 1, 2020 ‚Üí January 1, 2039",Northrop Grumman,C5ISR,nan,GBSD BD strategy,Systems engineers; MBSE; SW engineers; cyber; test; logistics,FA821920C0006,GBSD / Sentinel,High,6,,,,,,,,,,,,,,,,,,,,,Not Queried
Ground-Based Interceptor,GBI,MDA,nan,"Secret, Top Secret",Medium,Multi-$B,nan,Vandenberg; Ft Greely,‚ÄúGBI‚Äù,Northrop (EKV/CVKV),nan,nan,Boeing (lead),Weapon Systems,nan,Provided,Missile ops; missile engineers,HQ085621C0003,GBI,High,3,,,,,,,,,,,,,,,,,,,,,Not Queried
Ground-Based Midcourse Defense,GMD,MDA,nan,"Secret, Top Secret",High,Multi-$B,nan,Fort Greely; Vandenberg; Schriever,‚ÄúGMD national BMD; Next-Gen Interceptor program; multi-contract‚Äù,Northrop; Raytheon; others,nan,nan,Boeing (prime); Northrop & Raytheon (NGI),C5ISR,nan,Provided,Missile defense engineers; radar techs; C2 analysts,HQ085621C0003,GMD,High,9,,,,,,,,,,,,,,,,,,,,,Not Queried
Ground-Based Strategic Deterrent,GBSD,Air Force,nan,"Secret, TS/SCI",High,Multi-$B,nan,Roy UT; Hill AFB UT; Redondo Beach CA,"‚ÄúSentinel, LGM-35A, GBSD‚Äù",Aerojet Rocketdyne; Lockheed Martin,nan,nan,Northrop Grumman,Weapon Systems,nan,‚ÄúNorthrop Grumman Sentinel Execution Strategy Guide‚Äù,Systems engineers; cybersecurity; SW dev; logistics engineers,FA821920C0006,GBSD,High,9,,,,,,,,,,,,,,,,,,,,,Not Queried
Ground-Based Strategic Deterrent (Sentinel),GBSD (Sentinel),Air Force,nan,"Secret, TS/SCI",High,Multi-$B,nan,Hill AFB; Offutt AFB (nuclear C3 analysts),‚ÄúLong-open M&S engineer role‚Ä¶ competitors struggling to fill‚Äù,Insight Global; TEKsystems; various cleared staffing vendors,nan,nan,Northrop Grumman,C5ISR,nan,‚ÄúIG had M&S open 6+ months‚Ä¶ PTS can supply MBSE quickly‚Äù,MBSE; Systems Eng; ISSO/ISSM; Configuration Mgmt,FA821920C0006,GBSD (Sentinel),High,6,,,,,,,,,,,,,,,,,,,,,Not Queried
GSA Alliant 2,Alliant 2,DoD,nan,Secret,High,$82.5B,nan,Government-wide,‚ÄúAlliant 2‚Ä¶ used heavily by DoD‚Ä¶ 40+ primes‚Äù,Numerous,nan,nan,40+ primes,IT Ops,nan,Provided,IT solutions; dev; ops; cloud,nan,nan,nan,nan,,,,,,,,,,,,,,,,,,,,,Not Queried
GSA Alliant 2 GWAC,Alliant 2,DoD,nan,Secret,High,$82.5B,nan,Government-wide,‚ÄúUsed heavily by DoD agencies; myriad subcontractors‚Äù,Many IT staffing subs,nan,nan,~40 primes,Professional Services,nan,Provided,IT developers; engineers; cloud engineers,nan,nan,nan,nan,,,,,,,,,,,,,,,,,,,,,Not Queried
GSA Alliant 2/3 GWAC,Alliant 2/3,DoD,nan,"Public Trust, Secret, Top Secret",Medium,nan,nan,Federal agencies nationwide,‚ÄúAlliant 2/3 cited as GWAC for IT/cyber services‚Äù,Many integrators & staffing firms,nan,nan,Multiple primes,IT Ops,nan,Provided,Enterprise IT; cloud; cyber; software,nan,nan,nan,nan,,,,,,,,,,,,,,,,,,,,,Not Queried
GSA ASTRO,ASTRO,DoD,nan,Secret,Medium,nan,nan,DoD domains (Ops/R&D/Maintenance),‚ÄúASTRO unlimited value‚Ä¶ >$100B expected‚Äù,Numerous,nan,nan,Dozens of primes,C5ISR,nan,Provided,Ops; R&D; maintenance; dev,nan,nan,nan,nan,,,,,,,,,,,,,,,,,,,,,Not Queried
GSA ASTRO (multiple pools),ASTRO,DoD,nan,Secret,Medium,nan,nan,CONUS/OCONUS,‚ÄúManned/unmanned systems‚Äù,Multiple,nan,nan,Multiple,R&D,nan,Provided,Ops; R&D; maintenance; unmanned systems,nan,nan,nan,nan,,,,,,,,,,,,,,,,,,,,,Not Queried
GSA ASTRO (pool-level entry),ASTRO,DoD,Medium,Top Secret,Medium,nan,IDIQ,CONUS/OCONUS,"‚Äúrobotics, unmanned systems‚Äù",Dozens of subs,nan,"January 1, 2021 ‚Üí January 1, 2031",Multiple primes,Professional Services,nan,Provided,O&M techs; R&D engineers; robotics,nan,nan,nan,nan,,,,,,,,,,,,,,,,,,,,,Not Queried
GSA Multiple Award Schedule ‚Äì IT SIN 54151,GSA MAS IT,DoD,nan,"Public Trust, Secret",Medium,nan,nan,Nationwide,‚ÄúGSA MAS for IT/services‚Äù,Numerous IT resellers & SB subs,nan,nan,Many schedule holders,Professional Services,nan,Provided,IT contractors; dev; cyber; staff aug,nan,nan,nan,nan,,,,,,,,,,,,,,,,,,,,,Not Queried
GSA OASIS,OASIS,DoD,nan,Secret,Medium,nan,nan,Government-wide,‚Äúmulti-billion usage‚Ä¶ succeeded by OASIS+‚Äù,Many consulting & staffing firms,nan,nan,100+ primes (Pools 1‚Äì6),Professional Services,nan,Provided,A&AS; management; engineering,nan,nan,nan,nan,,,,,,,,,,,,,,,,,,,,,Not Queried
GSA OASIS / OASIS+,OASIS,DoD,nan,Secret,Medium,nan,nan,Gov-wide,‚ÄúOASIS‚Ä¶ succeeded by OASIS+‚Äù,Numerous,nan,nan,Multiple pools,Professional Services,nan,Provided,A&AS; program support; engineering,nan,nan,nan,nan,,,,,,,,,,,,,,,,,,,,,Not Queried
HHS Advanced Secure Data Repository,ASDR,DoD,Medium,Public Trust,Medium,nan,DATA PLATFORM,NIH / HHS,‚ÄúHHS analytics‚Äù,nan,nan,nan,GDIT / SAIC (indicative),Data,nan,Provided text,Data engineering; cyber analysts; platform engineers,19AQMM18C0185,ASDR,Low,0,,,,,,,,,,,,,,,,,,,,,Not Queried
Hope 2.0 (prototype),Hope 2.0,Space Force,nan,Secret,Medium,nan,nan,TS,Space / R&D,Odyssey Systems,nan,nan,SAIC,Professional Services,nan,Medium,"‚ÄúSAIC, Hope 2.0‚Ä¶ early-stage targeting‚Äù",FA877319FA023,Hope 2.0,Low,0,,,,,,,,,,,,,,,,,,,,,Not Queried
Hypersonic & Ballistic Tracking Space Sensor,HBTSS,MDA,nan,TS/SCI,High,$155M,nan,Orbit prototypes; SDA ground centers,‚ÄúHypersonic tracking satellites‚Ä¶ precursor to SDA‚Äôs Tracking Layer‚Äù,nan,nan,nan,Northrop & L3Harris (co-primes),R&D,nan,Provided program note,Space payload engineers; infrared flight SW; tracking algorithm developers,HQ085621C0003,HBTSS,Medium,2,,,,,,,,,,,,,,,,,,,,,Not Queried
INDOPACOM C5ISR Support,INDOPACOM C5ISR,DoD,nan,"Secret, TS/SCI",High,$441M,nan,Camp HM Smith HI; Pacific sites,‚ÄúC5ISR support across PACOM; highly technical‚Äù,nan,nan,nan,Amentum,C5ISR,nan,‚ÄúAmentum $441M‚Ä¶ INDOPACOM‚Äù,IT & cyber analysts; comms engineers; systems integrators,0004,INDOPACOM C5ISR,Low,0,,,,,,,,,,,,,,,,,,,,,Not Queried
Information Technology Sustainment for Enhanced Ops,ISEO,DIA,Medium,"Polygraph, TS/SCI, TS/SCI w/ Poly",Medium,$400M,nan,Washington DC; Reston VA,"‚ÄúDIA, ISEO, surge staffing‚Äù",unknown (needs-scrape),Target,nan,Leidos,IT Ops,nan,BD prompt example,IT sustainment; help desk; desktops; network ops,HHSN261200800001E,ISEO,Medium,1,,,,,,,,,,,,,,,,,,,,,Not Queried
INSCOM GILE Support,GILE,Army,nan,TS/SCI,High,$855M,nan,Fort Belvoir VA; NCR,‚ÄúINSCOM GILE Support ‚Äì $855M ‚Äì CACI‚Äù,nan,nan,nan,CACI,Intel,nan,Provided text,Intel analysts; systems integrators; cyber SMEs; linguist-enabled intel,W15QKN15C0049,GILE,Medium,2,,,,,,,,,,,,,,,,,,,,,Not Queried
INSCOM IT Support Services (current TO iteration),IT2S4 / I2TS,Army,High,TS/SCI,High,nan,Services,Fort Liberty; Fort Meade; Fort Sam Houston; JBLM,‚ÄúINSCOM helpdesks‚Ä¶ TS/SCI; multiple bases‚Äù,nan,Current,nan,GDIT,Intel,nan,Provided row,Helpdesk; sysadmin; storage admin; DevOps; network tech,W56HZV19C0036,IT2S4 / I2TS,Medium,1,,,,,,,,,,,,,,,,,,,,,Not Queried
INSCOM IT Support Services III,I2TS-III,Army,nan,TS/SCI,Medium,$300M,nan,Fort Belvoir; worldwide,‚ÄúINSCOM I2TS-III‚Äù,ActioNet; Bowhead; other SBs,nan,nan,GDIT,Intel,nan,Provided,Enterprise IT; IA; apps; deployable comms,W56HZV19C0036,I2TS-III,Medium,1,,,,,,,,,,,,,,,,,,,,,Not Queried
Integrated Air & Missile Defense,IAMD,Army,nan,Secret,Medium,$1B,nan,Huntsville AL,"‚ÄúPatriot, IAMD, missile defense‚Äù",Northrop; Boeing,nan,nan,Raytheon,C5ISR,nan,WIS≈ÅA/IBCS linkages,Systems engineers; radar analysts; MLU support,W31P4Q15C0022,IAMD,High,5,,,,,,,,,,,,,,,,,,,,,Not Queried
Integrated Base Defense Security System,IBDS,Army,nan,Secret,Medium,nan,nan,Fort Meade; Aberdeen MD,‚ÄúArmy; Base Defense; IBDS‚Äù,Booz Allen; SAIC,nan,nan,Leidos,C5ISR,nan,PTS program-mapping data,Network security engineers; SOC analysts,70T04019C9DAP3006,IBDS,Medium,2,,,,,,,,,,,,,,,,,,,,,Not Queried
Integrated Digital Engineering Environment,IDEE,Air Force,nan,TS/SCI,Medium,nan,nan,Ogden UT,‚ÄúIDEE; Digital Twin; SysML; Sentinel digital engineering‚Äù,L3Harris; Lockheed Martin,nan,nan,Northrop Grumman,R&D,nan,‚ÄúGBSD BD Strategy.pdf‚Äù,MBSE engineers; SysML modelers; digital twin developers,FA821920C0006,IDEE,High,3,,,,,,,,,,,,,,,,,,,,,Not Queried
Integrated Situational Awareness Environment,inSITE,Army,nan,"Secret, TS/SCI",High,nan,nan,Huntsville AL; Colorado Springs CO,‚ÄúIntel & cyber situational awareness‚Äù,Prime TS (support),nan,nan,Northrop Grumman,Cyber,nan,Provided,RMF SMEs; STIG analysts; cyber analysts,FA821920C0006,inSITE,Low,0,,,,,,,,,,,,,,,,,,,,,Not Queried
Integrated Situational Awareness Tool Environment,inSITE,DISA,High,TS/SCI,High,nan,SOFTWARE / CYBER ANALYTICS,Huntsville AL; Colorado Springs CO,‚ÄúinSITE ‚Äì RMF; STIG; cyber situational awareness‚Äù,Prime Technical Services,Current,nan,Northrop Grumman,Cyber,nan,Provided,RMF SMEs; STIG analysts; cyber engineers,FA821920C0006,inSITE,Low,0,,,,,,,,,,,,,,,,,,,,,Not Queried
Integrated Situational Awareness Tool Environment (Intel Cyber),inSITE,DISA,High,TS/SCI,High,nan,SOFTWARE / CYBER ANALYTICS,Huntsville AL; Colorado Springs CO,"‚ÄúIntel & cyber situational awareness‚Äù, ‚ÄúSTIG‚Äù, ‚ÄúRMF‚Äù",Prime Technical Services,Current,nan,Northrop Grumman,Cyber,nan,inSITE BD mapping text,RMF SMEs; STIG Analysts; Cyber Analysts; C5ISR cyber operators,FA821920C0006,inSITE,Low,0,,,,,,,,,,,,,,,,,,,,,Not Queried
Integrated Strategic & Expeditionary Operations (DIA ISEO variant),ISEO (ISE Ops),DIA,nan,TS/SCI,Medium,$400M,nan,Washington DC; Quantico VA; Bolling AFB,‚ÄúDIA ISEO‚Ä¶ Intel IT sustainment‚Ä¶ help desk‚Äù,GDIT; CACI,nan,nan,Leidos,Intel,nan,BD Automation Playbook (L260‚ÄìL270),IT support; help desk; desktop support; enterprise sustainment,70T04019C9DAP3006,ISEO (ISE Ops),Medium,2,,,,,,,,,,,,,,,,,,,,,Not Queried
Intelligence Community Infrastructure Support,I2TS-Next,Army,nan,TS/SCI,High,nan,nan,Fort Belvoir VA; Korea (possible),‚ÄúPTS has experience staffing INSCOM helpdesks‚Ä¶‚Äù,PTS (prior INSCOM roles),nan,nan,Jacobs,Intel,nan,INSCOM I2TS-Next history,IT support; cyber security; helpdesk; systems tech,140R4024C0013,I2TS-Next,Medium,1,,,,,,,,,,,,,,,,,,,,,Not Queried
Intelligence Systems Enterprise Operations,ISEO,DIA,High,TS/SCI,High,nan,IT SUSTAINMENT,Reston VA; DIA HQ JBAB,‚ÄúDIA IT Sustainment; cleared IT workforce‚Äù,Prime TS (prospective),Target,nan,Leidos,Intel,nan,AI-playbook sample,IT support; help desk; desktop; local/remote IT sustainment,HHSN261200800001E,ISEO,Medium,1,,,,,,,,,,,,,,,,,,,,,Not Queried
Intelligence Systems Infrastructure Tools & Enhancements,inSITE,DoD,nan,"Secret, TS/SCI",High,$406M,nan,Huntsville AL; Colorado Springs CO,"‚ÄúIntel modernization, AFRL‚Äù",General Dynamics; L3Harris,nan,nan,Northrop Grumman,Intel,nan,‚ÄúNorthrop programs supported by Prime‚Äù,RMF SMEs; STIG/Cyber Analysts,FA821920C0006,inSITE,Low,0,,,,,,,,,,,,,,,,,,,,,Not Queried
Interim MDC2 / ABMS,IMDC2 / ABMS,Air Force,Medium,"Secret, Top Secret",Medium,nan,MODERNIZATION,AF bases,‚ÄúJADC2 / ABMS‚Äù,Multiple,nan,nan,Multiple,C5ISR,nan,Row text,C2 engineers; JADC2 integrators,nan,nan,nan,nan,,,,,,,,,,,,,,,,,,,,,Not Queried
IT CROP (Bowhead),IT CROP,DoD,nan,Secret,Medium,nan,nan,Secret,IT Ops,nan,nan,nan,Bowhead,Professional Services,nan,Medium,‚ÄúIT CROP Bowhead‚Äù,nan,nan,nan,nan,,,,,,,,,,,,,,,,,,,,,Not Queried
ITEMSS (IT Enterprise Mgmt Systems Solution),ITEMSS,Army,nan,Secret,High,$880M,nan,NCR; Guard HQs,‚ÄúEnterprise SW/IT‚Äù,MetroStar; Octo (indicative),nan,nan,CACI,IT Ops,nan,Provided,Agile developers; cybersecurity; trainers; network support,W15QKN15C0049,ITEMSS,Medium,2,,,,,,,,,,,,,,,,,,,,,Not Queried
ITES-3S,ITES-3S,Army,nan,Secret,High,$12.1B,nan,Global,‚ÄúArmy IT‚Äù,Numerous,nan,nan,135 primes,IT Ops,nan,Provided,Enterprise IT services; cyber; network ops,nan,nan,nan,nan,,,,,,,,,,,,,,,,,,,,,Not Queried
J6 Enterprise Technology Services (DLA JETS),DLA JETS,DoD,nan,"Public Trust, Secret",High,$6B,nan,Fort Belvoir; Columbus OH; Richmond VA,‚ÄúNationwide coverage‚Ä¶ Perspecta used Apex in 17 states‚Äù,Perspecta/Peraton; Apex Systems (staffing),nan,nan,Multiple (MA-IDIQ pool),IT Ops,nan,Provided,Help desk; application support; network ops; admin,nan,nan,nan,nan,,,,,,,,,,,,,,,,,,,,,Not Queried
J6 Enterprise Technology Services 2.0,DLA JETS 2.0,DoD,High,"Secret, Top Secret",High,$6B,IDIQ,CONUS + OCONUS,‚ÄúJETS 2.0‚Ä¶ cloud hosting‚Ä¶ cyber security‚Äù,"TekSynap (awardee), others",nan,"January 1, 2024 ‚Üí January 1, 2029",Multiple (IDIQ MA pool),Cyber,nan,electrosoft-inc.com citation,Network & telecom services; cyber security; PM; cloud hosting,nan,nan,nan,nan,,,,,,,,,,,,,,,,,,,,,Not Queried
JGLASS II ‚Äì Shared Services,JGLASS II,DHS,Medium,Public Trust,Medium,nan,Services,NCR,‚ÄúShared services‚Äù,nan,nan,nan,Peraton / SAIC (indicative),IT Ops,nan,Provided,Enterprise shared services; IT admin,GST0011AJ0025,JGLASS II,Medium,2,,,,,,,,,,,,,,,,,,,,,Not Queried
Joint Staff J7 Support,JS J7,DoD,nan,"Secret, TS/SCI",High,$50M,nan,Suffolk VA; Quantico VA; Ft Leavenworth,‚ÄúJoint Training; LVC; Wargaming‚Äù,SAIC; Leidos; GDIT,nan,nan,HII,C5ISR,nan,J7 TO descriptions,LVC integrators; red-cell analysts; M&S engineers; ISSO,19AQMM18C0185,JS J7,Low,0,,,,,,,,,,,,,,,,,,,,,Not Queried
Joint Tactical Ground Station Early Warning,JTAGS,Army,nan,"Secret, TS/SCI",High,nan,nan,Colorado Springs; Germany; Redondo Beach,‚ÄúJTAGS early missile warning; IR satellite‚Äù,Prime TS; others,nan,nan,Northrop (prime/sub),C5ISR,nan,Provided,SW engineers; SIGINT analysts; logistics continuity,N0001918C1037,JTAGS,Medium,2,,,,,,,,,,,,,,,,,,,,,Not Queried
Joint Tactical Ground Stations,JTAGS,Space Force,nan,TS/SCI,High,Multi-$M,nan,Colorado Springs CO; Germany,‚Äúmissile warning; JTAGS‚Äù,General Dynamics,nan,nan,Northrop Grumman,Intel,nan,‚ÄúNorthrop Programs Supported by Prime‚Äù,SW engineers; SIGINT SMEs,FA821920C0006,JTAGS,Medium,1,,,,,,,,,,,,,,,,,,,,,Not Queried
Joint Warfighting Cloud Capability,JWCC,DoD,High,"Secret, TS/SCI",High,$9B,IDIQ,DoD/IC sites,‚ÄúJWCC‚Ä¶ $9B‚Ä¶ four cloud vendors‚Äù,Integrators & cloud partners,Target,"January 1, 2022 ‚Üí January 1, 2027",AWS; Microsoft; Google; Oracle,IT Ops,nan,JWCC summary lines,Cloud migration; platform engineering; zero-trust integration,W91CRB20F0448,JWCC,High,5,,,,,,,,,,,,,,,,,,,,,Not Queried
JSP Enterprise IT,JSP,DoD,nan,TS/SCI,High,$190M,nan,Pentagon / NCR,"‚Äú22,000 users‚Ä¶ transition to DISA GSD model‚Äù",PTS (prospective),nan,nan,CACI,IT Ops,nan,JSP BD capture notes,Classified helpdesk; VTC; desktop support,47QFRA19F0011,JSP,Medium,1,,,,,,,,,,,,,,,,,,,,,Not Queried
JSP ETM (Pentagon IT),JSP ETM,DoD,nan,"Secret, TS/SCI",High,$190M,nan,Pentagon / NCR,‚ÄúJSP IT‚Ä¶ CACI incumbent‚Äù,Multiple SBs,nan,nan,CACI,IT Ops,nan,Provided,Helpdesk; classified VTC; classified desktop support,GSQ0017AJ0006,JSP ETM,Low,0,,,,,,,,,,,,,,,,,,,,,Not Queried
Justified (SAP Security),Justified,Air Force,nan,TS/SCI,Medium,nan,nan,Hanscom AFB; JBAB DC,‚ÄúJustified‚Ä¶ SAP‚Ä¶ Hanscom‚Ä¶ JBAB‚Äù,Prime TS (past performance),nan,nan,SAIC (inferred),nan,nan,Provided,SAP admins; ISSO; SAP security leads,FA877319FA023,Justified,Medium,1,,,,,,,,,,,,,,,,,,,,,Not Queried
Justified SAP Security Contract,needs-scrape,Air Force,nan,Top Secret,Medium,nan,nan,Hanscom AFB; JBAB DC,‚ÄúSAP security‚Äù; ‚ÄúHanscom‚Äù; ‚ÄúJBAB‚Äù,needs-scrape,nan,nan,needs-scrape,Cyber,nan,Provided,Program security; ISSO roles,nan,nan,nan,nan,,,,,,,,,,,,,,,,,,,,,Not Queried
Justified SAP Security Contract (Hanscom/Bolling),needs-scrape,Air Force,nan,TS/SCI,Medium,nan,nan,Hanscom AFB; JBAB DC,"‚ÄúSAP‚Äù, ‚ÄúSecurity‚Äù, ‚ÄúHanscom‚Äù, ‚ÄúBolling‚Äù",SAIC,nan,nan,Booz Allen Hamilton,Cyber,nan,Hiring trend heatmap,SAP Security Engineer; ISSO; ISSM,47QFCA21F0018,needs-scrape,Low,0,,,,,,,,,,,,,,,,,,,,,Not Queried
JWCC ‚Äì ATAT Expansion Path,JWCC,DISA,Medium,TS/SCI,Medium,$9B,IDIQ,Global DoD; CCPO,‚ÄúCCPO expanding scope to integrate JWCC into ATAT‚Äù,Five Star (potential support),nan,"January 1, 2023 ‚Üí January 1, 2028",AWS; Microsoft; Google; Oracle,IT Ops,nan,Provided text,Cloud integration leads; policy enforcement; multi-cloud operations,W91CRB20F0448,JWCC,High,4,,,,,,,,,,,,,,,,,,,,,Not Queried
Kennedy Space Center BOSS,KSC BOSS,NASA,nan,"Public Trust, Secret",Medium,nan,nan,Kennedy Space Center FL,‚ÄúBase ops support‚Äù,Multiple,nan,nan,Jacobs / Amentum (past),IT Ops,nan,Provided,Facility operations; IT ops,NNK13MA14C,KSC BOSS,High,5,,,,,,,,,,,,,,,,,,,,,Not Queried
LANL/NNSA VTC Engineering Support,LANL VTC,NSA,nan,Top Secret,High,nan,nan,Los Alamos NM,‚ÄúLANL‚Ä¶ Q clearance‚Ä¶ TEKsystems listing‚Äù,TEKsystems,nan,nan,GDIT,IT Ops,nan,Verified job postings,VTC engineers; AV technicians; unified comms,19AQMM18C0185,LANL VTC,Medium,2,,,,,,,,,,,,,,,,,,,,,Not Queried
LANL/NNSA VTC Support,nan,NSA,nan,Top Secret,High,nan,nan,Los Alamos NM,‚ÄúLANL‚Ä¶ Q clearance‚Ä¶ GDIT + TEKsystems listing‚Äù,TEKsystems,nan,nan,GDIT,IT Ops,nan,Verified job references,VTC engineer; unified comms; AV/telepresence,19AQMM18C0185,nan,Medium,2,,,,,,,,,,,,,,,,,,,,,Not Queried
LATERALUS (IC Space ISR),LATERALUS,NSA,nan,TS/SCI w/ Poly,High,$100M,nan,CO / NoVA SCIFs,‚ÄúSpace ISR‚Ä¶ classified‚Ä¶ Raytheon prime‚Äù,nan,nan,nan,Raytheon,Intel,nan,Provided,Satellite ops engineers; intel analysts; O&M staff,N0001918C1021,LATERALUS,Low,0,,,,,,,,,,,,,,,,,,,,,Not Queried
LATERALUS (Space ISR),LATERALUS,NSA,nan,TS/SCI w/ Poly,Medium,nan,nan,CO / NoVA,‚ÄúSpace ISR ground ops‚Äù,Leidos; CACI; Parsons (indicative),nan,nan,Raytheon,Intel,nan,Provided,O&M staff; sysadmins; intel exploitation analysts,N0001918C1021,LATERALUS,Low,0,,,,,,,,,,,,,,,,,,,,,Not Queried
LOGCAP V,LOGCAP V,Army,nan,"Public Trust, Secret",Medium,$82B,nan,Global theaters,‚ÄúLOGCAP V‚Ä¶ global subcontractor networks‚Äù,Large sub-networks globally,nan,nan,KBR; V2X; Fluor; Amentum,Logistics,nan,Provided,Base ops; supply; transportation; life support,W52P1J19F0394,LOGCAP V,High,6,,,,,,,,,,,,,,,,,,,,,Not Queried
Logistics Civil Augmentation Program V (duplicate entry),LOGCAP V,Army,nan,"Public Trust, Secret",Medium,$82B,nan,Global,‚ÄúLOGCAP V‚Ä¶ global subcontractor networks‚Äù,Large local networks,nan,nan,KBR; V2X; Fluor; Amentum,Logistics,nan,Provided,Base ops; supply; facilities,W52P1J19F0394,LOGCAP V,High,8,,,,,,,,,,,,,,,,,,,,,Not Queried
LRAAM (Long Range AAM),LRAAM,Air Force,Medium,Secret,Medium,nan,R&D,Tucson AZ,‚ÄúLong-range AAM‚Äù,Northrop,Target,nan,Raytheon (indicative),Weapon Systems,nan,Row text,AAM engineers; missile systems developers,FA861108C2896,LRAAM,Medium,2,,,,,,,,,,,,,,,,,,,,,Not Queried
Managed IT Services (USTRANSCOM),MITS,DoD,nan,"Secret, Top Secret",Medium,$150M,nan,Scott AFB IL,‚ÄúEnterprise IT; USTRANSCOM‚Äù,TEKsystems; Apex (indicative),nan,nan,SAIC,IT Ops,nan,Provided,Service desk; admins; cyber analysts,FA251822F0034,MITS,Medium,1,,,,,,,,,,,,,,,,,,,,,Not Queried
Marine Corps Enterprise Network,MCEN,Marines,nan,Secret,Medium,nan,nan,Marine bases,‚ÄúUSMC network‚Äù,nan,nan,nan,Leidos / GDIT,IT Ops,nan,Provided,NetOps; cyber; enterprise IT technicians,19AQMM18C0185,MCEN,Low,0,,,,,,,,,,,,,,,,,,,,,Not Queried
Mark 48 Heavyweight Torpedo,Mk-48,Navy,nan,Secret,Low,nan,nan,Middletown RI; Navy weapons centers,‚ÄúMark-48 Torpedo‚Äù,nan,nan,nan,Raytheon (indicative),Weapon Systems,nan,Provided,Systems/seeker engineering; test; manufacturing,N0002422C5500,Mk-48,Medium,2,,,,,,,,,,,,,,,,,,,,,Not Queried
Mark-48 Torpedo (sub-program reference),Mark-48,Navy,Medium,Secret,Medium,nan,Program,NSWC Crane; NSWC Newport; Middletown RI,‚ÄúMark-48 Torpedo‚Ä¶‚Äù,nan,nan,nan,Raytheon (indicative),Weapon Systems,nan,High,Torpedo assembly; electronics,N0002422C5500,Mark-48,Medium,2,,,,,,,,,,,,,,,,,,,,,Not Queried
MDA Tactical Embedded Systems,nan,MDA,Medium,Secret,Medium,nan,Program,"Redstone Arsenal, Huntsville AL",‚ÄúInsight Global job HSV-795802‚Ä¶ tactical embedded SW‚Ä¶ MDA domain‚Äù,Insight Global,Target,nan,Northrop Grumman,Weapon Systems,nan,High,Embedded SW engineers; C++; tactical missile SW,HQ085621C0003,nan,Medium,2,,,,,,,,,,,,,,,,,,,,,Not Queried
MHS GENESIS (DHMSM),DHMSM,DoD,nan,Secret,Medium,$4.3B,nan,NCR; San Antonio; Remote,"‚ÄúMHS GENESIS, DHA, Electronic Health Record‚Äù",Cerner; Accenture Federal,nan,nan,Leidos,Health IT,nan,Provided text,Clinical trainer; IT support; workflow analyst; EHR migration,HHSN261200800001E,DHMSM,Low,0,,,,,,,,,,,,,,,,,,,,,Not Queried
MHS GENESIS / Leidos Partnership for Defense Health,LPDH,DoD,nan,"Public Trust, Secret",Medium,nan,nan,MHS sites CONUS / OCONUS,‚ÄúTraining and go-live support; clinical IT support‚Äù,nan,nan,nan,Leidos,IT Ops,nan,Provided,Clinical help desk; applications support; site support technicians,HHSN261200800001E,LPDH,Low,0,,,,,,,,,,,,,,,,,,,,,Not Queried
Mission Partner Environment,MPE,DoD,nan,"Secret, TS/SCI",High,$5.6B,nan,Global coalition sites,‚ÄúMPE replacing BICES; $5.6B; Capgemini team‚Äù,Capgemini + 7 BPA partners,nan,nan,GDIT,C5ISR,nan,Provided,Coalition network engineers; CDS admins; field support teams,19AQMM18C0185,MPE,Medium,1,,,,,,,,,,,,,,,,,,,,,Not Queried
Mission Partner Environment (Field Ops / MPCO),MPE / MPCO,Air Force,Medium,Secret,Medium,nan,Multi-Year,Secret ‚Üí TS/SCI,C5ISR / IT Ops,nan,Target,nan,GDIT,Professional Services,nan,Medium,‚ÄúGlobal coalition network mission (MPE)‚Äù,19AQMM18C0185,MPE / MPCO,Low,0,,,,,,,,,,,,,,,,,,,,,Not Queried
Mission Partner Environment (successor to BICES),MPE,DoD,nan,"Secret, TS/SCI",High,$5.6B,nan,Global (coalition networks),‚ÄúMPE replaces BICES‚Ä¶ $5.6B‚Ä¶ GDIT + Capgemini team‚Äù,Capgemini + 7 BPA teammates,nan,nan,GDIT,C5ISR,nan,Successor contract description,Coalition network engineers; CDS administrators; field support teams,19AQMM18C0185,MPE,Medium,2,,,,,,,,,,,,,,,,,,,,,Not Queried
Modular Open Systems Approach,MOSA,Space Force,nan,Secret,Medium,nan,nan,National Harbor MD; US Army programs,‚ÄúMOSA & Space Industry Summit‚Ä¶ OPENSIG‚Äù,CACI; SAIC; Northrop,nan,nan,Multiple primes,R&D,nan,Provided,Chief engineers; PMs; open-architecture developers,nan,nan,nan,nan,,,,,,,,,,,,,,,,,,,,,Not Queried
MOJAVE / ACADIA,nan,NGA,nan,TS/SCI w/ Poly,Medium,nan,nan,Springfield VA; St. Louis MO,‚ÄúNGA MOJAVE & ACADIA‚Ä¶ TS/SCI + poly‚Äù,nan,nan,nan,CACI (indicative),Intel,nan,Provided reference,Cloud engineer; data pipeline; GEOINT analyst,47QFCA20F0010,nan,Medium,1,,,,,,,,,,,,,,,,,,,,,Not Queried
MPCO VMOD (Voice Modernization),VMOD,Army,Medium,Secret,Medium,$382M,Task Order,CONUS Army posts,‚ÄúVoice modernization‚Äù,Black Box,nan,"January 1, 2023 ‚Üí January 1, 2028",CACI (indicative),IT Ops,nan,Provided,Voice engineers; telecom modernization,W15QKN15C0049,VMOD,Medium,2,,,,,,,,,,,,,,,,,,,,,Not Queried
MSS Smart Systems (Palantir contract),MSS,Army,nan,TS/SCI,Low,nan,nan,Classified CONUS/OCONUS,‚ÄúPalantir‚Ä¶ Smart Systems‚Ä¶ classified customer‚Äù,nan,nan,nan,Palantir,Intel,nan,Provided,Data engineers; Palantir platform engineers; intel analysts; field support,W911QX24F0113,MSS,High,6,,,,,,,,,,,,,,,,,,,,,Not Queried
Multi-Mission Command & Control,M2C2,MDA,nan,"Secret, TS/SCI",Medium,nan,nan,Aurora CO; Huntsville AL; Colorado Springs CO,‚ÄúM2C2‚Ä¶ C2 development‚Ä¶ LM/Raytheon‚Äù,nan,nan,nan,Lockheed Martin / Raytheon,C5ISR,nan,Provided,C2 SW dev; embedded SW; Linux; systems engineering,N0001902C3002,M2C2,Medium,1,,,,,,,,,,,,,,,,,,,,,Not Queried
NARSIL,NARSIL,DoD,nan,Secret,Medium,nan,nan,TS/SCI,Intel / IT Ops,nan,nan,nan,Peraton (indicative),Professional Services,nan,High,‚ÄúHigh-value IDIQ‚Ä¶ Peraton NARSIL‚Äù,47QFCA19F0033,NARSIL,Medium,1,,,,,,,,,,,,,,,,,,,,,Not Queried
NARSIL ‚Äì Advanced Research for System Intelligence & Learning,NARSIL,IC,üü† High,"Polygraph, TS/SCI, TS/SCI w/ Poly",Medium,nan,R&D,NCR; Dayton OH (indicative),‚ÄúPeraton NARSIL‚Äù; ‚ÄúNASIC/IC ML/AI research‚Äù,nan,Target,nan,Peraton,Intel,nan,User portfolio references,Data scientists; SW engineers; ML/AI researchers; systems engineers,80GSFC19C0063,NARSIL,Medium,1,,,,,,,,,,,,,,,,,,,,,Not Queried
NASA Enterprise Service Support Technology,NESST,NASA,Low,"Public Trust, Secret",Low,nan,Services,NASA centers,‚ÄúNASA IT‚Äù,nan,nan,nan,SAIC / Leidos (indicative),IT Ops,nan,Provided,EUS support; deskside; enterprise IT,NNJ09HD46C,NESST,Medium,2,,,,,,,,,,,,,,,,,,,,,Not Queried
NASA SENSE (Space Comms & Tracking),SENSE,NASA,nan,Secret,Medium,$1.8B,nan,Near-Earth network (TDRS),‚ÄúPeraton Awarded $1.8B NASA SENSE‚Äù,All Points,nan,nan,Peraton,IT Ops,nan,High,Network ops; RF; sustainment,80GSFC19C0063,SENSE,High,4,,,,,,,,,,,,,,,,,,,,,Not Queried
NASA SEWP,SEWP,NASA,nan,"Public Trust, Secret",Medium,nan,nan,Nationwide,‚ÄúSEWP cited as GWAC example‚Äù,IT resellers & integrators,nan,nan,Multiple,IT Ops,nan,Provided,Hardware/software procurement; IT services; cloud,nan,nan,nan,nan,,,,,,,,,,,,,,,,,,,,,Not Queried
NASA Space Network Evolution,SENSE,NASA,nan,Secret,High,$1.8B,nan,NASA SCaN Global,‚ÄúNear-Earth comms; SENSE; TDRS‚Äù,All Points,nan,nan,Peraton,C5ISR,nan,Provided,Satellite comm engineers; network technicians,80GSFC19C0063,SENSE,High,5,,,,,,,,,,,,,,,,,,,,,Not Queried
NASIC Radar Analysis Program,NASIC Radar,Air Force,nan,Top Secret,Medium,nan,nan,Beavercreek OH,‚ÄúTS Radar Engineer ‚Äì NASIC ‚Äì Beavercreek OH‚Äù,nan,nan,nan,Ball Aerospace,Intel,nan,Provided,Radar engineers; data analysts,nan,nan,nan,nan,,,,,,,,,,,,,,,,,,,,,Not Queried
NAVAIR Flight Operations Support,NAVAIR Flight Ops,Navy,nan,Secret,Medium,nan,nan,Pax River MD,‚ÄúNAVAIR Flight Ops ‚Äì Pax River‚Äù,nan,nan,nan,Vertex Aerospace,IT Ops,nan,Provided,Flight ops analysts; schedulers; IT support,NNK13MA14C,NAVAIR Flight Ops,Medium,1,,,,,,,,,,,,,,,,,,,,,Not Queried
Navy Aegis Combat System Modernization,AEGIS,Navy,nan,Secret,Medium,nan,nan,Dahlgren VA; Moorestown NJ; shipyards,‚ÄúAegis‚Äù; ‚ÄúCombat System‚Äù; ‚ÄúModernization‚Äù,nan,nan,nan,Lockheed Martin,C5ISR,nan,Top DoD-program reference set,Systems engineers; combat system SW devs; integration & test,N0001917C0001,AEGIS,Medium,1,,,,,,,,,,,,,,,,,,,,,Not Queried
Navy Enterprise Service Desk,NESD,Navy,nan,Secret,Medium,$2.5B,nan,Norfolk VA; San Diego CA; distributed Navy NOCs,"‚ÄúNESD, Navy Helpdesk, Enterprise IT‚Äù",Perspecta; SAIC,nan,nan,Leidos,IT Ops,nan,NESD job-posting context & NGEN-related notes,Tier 1‚Äì3 service desk; Navy help desk; desktop support,89243318CFE000003,NESD,Medium,1,,,,,,,,,,,,,,,,,,,,,Not Queried
Next Generation Interceptor,NGI,MDA,nan,"Secret, TS/SCI",High,$13B,nan,Huntsville AL; Promontory UT; test ranges,‚ÄúInterceptor Development‚Äù; ‚ÄúMissile Defense‚Äù,Raytheon; Aerojet Rocketdyne,nan,nan,Northrop Grumman & Boeing,R&D,nan,GBSD Notebook; NGI BD references,MBSE; Propulsion/Flight Eng; Missile Systems Eng; GNC,HQ085621C0003,NGI,High,11,,,,,,,,,,,,,,,,,,,,,Not Queried
NextGen GEO (Network/Ops),NGG,Space Force,nan,"Secret, TS/SCI",High,nan,nan,Boulder CO,"‚ÄúOPIR, STIG, RMF; NextGen GEO ops‚Äù",nan,nan,nan,Northrop Grumman,C5ISR,nan,GEO Ops job description,Network Eng; SysAdmin; Field Tech,FA881018C0006,NGG,Medium,1,,,,,,,,,,,,,,,,,,,,,Not Queried
Next-Gen OPIR (Ground + Payload),Next-Gen OPIR,Space Force,Medium,TS/SCI,Medium,Multi-$B,Production,El Segundo CA; Colorado Springs CO,"‚ÄúSpace C2, Missile Warning‚Äù",Multiple (needs-scrape),nan,nan,Northrop Grumman,C5ISR,nan,OPIR workforce analysis,Payload SW/SE; Ground Ops; Data Exploitation,FA881018C0006,Next-Gen OPIR,High,4,,,,,,,,,,,,,,,,,,,,,Not Queried
Next-Generation Overhead Persistent Infrared,NG OPIR (classified),Space Force,Medium,TS/SCI,Medium,nan,CLASSIFIED SPACE PROGRAM,SSC / Los Angeles; Colorado Springs,‚ÄúClassified satellite program; TS/SCI engineers‚Äù,nan,Target,nan,Northrop Grumman,Space,nan,Provided notes,Payload Eng; Ground Systems; Space Sensor Dev,FA881018C0006,NG OPIR (classified),High,5,,,,,,,,,,,,,,,,,,,,,Not Queried
NGA Enterprise Engineering,NEE,NGA,nan,TS/SCI,Medium,$824M,nan,Springfield VA; St. Louis MO,‚ÄúNGA NEE $824M‚Äù,nan,nan,nan,Peraton (Perspecta heritage),Intel,nan,High,Cloud engineers; enterprise architects; GEOINT IT,80GSFC19C0063,NEE,Medium,1,,,,,,,,,,,,,,,,,,,,,Not Queried
NGA Enterprise IT Modernization ‚Äì MOJAVE / ACADIA,MOJAVE / ACADIA,NGA,nan,TS/SCI w/ Poly,Medium,$500M,nan,Springfield VA; St. Louis MO,‚ÄúNGA MOJAVE & ACADIA‚Ä¶ TS/SCI & poly‚Äù,nan,nan,nan,CACI,Intel,nan,Provided,Cloud engineers; data pipeline; GEOINT analysts,47QFRA19F0011,MOJAVE / ACADIA,Medium,2,,,,,,,,,,,,,,,,,,,,,Not Queried
NGEN-R ‚Äî Enterprise Network Program,NGEN-R,Navy,nan,Secret,High,$7.7B,nan,Norfolk; San Diego; global Navy/USMC,‚ÄúNMCI; Navy/USMC enterprise IT‚Äù,Apex Systems; Insight Global,nan,nan,Leidos,IT Ops,nan,Provided,Help desk; field tech; network admin,HHSN261200800001E,NGEN-R,Low,0,,,,,,,,,,,,,,,,,,,,,Not Queried
"NGEN-R SMIT ‚Äì Navy Next Generation Enterprise Network (Service Management, Integration & Transport)",NGEN-R SMIT,Navy,nan,"Public Trust, Secret, Top Secret",High,$7.7B,nan,Norfolk VA; San Diego CA; Hawaii; global Navy/USMC bases (CONUS/OCONUS),"‚ÄúNMCI follow-on‚Äù; ‚Äúenterprise network services for 400k+ users‚Äù; ‚Äúheavy use of subcontracted staff (Apex, Insight Global) for help desks and field tech support‚Äù; ‚Äúbase-level IT roles at Cherry Point, Camp Lejeune, etc.‚Äù",Perspecta/Peraton; IBM; Verizon; Apex Systems; Insight Global,nan,nan,Leidos,IT Ops,nan,Consolidated from all NGEN-R SMIT rows in this batch,Tier 1‚Äì2 help desk; desktop support; field technicians; network/sys admins; NetOps; cyber support,89243318CFE000003,NGEN-R SMIT,Medium,1,,,,,,,,,,,,,,,,,,,,,Not Queried
NGEN-R SMIT (Already normalized ‚Äî link-only reference row),NGEN-R SMIT,Navy,nan,Secret,High,$7.7B,nan,Navy/USMC worldwide,(Already normalized master row),"Apex, Insight Global, Peraton, IBM, Verizon",nan,nan,Leidos,IT Ops,nan,Reference pointer,Enterprise IT; help desk; NetOps; cyber,HHSN261200800001E,NGEN-R SMIT,Low,0,,,,,,,,,,,,,,,,,,,,,Not Queried
NGOPIR / NGG / NGOPIR (already normalized ‚Äî link row),nan,Space Force,nan,TS/SCI,High,Multi-$B,nan,SSC; Colorado Springs,(See Batch 1),multiple,nan,nan,Northrop Grumman,C5ISR,nan,reference pointer,Space payloads; C2; missile-warning exploitation,FA821920C0006,nan,Low,0,,,,,,,,,,,,,,,,,,,,,Not Queried
NORAD/NORTHCOM IT Infrastructure Support (NISSC II),NISSC II,Air Force,nan,TS/SCI w/ Poly,High,$455M,nan,Peterson SFB CO; Cheyenne Mountain CO; Offutt AFB NE; Vandenberg CA,‚ÄúHigh-security ops centers (Cheyenne Mountain)‚Ä¶ 24/7 operations‚Äù; ‚Äúlimited big staffing-firm presence but some help-desk/sysadmin subcontracting‚Äù,NOVA-Din√© (tribal SB); limited other subs (TS/SCI constrained),nan,nan,Jacobs,C5ISR,nan,Consolidated from all NISSC II rows in this batch,24√ó7 help desk; systems admins; ISSOs; network/security ops; missile-warning IT support,NNK13MA14C,NISSC II,Medium,1,,,,,,,,,,,,,,,,,,,,,Not Queried
NRO Ground Systems DevOps (Seal Beach),nan,NRO,nan,TS/SCI w/ Poly,Medium,nan,nan,Seal Beach CA,‚ÄúNRO Ground Systems DevOps‚Ä¶ TS/SCI w/ poly‚Ä¶ Seal Beach‚Äù,nan,nan,nan,Boeing,Intel,nan,Row text,DevOps engineers; CI/CD & infra automation for NRO ground systems,FA821920C0006,nan,Medium,2,,,,,,,,,,,,,,,,,,,,,Not Queried
NTT Applications & BPS Support,nan,DoD,nan,"Public Trust, Secret",Medium,nan,nan,Texas; remote CONUS,‚ÄúNTT Data‚Äù; ‚ÄúApplications‚Äù; ‚ÄúBPS Tech Stack‚Äù,nan,nan,nan,NTT DATA,IT Ops,nan,NTT Tech Stack document,Application engineers; business analysts; apps/BPS support,HHSN316201500016W,nan,Low,0,,,,,,,,,,,,,,,,,,,,,Not Queried
NTT DATA Enterprise Architecture (BPS / Apps),nan,DoD,nan,"Public Trust, Secret",Medium,nan,nan,U.S. ‚Äì Heredia CR; Atlanta GA; remote,‚ÄúEnterprise Architect‚Äù; ‚ÄúBPS‚Äù; ‚ÄúNTT DATA Digital‚Äù,nan,nan,nan,NTT DATA,Consulting,nan,NTT BPS/Apps Tech-Stack docs,"Enterprise architects; solution architects (BPS, applications)",HHSN316201500016W,nan,Low,0,,,,,,,,,,,,,,,,,,,,,Not Queried
OASIS+ Multi-Agency Services,OASIS+,DoD,Medium,"Public Trust, Secret, Top Secret",Medium,Multi-$B,GWAC,Nationwide,‚ÄúOASIS+‚Ä¶ multi-agency professional services‚Äù,Engineering + professional services SB teams,Target,nan,Multi-award primes,Professional Services,nan,GSA references,Eng services; PM; acquisition; R&D; analysis,nan,nan,nan,nan,,,,,,,,,,,,,,,,,,,,,Not Queried
OASIS+ Services (Already normalized),OASIS+,DoD,Medium,"Public Trust, Top Secret",Medium,Multi-$B,GWAC,Nationwide,OASIS+,multiples,nan,nan,multiples,Professional Services,nan,Pointer,Eng/Prof services,nan,nan,nan,nan,,,,,,,,,,,,,,,,,,,,,Not Queried
OUSD(A&S) Professional Support Services,OUSD(A&S) PSS,DoD,nan,"Public Trust, Secret",Medium,$116.7M,nan,Pentagon; Mark Center; Crystal City,‚ÄúLMI‚Ä¶ $116.7M‚Ä¶ admin & analytic support‚Äù,SB surge partners,nan,nan,LMI,Professional Services,nan,OUSD(A&S) description,Admin assistants; analysts; PM support,N0001917C0001,OUSD(A&S) PSS,Low,0,,,,,,,,,,,,,,,,,,,,,Not Queried
OUSD(P&R) PRISM (Consolidated),PRISM,DoD,nan,"Public Trust, Secret",High,$1.8B,nan,Pentagon / NCR / CONUS,‚ÄúPRISM IDIQ‚Äù; ‚Äúsurge staffing‚Äù,Many teaming partners,nan,nan,"11 primes (CTC, SAIC, Booz Allen, ManTech‚Ä¶)",Professional Services,nan,Consolidated from all PRISM rows,Analysts; trainers; HR support; admin,47QFCA21F0018,PRISM,Medium,1,,,,,,,,,,,,,,,,,,,,,Not Queried
